frame,u,v,xmin,ymin,xmax,ymax
1,0.7519454,0.8925147,438.58606,216.41559,523.90405,321.3053
1,0.40128413,0.6611892,236.78964,131.0611,276.85403,238.0281
1,0.24631023,0.88864315,117.737595,219.54434,197.5395,319.91153
1,0.50680494,0.6716017,297.9947,122.96817,350.71564,241.77661
1,0.5819807,0.7770862,348.43848,166.21866,396.49683,279.75104
1,0.6322318,0.66190934,385.58847,130.3017,423.66818,238.28735
1,0.5019731,0.9007723,283.8013,233.97638,358.72427,324.278
1,0.05571105,0.68592167,24.455166,135.85684,46.854977,246.9318
1,0.7383285,0.7253791,454.30124,170.86172,490.75925,261.13647
1,0.9885336,0.5313349,625.49097,89.81187,639.83203,191.28055
1,0.4925248,1.0,302.93884,344.50677,327.49292,360.0
1,0.7614376,0.7273312,454.547,172.32715,520.09314,261.83923
1,0.51364595,0.33114606,318.96375,74.49431,338.50305,119.212585
2,0.75201505,0.8925269,438.61395,216.40944,523.96533,321.3097
2,0.24630089,0.88862777,117.73938,219.55055,197.52576,319.906
2,0.40129977,0.6610969,236.81137,130.94983,276.85233,237.99487
2,0.5066661,0.6718034,297.93195,124.76317,350.6007,241.84923
2,0.58218974,0.7770036,348.7343,166.29443,396.46857,279.72128
2,0.63211626,0.6605955,384.1507,129.0643,424.95813,237.81436
2,0.5020235,0.9007161,283.8393,234.53589,358.7508,324.2578
2,0.05570345,0.686306,24.455147,136.08633,46.84527,247.07016
2,0.73873407,0.72499627,454.33685,170.82501,491.24274,260.99866
2,0.9885395,0.5313334,625.49805,89.8817,639.8325,191.28001
2,0.49250928,1.0,302.92416,344.51093,327.4877,360.0
3,0.75152695,0.89125705,438.50592,216.62463,523.44855,320.85254
3,0.24628949,0.88863176,117.74111,219.52579,197.50943,319.90744
3,0.40137023,0.66120243,236.92017,130.96043,276.83374,238.03288
3,0.50601304,0.67178786,297.9475,130.78003,349.7492,241.84363
3,0.58188266,0.77702934,348.16693,166.39523,396.64288,279.73056
3,0.6318676,0.65975976,383.4536,128.85611,425.3369,237.51352
3,0.5022942,0.90084875,283.79382,235.05785,359.1427,324.30554
3,0.055722557,0.68642324,24.449135,135.83899,46.87574,247.11237
3,0.9877022,0.5311814,624.42267,89.75381,639.8361,191.22531
3,0.49276382,1.0,303.24402,344.46924,327.49365,360.0
3,0.7388941,0.7243448,454.3871,170.86316,491.39734,260.76413
3,0.7616866,0.72777337,454.90497,171.9107,520.0539,261.9984
3,0.5140408,0.33127722,318.98566,74.586395,338.98663,119.259796
4,0.75198597,0.89251184,438.64362,216.37154,523.89844,321.30426
4,0.24632463,0.88869476,117.73868,219.52238,197.55685,319.9301
4,0.4015414,0.66124505,236.96664,131.05807,277.00638,238.04822
4,0.50573796,0.6718096,297.96344,132.32454,349.38116,241.85146
4,0.58194715,0.7768234,348.44724,166.39188,396.4451,279.65643
4,0.63139594,0.6581596,383.78232,128.97073,424.4045,236.93747
4,0.5024575,0.90084517,283.59717,234.66132,359.54846,324.30426
4,0.05570835,0.68623954,24.419748,135.83871,46.88694,247.04623
4,0.98769855,0.53133273,624.41846,89.410095,639.8357,191.27979
4,0.7385578,0.7245258,454.35373,170.81711,491.00027,260.82928
4,0.4927369,1.0,303.1961,344.46918,327.50714,360.0
4,0.514139,0.33223987,318.94534,74.74646,339.15256,119.60635
4,0.51791793,0.4762046,313.71225,122.45209,349.2227,171.43365
4,0.761377,0.72765666,454.77472,172.01205,519.78784,261.9564
5,0.7520825,0.8924806,438.57416,216.46991,524.0915,321.29303
5,0.2463344,0.8886583,117.767365,219.54114,197.54068,319.917
5,0.40155903,0.6612122,236.96869,131.07295,277.02686,238.03639
5,0.5061922,0.66952574,298.05212,139.76962,349.8739,241.02927
5,0.58231753,0.7764891,349.216,166.48892,396.15045,279.53607
5,0.50231594,0.90093076,283.5447,234.83522,359.4197,324.33508
5,0.6281878,0.6578839,382.49197,129.20856,421.5884,236.8382
5,0.9869577,0.5323073,623.44037,87.7101,639.86554,191.63063
5,0.7379727,0.7245279,454.36633,170.79953,490.2387,260.83005
5,0.055534042,0.68435585,24.178972,136.00421,46.904602,246.3681
5,0.51417774,0.33243158,318.76996,74.87001,339.37756,119.67537
5,0.4927229,1.0,303.1856,344.47458,327.4997,360.0
5,0.7613266,0.7276332,454.79565,172.04865,519.7024,261.94794
6,0.7522981,0.8925137,438.69458,216.46582,524.247,321.30493
6,0.24632196,0.8886451,117.75545,219.58449,197.53667,319.91223
6,0.4015812,0.6612162,236.99976,131.1367,277.02417,238.03783
6,0.5059116,0.6694012,298.07574,142.41692,349.4911,240.98445
6,0.5831939,0.7763051,350.24084,167.01584,396.2473,279.46982
6,0.50254154,0.90095097,283.55286,233.72046,359.70032,324.34235
6,0.62672794,0.65938807,380.23032,127.965515,421.9814,237.3797
6,0.98681384,0.53251624,623.2542,87.35648,639.8675,191.70584
6,0.73841655,0.7246806,454.29028,170.7602,490.88293,260.885
6,0.055548955,0.6839517,24.181292,135.85883,46.92137,246.2226
6,0.5207678,0.46926838,316.07166,121.07178,350.5111,168.93661
6,0.5145346,0.33244497,318.65173,74.92154,339.9525,119.68019
6,0.49295744,1.0,303.4708,344.5122,327.51474,360.0
7,0.75256,0.8924581,438.89435,216.4795,524.3825,321.2849
7,0.24634969,0.8887227,117.753845,219.59459,197.57376,319.9402
7,0.5055941,0.6690795,298.03937,142.23526,349.12103,240.86862
7,0.4016583,0.661176,237.06113,131.29446,277.0615,238.02338
7,0.5828611,0.77662015,349.82166,166.21423,396.2406,279.58325
7,0.62533057,0.65853137,379.208,128.01526,421.2151,237.07129
7,0.5025342,0.9011912,283.50003,232.15346,359.74374,324.42883
7,0.986849,0.53249645,623.2987,87.46681,639.86804,191.69872
7,0.73862064,0.7245054,454.24557,170.74768,491.18887,260.82196
7,0.05570236,0.6857193,24.41864,135.6651,46.88038,246.85895
7,0.51449716,0.33236977,318.56174,74.75896,339.99466,119.65312
7,0.49275392,1.0,303.2028,344.52335,327.52225,360.0
7,0.52317965,0.46941978,317.60052,122.80496,352.0694,168.99112
8,0.75213295,0.89267546,438.67993,216.29547,524.05023,321.36316
8,0.24633035,0.8886532,117.759766,219.65526,197.54309,319.91516
8,0.50578165,0.6692158,298.05023,141.70084,349.35028,240.9177
8,0.40217534,0.66083884,237.31166,131.84448,277.47278,237.90198
8,0.58365756,0.7762915,350.8529,167.09225,396.22876,279.46494
8,0.50286734,0.90103346,283.51855,232.88364,360.15167,324.37204
8,0.62091815,0.6572454,377.3767,128.40099,417.3985,236.60835
8,0.055696588,0.68593097,24.441883,135.61755,46.84975,246.93515
8,0.9870098,0.53263545,623.5021,88.64336,639.8705,191.74876
8,0.7388719,0.7235249,454.46753,170.70908,491.28845,260.46896
8,0.49273676,1.0,303.1922,344.51883,327.51086,360.0
8,0.5144304,0.33217362,318.64935,74.78424,339.8216,119.582504
9,0.5053282,0.6692419,298.025,141.98013,348.79507,240.9271
9,0.7524991,0.8926093,438.69238,216.3739,524.5065,321.33936
9,0.24634238,0.8886835,117.74587,219.63889,197.57236,319.92606
9,0.40249047,0.6609084,237.37036,132.021,277.81744,237.92703
9,0.6173556,0.66045177,376.46234,128.83087,413.7528,237.76263
9,0.58326185,0.7763772,350.48108,166.38495,396.09412,279.4958
9,0.5029728,0.9009205,283.4129,232.32468,360.39227,324.3314
9,0.055701472,0.6862805,24.44698,135.53918,46.850903,247.06097
9,0.7381837,0.7241077,454.06317,170.58755,490.81195,260.67877
9,0.98695403,0.5326529,623.43164,88.84392,639.8695,191.75505
9,0.49256945,1.0,303.00842,344.4811,327.48047,360.0
9,0.51465017,0.3324306,318.66315,74.81789,340.08905,119.67502
9,0.64287055,0.59397924,399.4875,129.5497,423.38678,213.83253
10,0.5050888,0.66901577,298.06796,141.59586,348.4457,240.84567
10,0.7524067,0.8926861,438.62225,216.41162,524.4583,321.367
10,0.24633165,0.88868594,117.73363,219.6424,197.57088,319.92694
10,0.4026696,0.66070783,237.32724,132.15277,278.08987,237.85483
10,0.5830537,0.77631474,350.18115,166.27307,396.12756,279.4733
10,0.5023575,0.9008161,282.76074,232.10934,360.25684,324.2938
10,0.6146754,0.6621359,375.06708,131.53964,411.71747,238.36893
10,0.64085037,0.5862037,398.93506,129.21661,421.3534,211.03333
10,0.05571896,0.6863098,24.440016,135.47089,46.88025,247.07153
10,0.98701155,0.53257245,623.5046,88.85672,639.8702,191.72607
10,0.738904,0.7239467,454.00653,170.62701,491.7906,260.62082
10,0.5146969,0.33245802,318.74133,74.7513,340.07068,119.68489
10,0.49257946,1.0,303.0262,344.47443,327.4755,360.0
10,0.7609931,0.72775424,454.59045,171.42435,519.4807,261.99152
11,0.5054997,0.6684713,298.17007,141.4595,348.8696,240.64966
11,0.7519388,0.8926761,438.52295,216.30383,523.95874,321.3634
11,0.24632207,0.88867813,117.73342,219.65143,197.5588,319.92413
11,0.40275568,0.6606646,237.35742,132.20743,278.16986,237.83926
11,0.5832057,0.77650017,350.14722,166.7934,396.35608,279.54007
11,0.49998704,0.9012226,281.0038,233.03532,358.97958,324.44012
11,0.6141693,0.660412,374.4665,130.82156,411.67023,237.74832
11,0.6390816,0.5866807,397.1789,130.31325,420.84558,211.20506
11,0.055693902,0.6862984,24.449707,135.43112,46.838486,247.06741
11,0.7385759,0.7246344,454.23105,170.68094,491.1461,260.86838
11,0.9881388,0.53150964,624.96765,89.37323,639.85,191.34348
11,0.49258393,1.0,303.03754,344.46005,327.4699,360.0
11,0.5148918,0.33236882,318.83154,74.86612,340.22998,119.65277
12,0.5074212,0.6680274,298.13165,141.97388,351.3675,240.48987
12,0.7520779,0.8927236,438.5376,216.47032,524.1221,321.3805
12,0.24632192,0.8887224,117.737,219.66283,197.55505,319.94006
12,0.402083,0.66128665,236.8601,131.9444,277.80615,238.0632
12,0.5796551,0.7769309,345.64658,166.2944,396.31198,279.69513
12,0.4980777,0.8989476,279.33087,231.16953,358.20856,323.62112
12,0.6122135,0.659159,374.10742,131.01923,409.52588,237.29724
12,0.055691916,0.6864331,24.4556,135.40369,46.83005,247.1159
12,0.6377107,0.59040266,396.09567,130.4515,420.17398,212.54495
12,0.9869421,0.53259397,623.4158,89.73438,639.8701,191.73383
12,0.7389282,0.7244978,454.15137,170.70279,491.6767,260.8192
12,0.62737703,0.65797764,385.74768,129.93582,417.29492,236.87195
12,0.4920647,1.0,302.36108,344.47498,327.48175,360.0
12,0.51468474,0.33251068,318.5633,74.94841,340.23315,119.70384
12,0.761227,0.7302976,454.7353,172.07266,519.63525,262.90714
13,0.5044261,0.66753983,297.9831,141.98676,347.6823,240.31433
13,0.24634573,0.8886918,117.74515,219.65225,197.5774,319.92905
13,0.40240735,0.66097116,236.99184,131.93011,278.0896,237.94962
13,0.7518419,0.8927558,438.36102,215.95435,523.9966,321.3921
13,0.49507084,0.90019566,275.0103,224.73303,358.68036,324.07043
13,0.58207524,0.77604735,348.88025,166.62604,396.1761,279.37704
13,0.61222565,0.6592305,373.9129,131.20035,409.7359,237.32297
13,0.055678874,0.68635553,24.450382,135.2922,46.818577,247.08798
13,0.98692685,0.53251225,623.39575,89.90399,639.8706,191.7044
13,0.73749,0.72425234,453.984,170.66522,490.00317,260.73083
13,0.5148853,0.33241245,318.66187,75.36005,340.39136,119.66849
13,0.634148,0.58695316,393.15283,131.2366,418.55664,211.30313
13,0.49229068,1.0,302.6403,344.45453,327.4918,360.0
13,0.7636239,0.776314,454.90277,177.23026,522.5358,279.47305
14,0.50733805,0.66813844,297.91803,142.94135,351.47467,240.52985
14,0.49373263,0.8995257,275.68488,223.35422,356.2929,323.82925
14,0.24642944,0.8889846,117.64854,219.62198,197.78116,320.03445
14,0.40245503,0.66098017,237.05617,131.97354,278.0863,237.95285
14,0.7515832,0.89259803,438.11633,215.93387,523.91016,321.3353
14,0.5795825,0.7753551,345.92642,166.23935,395.93918,279.12784
14,0.61213565,0.65678084,373.05325,131.63306,410.48038,236.4411
14,0.05567937,0.6864507,24.46044,135.27109,46.80915,247.12225
14,0.98813057,0.5311048,624.9519,90.26218,639.8552,191.19772
14,0.73752433,0.7236521,454.0686,170.52173,489.96252,260.51477
14,0.7645938,0.7811783,455.2282,176.52823,523.45184,281.22418
14,0.4930181,1.0,303.55402,344.4751,327.50916,360.0
14,0.515202,0.33197758,318.976,76.0275,340.48254,119.51193
14,0.63237727,0.59423876,390.7406,132.05003,418.70227,213.92595
15,0.5091677,0.6678272,299.06396,143.95737,352.67065,240.41779
15,0.49281287,0.8993127,275.3372,226.63588,355.4633,323.75256
15,0.24635728,0.88885224,117.626755,219.53467,197.71056,319.98682
15,0.40290022,0.66030157,236.84673,132.53711,278.86554,237.70856
15,0.75154716,0.8926697,438.16028,216.82677,523.82007,321.36108
15,0.5778062,0.77627385,343.72522,166.42447,395.8667,279.4586
15,0.613274,0.65713817,373.2447,131.84726,411.74603,236.56973
15,0.7378653,0.7238738,454.22076,170.55988,490.2469,260.59457
15,0.05567988,0.6867126,24.475142,135.22638,46.795105,247.21655
15,0.9878429,0.5311161,624.5924,90.95947,639.84656,191.20181
15,0.5158499,0.33098423,319.10358,76.75836,341.18427,119.15433
15,0.49272075,1.0,303.1833,344.42877,327.49927,360.0
15,0.76553833,0.7831987,455.9674,179.92084,523.92163,281.95154
16,0.49333286,0.8976761,275.42505,227.62029,356.04102,323.1634
16,0.5102905,0.6671011,300.72998,143.84236,352.4419,240.15639
16,0.246388,0.8889335,117.571495,219.51544,197.80515,320.01605
16,0.4024786,0.66110975,236.82301,132.2923,278.3496,237.99951
16,0.7517334,0.8926957,438.35132,218.939,523.86743,321.37045
16,0.5776359,0.77722716,343.51065,166.20554,395.86325,279.8018
16,0.614851,0.6566759,373.30212,131.5426,413.70715,236.40332
16,0.73851126,0.7232586,454.5095,170.47498,490.78494,260.3731
16,0.055685043,0.6868369,24.495892,135.28992,46.780964,247.26129
16,0.9881533,0.5311936,624.99164,90.39751,639.84454,191.22969
16,0.49321613,1.0,303.83105,344.4049,327.4856,360.0
16,0.6254738,0.6155556,384.58044,131.9545,416.026,221.6
16,0.516119,0.33132717,319.25378,77.03577,341.37854,119.27779
16,0.7685506,0.78558147,459.38422,182.06805,524.36053,282.80933
17,0.4913829,0.89790165,275.8119,228.4412,353.1582,323.2446
17,0.2464414,0.8888873,117.59564,219.53079,197.84933,319.99942
17,0.5109164,0.66771096,301.4922,143.67642,352.48083,240.37595
17,0.40289006,0.66055375,236.84415,132.72452,278.85513,237.79935
17,0.57769,0.777769,343.58878,166.24902,395.85446,279.99686
17,0.75088793,0.89265496,438.38354,223.77698,522.753,321.35577
17,0.6148391,0.65606093,373.45578,131.30182,413.53824,236.18195
17,0.05566721,0.6867829,24.491747,135.41714,46.762283,247.24185
17,0.73798066,0.7239569,454.18634,170.66019,490.4289,260.62448
17,0.987871,0.53122586,624.6254,90.02604,639.8494,191.2413
17,0.49346265,1.0,304.22137,344.3828,327.41083,360.0
17,0.5237735,0.47243577,317.83142,121.999756,352.59863,170.07687
17,0.7809447,0.77905434,474.98822,183.983,524.621,280.45956
17,0.75453013,0.82336915,441.49414,173.66705,524.30444,296.4129
18,0.48977947,0.8990792,275.1209,230.33586,351.7968,323.66852
18,0.24672106,0.88906384,117.57945,219.54335,198.2235,320.063
18,0.40261817,0.66066235,236.87326,132.64758,278.478,237.83844
18,0.5108069,0.6687464,301.1958,142.56761,352.6371,240.7487
18,0.5775777,0.7778324,343.4098,166.3104,395.8897,280.01965
18,0.75121707,0.89279836,438.29297,218.09502,523.2649,321.4074
18,0.6148694,0.65610725,373.26178,130.03738,413.77106,236.19861
18,0.05566842,0.68725,24.482353,135.32877,46.773224,247.41
18,0.7383112,0.723311,454.41602,170.73718,490.6223,260.39197
18,0.9877819,0.53122175,624.51074,90.12048,639.8501,191.23984
18,0.522241,0.47296944,316.76517,122.06056,351.70328,170.269
18,0.4930896,1.0,303.75122,344.3739,327.40344,360.0
18,0.7563378,0.79717803,443.93518,173.76175,524.17725,286.9841
18,0.7750968,0.7791387,467.61823,182.8294,524.5057,280.48993
19,0.4897092,0.898998,274.9502,231.52856,351.87756,323.63928
19,0.24668543,0.8890051,117.56882,219.54367,198.18854,320.04184
19,0.40245318,0.66073686,236.90604,132.2814,278.23404,237.86526
19,0.5105736,0.6688942,300.87198,137.97375,352.66226,240.80191
19,0.5775602,0.7778676,343.42578,166.42657,395.85126,280.03235
19,0.75018835,0.8928727,438.33044,226.0599,521.91064,321.43417
19,0.6155407,0.6557461,373.82623,129.88135,414.06586,236.0686
19,0.0556627,0.68681014,24.469078,135.3168,46.779175,247.25165
19,0.49175817,1.0,302.04343,344.41428,327.407,360.0
19,0.7376774,0.7237175,454.17624,170.75021,490.0508,260.5383
19,0.9880252,0.5313661,624.82477,89.20934,639.8475,191.29181
19,0.7744178,0.7784375,466.58984,182.70685,524.665,280.2375
19,0.7540916,0.8222297,441.08655,173.74329,524.1507,296.0027
20,0.49014187,0.8992486,274.8938,232.47462,352.4878,323.7295
20,0.2466366,0.8889642,117.58569,219.54773,198.10916,320.0271
20,0.4024709,0.6606926,237.15242,132.32755,278.0103,237.84933
20,0.5105344,0.6683057,300.78964,133.79056,352.69443,240.59006
20,0.57752925,0.77782446,343.36053,166.50589,395.8769,280.0168
20,0.7507039,0.8928775,438.3446,219.05591,522.55634,321.4359
20,0.6158479,0.6545939,374.69348,130.4809,413.5918,235.65381
20,0.49191934,1.0,302.27545,344.4922,327.3813,360.0
20,0.055657245,0.6869927,24.478767,135.0405,46.762505,247.31738
20,0.98803234,0.531307,624.8357,88.858955,639.8457,191.27051
20,0.7378743,0.7207356,454.44986,170.8378,490.02927,259.4648
20,0.7567301,0.7854287,444.69165,174.31958,523.92285,282.75433
20,0.78169096,0.77802724,476.11285,183.79764,524.45154,280.0898
21,0.49018556,0.899589,274.90808,231.54433,352.52942,323.85205
21,0.24669819,0.8889084,117.58631,219.56401,198.18738,320.00702
21,0.5106681,0.6683795,300.99036,128.47269,352.6648,240.61661
21,0.40232986,0.6606232,237.24838,132.50272,277.73386,237.82434
21,0.75099075,0.8917771,438.52948,216.96274,522.73865,321.03976
21,0.5777153,0.777996,343.62988,166.64124,395.8457,280.07855
21,0.61655825,0.6564747,375.0595,129.62112,414.13507,236.3309
21,0.73873013,0.7047961,455.62927,170.79568,489.9453,253.7266
21,0.49233454,1.0,302.83752,344.2563,327.3507,360.0
21,0.05566106,0.68708104,24.50509,135.11334,46.741066,247.34918
21,0.76144826,0.76322496,450.9707,175.75726,523.6831,274.761
21,0.9878486,0.5312366,624.5957,90.23764,639.85046,191.24518
21,0.5155145,0.3329825,317.99463,86.19148,341.8639,119.8737
22,0.4903875,0.8992101,275.55228,230.77971,352.1437,323.71564
22,0.2467629,0.8889586,117.592964,219.57312,198.26355,320.0251
22,0.40242106,0.66076934,237.34949,132.2197,277.74945,237.87695
22,0.5108282,0.6693806,301.14288,128.17957,352.71722,240.97702
22,0.57788056,0.77777505,343.83563,166.39478,395.8515,279.99902
22,0.7488505,0.89155173,438.40808,216.71544,520.1206,320.95862
22,0.6172118,0.6554104,375.3977,130.85638,414.63342,235.94775
22,0.76167697,0.76646644,451.40417,175.35602,523.54236,275.92792
22,0.49156484,1.0,301.98593,344.339,327.21707,360.0
22,0.05565105,0.6870997,24.519169,135.13086,46.714176,247.3559
22,0.98668706,0.53241485,623.0879,90.75519,639.8716,191.66934
22,0.5158781,0.3338344,317.28757,88.41344,343.03635,120.18039
22,0.74344003,0.6921022,460.338,169.95923,491.26526,249.1568
22,0.78121406,0.777554,476.12848,185.45999,523.8255,279.91943
23,0.2467908,0.88902026,117.559456,219.57683,198.33276,320.0473
23,0.49055833,0.89953595,275.4549,230.54704,352.45978,323.83295
23,0.5106333,0.6698103,300.85767,122.22174,352.75293,241.13171
23,0.40148002,0.661235,236.96313,131.27689,276.93127,238.04459
23,0.5780946,0.77788126,343.9378,166.85526,396.02325,280.03726
23,0.6198163,0.65518254,376.42853,129.2424,416.93634,235.86572
23,0.75085527,0.8924875,438.8346,215.7341,522.26013,321.2955
23,0.49173123,1.0,301.9656,344.2,327.45035,360.0
23,0.055438884,0.6854585,24.164543,135.29831,46.797226,246.76505
23,0.7578444,0.7696594,446.0135,176.5943,524.02734,277.0774
23,0.98628265,0.5322371,622.5719,91.56816,639.8699,191.60536
23,0.7432771,0.6915096,460.57043,170.18338,490.82422,248.94345
23,0.7815481,0.77633727,475.88495,188.90738,524.4966,279.4814
23,0.5146084,0.33527884,317.14575,90.1232,341.55298,120.70038
24,0.2467845,0.888917,117.5524,219.25267,198.33176,320.01013
24,0.4908101,0.89957684,275.53992,230.3181,352.69702,323.84766
24,0.74895,0.89210236,438.33337,212.24818,520.32263,321.15686
24,0.40115815,0.66146547,236.88782,131.05408,276.5946,238.12756
24,0.57807994,0.7780457,343.71512,166.96384,396.2272,280.09647
24,0.51028734,0.6679306,300.98398,127.078064,352.1838,240.45502
24,0.6213479,0.6549355,377.61438,129.62057,417.71094,235.77676
24,0.7651833,0.76829636,455.31085,177.77307,524.1238,276.5867
24,0.05546998,0.6852963,24.186386,135.20392,46.815186,246.70667
24,0.49193364,1.0,302.25488,344.1757,327.42017,360.0
24,0.78014886,0.77909106,474.18604,189.07272,524.40454,280.47278
24,0.9866155,0.53218067,622.99866,90.55815,639.86914,191.58504
24,0.7432706,0.6893022,461.03894,169.9273,490.3474,248.1488
24,0.7430091,0.60592747,461.80792,171.17004,489.2437,218.13388
24,0.51516116,0.3809982,317.263,90.19238,342.14325,137.15935
25,0.4906949,0.8994573,275.60095,228.33112,352.48853,323.80463
25,0.24673648,0.8889064,117.50999,219.22775,198.31271,320.00632
25,0.74798346,0.8922772,437.78693,208.6132,519.6319,321.2198
25,0.40124005,0.66074747,237.03175,130.93079,276.55554,237.86908
25,0.5783092,0.7784561,343.6983,166.76968,396.5374,280.2442
25,0.5097703,0.6680533,300.90286,125.81952,351.60306,240.4992
25,0.6239268,0.6530946,379.938,130.30014,418.68835,235.11404
25,0.769063,0.770515,460.37988,174.62546,524.02075,277.3854
25,0.78181535,0.77890503,476.3131,189.92157,524.4105,280.40582
25,0.055458546,0.68593717,24.1679,135.22992,46.81904,246.93738
25,0.49190003,1.0,302.23578,344.1155,327.39624,360.0
25,0.9876436,0.5315257,624.33826,90.341675,639.8456,191.34924
25,0.7426523,0.6070374,461.92847,171.2125,488.6665,218.53348
25,0.5121299,0.3325834,316.8544,86.98622,338.6719,119.73003
26,0.74694985,0.89258474,437.89984,211.9574,518.196,321.3305
26,0.24668701,0.88900256,117.522766,219.2344,198.2366,320.04092
26,0.40046167,0.66134155,236.62845,130.77136,275.9625,238.08295
26,0.57885236,0.77821934,343.766,167.21277,397.16504,280.15897
26,0.49087805,0.89948696,275.74304,232.23314,352.58087,323.8153
26,0.5086428,0.6713889,299.7102,131.1344,351.3526,241.70001
26,0.625277,0.65300095,381.1728,130.59776,419.18176,235.08034
26,0.77277464,0.78048164,464.2483,176.81671,524.90326,280.9734
26,0.055459708,0.68600446,24.158127,135.26645,46.8303,246.96161
26,0.49212718,1.0,302.493,343.97208,327.42978,360.0
26,0.9878637,0.53172404,624.62366,91.059944,639.8419,191.42065
26,0.7813605,0.7805093,475.4729,192.62558,524.6686,280.98334
26,0.7417766,0.6020897,461.81824,171.10349,487.65576,216.75229
26,0.96399385,0.6881234,596.5297,119.62738,637.3824,247.72443
27,0.7475933,0.89244086,438.79266,211.59964,518.1268,321.27872
27,0.24669531,0.8889974,117.47879,219.06993,198.2912,320.03906
27,0.58091724,0.7796332,345.63245,167.43726,397.94165,280.66797
27,0.400145,0.6614295,236.38788,130.81335,275.79773,238.11462
27,0.48999786,0.8995624,274.9823,231.32068,352.21497,323.84247
27,0.5084454,0.67123353,299.34378,126.49927,351.46634,241.64407
27,0.6260156,0.6524989,381.58673,129.5282,419.71326,234.8996
27,0.77631676,0.7795818,469.08752,191.24045,524.5979,280.64944
27,0.4915325,1.0,301.7104,343.9475,327.45123,360.0
27,0.05545379,0.68611974,24.173605,135.00195,46.807243,247.00311
27,0.74396336,0.60358435,461.90207,170.95346,490.37106,217.29037
27,0.9882933,0.5317544,625.17737,91.17565,639.838,191.43158
27,0.75219685,0.5978224,461.5897,171.36737,501.22226,215.21606
27,0.96383727,0.6883473,596.5089,120.16989,637.20276,247.80502
28,0.747221,0.89241064,438.75433,212.11537,517.68854,321.26782
28,0.5837208,0.77959186,345.6952,166.49948,401.4674,280.65308
28,0.4892698,0.8997399,274.83527,228.98119,351.43005,323.90637
28,0.24665642,0.88885653,117.49264,217.49565,198.22757,319.98834
28,0.39994913,0.6612798,236.33746,130.84607,275.5974,238.06073
28,0.51050746,0.66814643,302.14508,130.69955,351.3045,240.53271
28,0.77224,0.7806613,463.43512,172.29794,525.03204,281.03806
28,0.6261079,0.6522699,380.87274,128.5364,420.54535,234.81717
28,0.49150467,1.0,301.6897,343.99152,327.43628,360.0
28,0.05544298,0.6870754,24.140778,135.09448,46.82624,247.34714
28,0.98851424,0.5317023,625.4613,90.05267,639.8369,191.41281
28,0.9637886,0.68810475,596.5393,120.27185,637.1101,247.71771
29,0.7432091,0.89111906,439.3375,210.52588,511.97018,320.80286
29,0.48976058,0.8989885,275.1131,225.80902,351.78046,323.63586
29,0.58722574,0.77710557,347.19305,166.16849,404.45587,279.758
29,0.24647334,0.8886666,117.72133,214.18219,197.76454,319.91998
29,0.5101039,0.666376,301.97986,128.20523,350.95312,239.89536
29,0.39987805,0.6610593,236.27423,130.84341,275.56967,237.98135
29,0.7706428,0.78209364,461.97607,171.78339,524.4467,281.5537
29,0.6273097,0.65007657,381.7128,130.60306,421.24356,234.02756
29,0.055645637,0.6867415,24.501472,135.06256,46.724945,247.22693
29,0.4909936,1.0,301.4171,344.2175,327.0547,360.0
29,0.9895741,0.52634645,626.9254,95.471954,639.7294,189.48471
29,0.96373975,0.6877168,596.569,119.98859,637.01794,247.57803
30,0.7348121,0.8912225,438.78522,209.27985,501.77423,320.8401
30,0.4823696,0.8995919,271.73755,221.06868,345.69556,323.8531
30,0.2465678,0.88895905,117.90939,211.45728,197.69739,320.02527
30,0.5905493,0.7762668,350.2257,167.44116,405.67737,279.45605
30,0.4003954,0.65935844,236.40515,131.32217,276.10095,237.36905
30,0.5089139,0.66624886,300.37277,132.39261,351.03702,239.84958
30,0.7636439,0.78010637,456.9651,172.2374,520.49915,280.8383
30,0.6287572,0.6515438,381.19128,130.3857,423.61792,234.55577
30,0.05566562,0.68659115,24.505161,135.02744,46.74683,247.17282
30,0.50154513,0.3306494,304.32388,88.97189,337.6539,119.03378
30,0.49108115,1.0,301.5629,344.2631,327.02097,360.0
30,0.9895717,0.525683,626.92004,95.62901,639.7317,189.24586
31,0.24660215,0.88946056,117.72745,208.40222,197.92331,320.2058
31,0.7280971,0.89162785,438.56976,207.96301,493.39447,320.98602
31,0.40027612,0.6600396,236.38904,131.60745,275.96442,237.61426
31,0.46886522,0.8974115,272.45862,217.07956,327.68884,323.06815
31,0.50833863,0.6660062,299.9749,129.99716,350.69855,239.76224
31,0.59801674,0.77422994,357.4749,167.5741,407.9865,278.72278
31,0.7592085,0.7212266,466.82892,170.06079,504.95795,259.64157
31,0.62964135,0.65208936,381.36597,130.53635,424.57495,234.75217
31,0.055691622,0.6867311,24.512247,135.02554,46.773033,247.2232
31,0.9890652,0.53114295,626.1709,90.83158,639.8325,191.21146
31,0.7196542,0.6357125,443.21426,180.83618,477.94308,228.8565
31,0.49112472,1.0,302.1281,344.31897,326.51154,360.0
32,0.24733314,0.8889937,118.393425,205.65456,198.193,320.03772
32,0.45741096,0.89684576,270.59912,215.37723,314.8869,322.86447
32,0.5997657,0.7784492,361.17914,167.18826,406.521,280.2417
32,0.40007553,0.66029865,236.44543,131.1117,275.65125,237.70752
32,0.75978357,0.71863514,467.47528,168.40924,505.04767,258.70865
32,0.50871265,0.66686493,300.0913,130.85611,351.0609,240.07138
32,0.7201246,0.8920199,434.61078,192.64914,487.14874,321.12717
32,0.6294075,0.6422416,381.45538,129.48892,424.18628,231.20697
32,0.05565902,0.6869685,24.478546,135.19211,46.765,247.30865
32,0.98895323,0.5310663,626.0282,91.35986,639.8319,191.18387
33,0.2472971,0.8877767,118.27811,204.55316,198.26218,319.5996
33,0.44731265,0.8948892,260.64856,215.80878,311.91162,322.1601
33,0.60161066,0.77962047,362.21564,166.99838,407.846,280.66336
33,0.399723,0.6598001,236.3392,131.2322,275.30624,237.52803
33,0.75935686,0.7152078,466.36023,167.34293,505.61652,257.47482
33,0.50941455,0.6675071,300.24078,131.20123,351.80988,240.30255
33,0.7160571,0.8919632,433.5355,208.30005,483.0176,321.10675
33,0.6805741,0.71698505,412.78204,176.83856,458.35284,258.11462
33,0.62778765,0.6426966,382.03244,130.2486,421.53574,231.37079
33,0.055657566,0.68692416,24.468529,135.20193,46.773155,247.2927
33,0.98921907,0.53039676,626.3677,94.181984,639.83276,190.94284
34,0.24596862,0.88663095,116.388084,204.87193,198.45175,319.18713
34,0.50843155,0.6692103,299.08746,129.74908,351.7049,240.91571
34,0.4367505,0.89513737,246.90598,216.31934,312.13467,322.24945
34,0.60039103,0.77739817,362.0185,166.49338,406.48206,279.86334
34,0.7613644,0.7185764,467.92743,165.62885,506.61902,258.6875
34,0.39824373,0.6586625,235.7951,131.7987,273.95688,237.1185
34,0.7137569,0.8856388,432.88525,210.89174,480.72363,318.82996
34,0.6664132,0.7423182,406.71814,175.40454,446.29077,267.23456
34,0.055350613,0.68812263,24.06416,135.19144,46.784626,247.72415
34,0.98931426,0.5306637,626.4885,90.36313,639.83374,191.03894
34,0.6276473,0.63706523,381.45685,130.07751,421.9317,229.34348
35,0.24293756,0.8867918,113.106964,205.15802,197.85312,319.24506
35,0.7104246,0.8635488,428.69144,213.70874,480.65207,310.87756
35,0.5080023,0.6686614,298.66974,127.11081,351.57318,240.71811
35,0.43089953,0.89000213,241.0809,218.1535,310.4705,320.40076
35,0.3972641,0.6571826,234.67542,131.89725,273.82263,236.58572
35,0.765014,0.71867895,469.41644,163.64026,509.80145,258.72443
35,0.59594023,0.7744229,361.48767,165.74878,401.3158,278.79224
35,0.64884996,0.75530064,395.34198,177.13037,435.18597,271.90823
35,0.625352,0.53452736,380.68115,130.06145,419.76947,192.42986
35,0.43056458,0.8932654,240.37582,312.01697,310.74686,321.57556
35,0.055341683,0.68718034,24.078445,135.37912,46.75891,247.38492
35,0.98947316,0.5265595,626.79083,96.58313,639.7348,189.5614
35,0.24490173,0.8909862,113.43361,306.19156,200.0406,320.75504
36,0.24223566,0.8869358,111.42059,205.01703,198.64105,319.29688
36,0.4287904,0.8877416,239.1536,219.68391,309.6981,319.58698
36,0.6981436,0.87051165,412.9475,216.59244,480.67627,313.3842
36,0.50770175,0.66973156,298.47162,125.94083,351.38666,241.10336
36,0.7667615,0.716764,469.1126,161.7698,512.3421,258.03503
36,0.39485297,0.65780014,231.98303,131.78156,273.42877,236.80804
36,0.5907182,0.7728729,360.65598,165.95816,395.46335,278.23425
36,0.6299675,0.78589267,386.97052,177.6091,419.38788,282.92136
36,0.6241465,0.53862506,380.30905,130.64453,418.59848,193.90503
36,0.055351604,0.6874378,24.072985,135.41779,46.77707,247.4776
36,0.98943186,0.525549,626.74243,98.455536,639.73035,189.19763
36,0.4909013,1.0,302.80933,344.24878,325.5443,360.0
37,0.24164653,0.88217944,111.06198,205.81151,198.24557,317.5846
37,0.42494598,0.8887437,239.64993,222.38174,304.2809,319.94772
37,0.6877254,0.87328786,399.54547,219.21933,480.7431,314.38364
37,0.5075891,0.66832256,298.55804,125.50006,351.156,240.59613
37,0.6034042,0.78484005,360.19913,167.4227,412.1583,282.54242
37,0.39251056,0.6581932,230.43204,131.88832,271.98148,236.94954
37,0.7771805,0.70553946,478.5876,161.40189,516.2034,253.9942
37,0.62366927,0.6039036,379.13055,131.01607,419.16608,217.40529
37,0.98952276,0.5263136,626.85583,99.827644,639.7333,189.4729
37,0.055298746,0.6877098,24.043081,135.29288,46.73931,247.57553
37,0.49139577,1.0,303.7141,344.10626,325.27246,360.0
38,0.23778152,0.8802773,110.50589,207.47208,193.85446,316.8998
38,0.6858262,0.87479717,397.34778,222.9122,480.50977,314.92697
38,0.42183438,0.88764715,235.51204,222.4336,304.43597,319.55298
38,0.50740695,0.66925627,298.625,125.45294,350.8559,240.93225
38,0.38988632,0.6597736,229.96399,131.76898,269.09048,237.5185
38,0.78434026,0.7153026,484.11237,160.69272,519.84314,257.50894
38,0.58659947,0.7765314,345.47052,166.71756,405.37677,279.5513
38,0.62375796,0.6485835,381.10193,130.69385,417.30823,233.49005
38,0.9895607,0.5262802,626.90125,100.07868,639.73645,189.46088
38,0.05526499,0.68759036,24.010185,135.4079,46.729004,247.53253
39,0.2369332,0.8775922,110.188156,210.10141,193.08635,315.9332
39,0.68519765,0.87441134,396.60004,226.39404,480.45294,314.7881
39,0.41705972,0.885701,231.92412,224.40129,301.9123,318.85236
39,0.38640922,0.6596772,229.05603,131.76718,265.5478,237.4838
39,0.7922555,0.7311152,488.15747,161.64987,525.92957,263.20148
39,0.5048032,0.6697452,298.76044,124.67508,347.38763,241.10828
39,0.56708026,0.7789437,327.1122,172.8404,398.75052,280.41974
39,0.62339926,0.6507275,381.56244,130.95654,416.3886,234.2619
39,0.9895725,0.5257264,626.9175,99.983826,639.73535,189.2615
39,0.05536133,0.6873677,24.075073,135.27908,46.78743,247.45236
40,0.2370276,0.8765346,110.35468,212.83871,193.04065,315.55246
40,0.42030144,0.88305724,232.051,224.46725,305.93484,317.9006
40,0.6857523,0.87413585,397.17047,228.0307,480.59247,314.6889
40,0.7961402,0.7356442,490.826,162.14728,528.23346,264.8319
40,0.3857871,0.6598674,228.57236,131.8066,265.23514,237.55226
40,0.50298655,0.6716459,298.44586,126.45804,345.37695,241.79251
40,0.5529481,0.77874213,329.12622,176.51312,378.64734,280.34717
40,0.62590957,0.64009815,383.91873,131.74716,417.2455,230.43533
40,0.6005746,0.75235975,365.36346,173.38745,403.372,270.84952
40,0.05534184,0.6872011,24.033218,135.29199,46.804337,247.3924
40,0.9896053,0.5261968,626.9628,98.53798,639.732,189.43083
40,0.49176073,1.0,303.46295,343.96985,325.99078,360.0
41,0.23757124,0.876669,110.34558,216.48956,193.7456,315.60083
41,0.42742664,0.8857804,232.90231,233.491,314.20377,318.88095
41,0.6864278,0.8742627,397.83673,228.3471,480.79083,314.73456
41,0.8008917,0.73275536,491.7128,162.16394,533.4286,263.79193
41,0.38623956,0.66160345,228.56723,132.19702,265.8194,238.17725
41,0.53853595,0.7773289,324.03918,178.7598,365.28687,279.8384
41,0.6013771,0.7676419,364.15173,171.11227,405.61102,276.35107
41,0.5007907,0.67128974,298.47345,131.1141,342.5387,241.6643
41,0.6253783,0.5899903,382.67743,132.54465,417.80682,212.39651
41,0.98956525,0.5261507,626.9131,97.2086,639.73047,189.41426
41,0.055427928,0.6868405,24.10574,135.36148,46.842007,247.26257
41,0.4919657,1.0,303.68756,344.0835,326.02856,360.0
42,0.23848863,0.8772718,110.734535,219.51718,194.53091,315.81784
42,0.42752847,0.88820064,233.24507,236.04984,313.9914,319.75223
42,0.68620634,0.87412477,397.601,228.24985,480.7431,314.6849
42,0.3869119,0.6608935,228.7425,132.1044,266.50473,237.92166
42,0.8059818,0.73110855,495.155,162.34818,536.5017,263.19907
42,0.52736986,0.7755725,316.0877,177.65424,358.94574,279.2061
42,0.60003567,0.77000844,360.99344,171.09354,407.05222,277.20303
42,0.49834156,0.6699155,298.0185,127.73428,339.8587,241.16959
42,0.6244835,0.58567625,379.99298,132.40654,419.34595,210.84346
42,0.055401076,0.68672824,24.069393,135.32959,46.843983,247.22217
42,0.9895261,0.52647746,626.86346,97.86692,639.7299,189.53189
43,0.23842618,0.87725085,110.635895,221.2124,194.54962,315.8103
43,0.428137,0.88935006,234.11009,236.42627,313.90527,320.16602
43,0.6863617,0.87496644,397.5663,227.59985,480.9766,314.9879
43,0.38851798,0.66168416,229.64581,132.66803,267.6572,238.2063
43,0.8102957,0.7339915,497.75,163.5061,539.42847,264.23694
43,0.51772517,0.7770004,308.76147,179.88342,353.92676,279.72015
43,0.6075899,0.7555287,367.42892,166.79507,410.28616,271.99033
43,0.49846363,0.6652322,298.29126,129.56128,339.7422,239.48358
43,0.6245548,0.59517294,379.67462,132.11548,419.75555,214.26227
43,0.055382073,0.68650997,24.030464,135.29242,46.85859,247.14359
43,0.98948765,0.5261054,626.8143,96.00571,639.7299,189.39795
43,0.6206638,0.53977406,380.31848,132.56073,414.13123,194.31866
44,0.23858719,0.8775009,110.5986,221.37737,194.793,315.90033
44,0.68639004,0.87429285,397.37323,227.43367,481.206,314.74542
44,0.4278141,0.8906445,234.82275,236.21797,312.7793,320.63202
44,0.3877786,0.6625837,228.16223,132.70174,268.1944,238.53014
44,0.8187996,0.73535705,502.86777,164.80374,545.1957,264.72855
44,0.6084355,0.75132155,369.7411,163.15482,409.0564,270.47577
44,0.5055891,0.766013,299.52112,178.15662,347.63293,275.76468
44,0.50350446,0.6602087,300.32318,121.44696,344.16254,237.67514
44,0.62597656,0.6138167,380.0074,131.4065,421.2426,220.974
44,0.9894819,0.52597463,626.8108,96.1437,639.7261,189.35086
44,0.50936604,0.69360334,302.5006,177.36285,349.4879,249.6972
44,0.05538269,0.68661803,24.009325,135.58673,46.880524,247.1825
44,0.5055032,0.5606097,307.23132,134.45938,339.81274,201.81949
45,0.23982999,0.8764516,110.778015,220.39362,196.20438,315.52258
45,0.6865368,0.87433887,397.6347,226.97287,481.1324,314.762
45,0.42999014,0.88779163,236.77805,235.78442,313.60934,319.60498
45,0.83150387,0.73795646,508.6191,164.71976,555.7058,265.66434
45,0.38681108,0.6642323,227.63837,132.96823,267.4798,239.12363
45,0.6138481,0.74039704,373.41553,162.65271,412.31006,266.54294
45,0.50102204,0.76193535,298.9173,188.95938,342.39093,274.29672
45,0.5064154,0.560749,307.5122,135.61082,340.69952,201.86964
45,0.98896694,0.5303754,626.0403,92.42767,639.8374,190.93515
45,0.0553545,0.686781,23.977427,135.64203,46.876335,247.24115
45,0.49222508,1.0,303.36707,344.54407,326.68103,360.0
45,0.51055133,0.6655067,304.18277,130.88037,349.32297,239.58243
45,0.62560844,0.57958764,381.5995,131.70053,419.17932,208.65155
46,0.23968753,0.87473804,110.99717,218.77954,195.80289,314.9057
46,0.6862602,0.8740798,397.30942,226.33322,481.10367,314.66873
46,0.83608884,0.7386147,511.51447,167.54636,558.67926,265.90128
46,0.38719693,0.66421413,227.69962,132.52557,267.91245,239.1171
46,0.43975717,0.88642937,240.7239,236.78674,322.16525,319.11456
46,0.619197,0.73533225,373.83643,164.09253,418.73572,264.7196
46,0.51396674,0.66628504,306.08508,131.9762,351.79236,239.86261
46,0.48842278,0.7584772,289.17102,181.37375,336.01013,273.0518
46,0.62673044,0.58248365,379.73853,131.6965,422.47644,209.69412
46,0.055309694,0.68744,23.941624,135.44379,46.854786,247.4784
46,0.9894581,0.5256785,626.7814,94.635864,639.725,189.24426
46,0.49693197,0.76105946,289.46216,133.80054,346.61078,273.9814
47,0.6863281,0.8740692,397.195,226.8069,481.305,314.66492
47,0.23776956,0.8740031,109.03972,217.43092,195.30531,314.6411
47,0.8453528,0.7410318,518.9776,170.6622,563.07404,266.77145
47,0.38616374,0.66455317,227.50247,132.5759,266.7871,239.23914
47,0.4452095,0.88927555,240.75406,250.97525,329.1141,320.1392
47,0.62405646,0.73721594,374.60242,167.68973,424.18982,265.39774
47,0.5149763,0.66583467,307.50232,122.97644,351.66736,239.70047
47,0.6272644,0.58450955,378.89108,130.50711,424.00735,210.42343
47,0.48697495,0.75282776,284.62146,195.9419,338.70648,271.018
47,0.055328757,0.6871796,23.967865,135.43008,46.852943,247.38467
47,0.98947275,0.52507555,626.7988,95.76349,639.7263,189.02719
48,0.23866677,0.8749911,110.25159,216.44498,195.24188,314.9968
48,0.6856159,0.8736606,396.93988,228.2141,480.6485,314.51782
48,0.4448886,0.8920734,239.72711,238.15678,329.7303,321.14642
48,0.38546732,0.6645688,227.21439,132.39105,266.18378,239.24475
48,0.8505262,0.74276954,521.34705,170.53351,567.32654,267.39703
48,0.5145798,0.66435546,307.52075,141.3291,351.14136,239.16797
48,0.6323538,0.7360738,382.52533,169.77042,426.8875,264.98657
48,0.4778096,0.75461996,282.0926,184.42587,329.50372,271.66318
48,0.6322433,0.5714602,386.16608,129.97897,423.1053,205.72568
48,0.0554144,0.68763953,24.033623,135.38867,46.896812,247.55023
48,0.62998277,0.51895106,386.72748,129.7502,419.65045,186.82237
48,0.9894527,0.5270612,626.7738,91.39426,639.7257,189.74203
49,0.44397703,0.89234686,238.87305,240.30914,329.41754,321.24487
49,0.24328253,0.87523687,116.22125,215.03471,195.18039,315.08527
49,0.68604255,0.872869,396.90912,229.65808,481.22534,314.23285
49,0.38501638,0.6639963,227.0037,132.60733,265.81726,239.03867
49,0.5127958,0.6660974,305.58478,141.7095,350.79388,239.79507
49,0.86401904,0.7436481,534.49243,169.11792,571.4519,267.71332
49,0.46727926,0.75787234,270.24274,188.46973,327.8747,272.83405
49,0.63343525,0.7357543,382.93622,169.26361,427.8609,264.87155
49,0.6300586,0.5655466,383.26062,131.42386,423.21436,203.59677
49,0.055333745,0.6870508,23.932663,135.27893,46.89453,247.33829
49,0.98961675,0.5269203,626.9796,91.98697,639.72986,189.69131
49,0.49290198,1.0,303.479,345.76257,327.43555,360.0
50,0.3845122,0.66355455,226.56876,132.89767,265.60684,238.87964
50,0.68628836,0.8715561,396.94037,231.19878,481.50873,313.7602
50,0.44682017,0.8941377,240.72931,240.952,331.2005,321.88956
50,0.23849812,0.87087107,113.014305,209.89798,192.26328,313.51358
50,0.87165785,0.74769205,539.79645,167.22015,575.9256,269.16913
50,0.5139573,0.66632897,306.93378,141.664,350.93158,239.87842
50,0.63042486,0.71130395,380.79727,131.212,426.1465,256.06943
50,0.46413556,0.7558577,269.6501,191.08325,324.44342,272.10876
50,0.988753,0.5310458,625.76697,90.5267,639.8369,191.17648
50,0.52663743,0.46779794,319.3369,123.78946,354.75897,168.40726
50,0.055425085,0.68581134,24.08524,135.35645,46.858868,246.89209
51,0.38260704,0.66222656,224.905,132.82123,264.832,238.40155
51,0.45699134,0.8945062,243.71185,235.03976,341.23706,322.02225
51,0.6858888,0.8725468,396.49402,232.82156,481.44366,314.11685
51,0.8823641,0.7392723,546.7981,166.05975,582.6279,266.13803
51,0.22140303,0.86890996,103.51164,204.58224,179.88423,312.8076
51,0.5132949,0.66621715,306.43073,145.19603,350.58673,239.83818
51,0.46285018,0.7525031,269.60928,181.34393,322.83896,270.90112
51,0.63460165,0.6689009,384.29318,131.15538,427.99692,240.80434
51,0.98883593,0.5315088,625.8767,89.935524,639.83325,191.34317
51,0.54006827,0.47122243,337.99188,126.74963,353.29547,169.64008
51,0.055461384,0.68690306,24.18371,135.68475,46.80686,247.2851
51,0.644457,0.7287818,395.7446,177.12457,429.16037,262.36145
52,0.37880254,0.6634381,220.58728,132.81097,264.27997,238.8377
52,0.6866342,0.8747334,396.44205,231.72293,482.44974,314.90402
52,0.18683703,0.8646861,91.68016,196.0097,147.47124,311.287
52,0.64092433,0.67375743,387.27893,161.47711,433.10425,242.55267
52,0.89156216,0.7552572,553.3523,164.33841,587.8473,271.89258
52,0.471198,0.89492637,253.37947,237.30081,349.75397,322.1735
52,0.51398194,0.66772145,306.8026,141.31824,351.09424,240.37973
52,0.46380216,0.75324947,269.6397,175.80441,324.02704,271.1698
52,0.63208646,0.55263054,383.941,129.0026,425.12967,198.94699
52,0.98961276,0.5268531,626.9824,88.94357,639.7219,189.66711
52,0.9626826,0.6838789,596.5399,120.277374,635.69385,246.19641
52,0.4785521,0.89085793,262.18152,175.30505,350.36517,320.70886
53,0.37785274,0.6643541,220.2825,134.82797,263.36902,239.16748
53,0.16802344,0.8643829,79.83769,191.13477,135.2323,311.17786
53,0.6871921,0.87601507,396.90912,223.28833,482.69678,315.36542
53,0.9046831,0.76270974,556.57874,165.39041,601.41565,274.5755
53,0.6480325,0.67352873,392.47153,160.79608,437.01004,242.47034
53,0.48396182,0.89540964,269.60126,227.85066,349.86987,322.34747
53,0.6323301,0.6616739,384.60693,128.3577,424.77563,238.2026
53,0.5140923,0.67075974,305.78668,143.9061,352.25153,241.47351
53,0.48417354,0.7524173,268.92026,170.34845,350.82187,270.87024
53,0.055576883,0.6859304,24.354132,134.80624,46.78428,246.93494
53,0.9896372,0.5277015,627.0116,87.73047,639.724,189.97253
53,0.4759995,1.0,294.51096,345.05975,314.7684,360.0
53,0.5214834,0.47642365,317.65448,123.83273,349.8443,171.51251
54,0.37672862,0.664722,219.9971,135.07397,262.21555,239.29993
54,0.15365866,0.7905772,73.72208,187.24515,122.961,284.6078
54,0.68672264,0.8746964,395.8725,216.25764,483.1325,314.8907
54,0.9127218,0.7650771,566.82007,165.01529,601.46387,275.42776
54,0.51375675,0.66772264,304.33087,142.22787,353.27777,240.38016
54,0.48504227,0.8962075,277.0116,227.34271,343.84253,322.6347
54,0.65747243,0.67016244,401.32703,162.02478,440.23767,241.25848
54,0.63459766,0.66604894,385.81744,128.79465,426.4676,239.77762
54,0.46296328,0.752444,269.49078,172.41495,323.10223,270.87985
54,0.96233404,0.68594766,595.9988,122.742676,635.7888,246.94116
54,0.47428235,1.0,292.0031,344.92676,315.0783,360.0
54,0.98967,0.5265285,627.0426,94.477684,639.735,189.55026
54,0.9886028,0.52695566,625.60925,120.0708,639.80237,189.70404
55,0.6859336,0.8762038,395.9596,212.10243,482.0354,315.43335
55,0.37590843,0.6643366,219.3631,134.4411,261.7997,239.1612
55,0.4810807,0.8979984,276.00018,226.8203,339.78314,323.27942
55,0.13880245,0.81642133,66.10341,187.99008,111.563736,293.91168
55,0.9270498,0.765949,572.8807,163.64722,613.7431,275.74164
55,0.5146515,0.6672377,305.97626,143.82513,352.77765,240.20557
55,0.63766795,0.67442507,387.81146,131.31157,428.4035,242.79301
55,0.6635257,0.6622859,406.49042,169.67642,442.8225,238.42294
55,0.5625602,0.54236865,341.9715,126.12729,378.1056,195.25272
55,0.05572971,0.68704283,24.306707,134.69223,47.02732,247.33542
55,0.46220398,0.7494782,272.54987,174.5151,319.07123,269.81216
55,0.9896952,0.5281094,627.074,94.2039,639.73584,190.11937
55,0.9887618,0.52727205,625.817,121.86221,639.7981,189.81793
56,0.6797981,0.8782174,396.342,212.74446,473.7996,316.15826
56,0.37292346,0.6649236,218.88019,134.51483,258.46185,239.3725
56,0.11675745,0.86738384,50.60891,191.47852,98.84063,312.25818
56,0.47440386,0.9036923,271.95917,176.41676,335.27777,325.32922
56,0.5147543,0.6660926,306.3499,143.2511,352.53558,239.79333
56,0.9412944,0.780542,583.0492,165.80829,621.8076,280.99512
56,0.6373216,0.6743492,387.45685,135.83801,428.31476,242.76572
56,0.56367046,0.54742676,342.16293,124.204254,379.33524,197.07364
56,0.6845848,0.71036464,409.17987,171.25287,467.08868,255.73126
56,0.50826025,0.77417356,312.9607,236.98026,337.61243,278.70248
56,0.7036305,0.7119027,432.1557,213.45523,468.49133,256.28497
56,0.6696373,0.6690789,409.14667,172.34906,447.98907,240.86841
56,0.47109842,1.0,287.81384,345.1643,315.19214,360.0
56,0.98978645,0.5277132,627.18646,97.237236,639.7402,189.97675
56,0.6571203,0.4789979,408.64017,123.1788,432.4738,172.43924
56,0.69846785,0.7132211,425.56775,172.7261,468.47107,256.75958
57,0.37252244,0.6649106,218.78357,134.43484,258.04517,239.36783
57,0.67144626,0.88267654,396.3826,209.72467,463.06863,317.76355
57,0.095626995,0.8639065,31.424128,191.51349,90.97843,311.00635
57,0.94664097,0.7886605,587.827,169.63101,623.8734,283.9178
57,0.47756806,0.9081768,268.46384,168.93723,342.82327,326.94363
57,0.6359391,0.67236495,387.4671,134.10938,426.53497,242.05139
57,0.51414335,0.66434425,305.91293,141.38422,352.19058,239.16394
57,0.563155,0.5506867,338.07617,123.36301,382.7622,198.24722
57,0.6858518,0.7104283,410.7744,170.67542,467.1159,255.75418
57,0.50649863,0.78987,312.80286,247.4212,335.51538,284.3532
57,0.98976135,0.5274436,627.1566,100.5789,639.7379,189.87968
57,0.47073323,1.0,287.49265,345.35962,315.04587,360.0
57,0.67161644,0.65945995,409.7989,170.80188,449.87018,237.40558
58,0.3728563,0.66496694,219.25961,134.19363,257.99643,239.38809
58,0.08769028,0.85799646,30.707571,189.08537,81.53599,308.87872
58,0.6747719,0.9069242,396.56335,207.82663,467.14465,326.4927
58,0.96021956,0.789043,590.4536,171.27512,638.62744,284.05548
58,0.5086007,0.6689096,299.19507,145.50256,351.81384,240.80746
58,0.46843737,0.9095834,265.1798,227.16156,334.42004,327.45
58,0.632401,0.67495805,386.2547,134.20322,423.21857,242.9849
58,0.68478596,0.69326216,409.0319,171.72229,467.49417,249.57437
58,0.98980045,0.52982074,627.21265,95.6584,639.73193,190.73546
58,0.95351887,0.52746844,596.59814,124.49051,623.906,189.88864
58,0.47054768,1.0,287.55954,344.8871,314.7415,360.0
58,0.5468353,0.5523369,324.5297,115.15683,375.41946,198.84128
59,0.3732442,0.66478485,219.72293,133.83261,258.02963,239.32254
59,0.4681571,0.9049215,263.47766,215.3388,335.76343,325.77173
59,0.673569,0.91032374,400.21014,210.9481,461.9582,327.71655
59,0.082727924,0.84748113,30.39753,182.84256,75.49422,305.0932
59,0.9688076,0.7915322,600.3585,167.53659,639.7152,284.9516
59,0.5086175,0.6654527,298.1195,144.90979,352.9109,239.56299
59,0.6312114,0.67496073,387.00977,134.28275,420.9408,242.98587
59,0.66438615,0.6472235,403.4098,167.66037,447.00452,233.00046
59,0.53619874,0.55469656,322.74542,110.46946,363.58893,199.69077
59,0.9898802,0.5283015,627.30615,96.16247,639.7405,190.18854
59,0.6643397,0.47749934,413.81442,129.42558,436.54044,171.89977
60,0.3732352,0.6648549,219.8461,133.62906,257.89496,239.34775
60,0.67305124,0.9124152,405.61975,210.97206,455.8858,328.46948
60,0.4576408,0.9023644,264.05032,212.09769,321.7299,324.85117
60,0.07695064,0.83888346,28.831978,179.65967,69.66484,301.99805
60,0.97118646,0.7920021,603.42175,168.40201,639.6969,285.12076
60,0.50817394,0.6672943,298.7279,150.35883,351.73474,240.22595
60,0.6320807,0.67424315,387.8516,134.55542,421.21164,242.72754
60,0.65810287,0.63839823,395.66663,163.68427,446.70508,229.82336
60,0.6325964,0.57329077,388.77533,134.07901,420.948,206.38467
60,0.9899027,0.5201527,627.3353,97.741684,639.7401,187.25496
60,0.6660956,0.47320387,412.74396,129.31842,439.85846,170.3534
61,0.6704291,0.913556,402.6496,209.75601,455.4997,328.88016
61,0.3736046,0.66460377,220.28241,133.50082,257.9315,239.25735
61,0.06905804,0.83313805,22.72061,174.82013,65.673676,299.9297
61,0.43797144,0.89781606,263.37994,208.7319,297.2235,323.21378
61,0.4789092,0.7921992,290.80048,169.54007,322.2033,285.1917
61,0.97627336,0.80551213,609.7937,172.2414,639.8362,289.98438
61,0.51696986,0.6669697,309.2751,150.02151,352.44635,240.1091
61,0.6325488,0.6721998,387.958,134.26492,421.70447,241.99191
61,0.695366,0.57171875,424.4137,139.23233,465.6548,205.81876
61,0.67204607,0.656008,394.94888,159.98965,465.2701,236.16287
61,0.63345176,0.5937887,389.3972,134.38239,421.42105,213.76392
61,0.9902086,0.51687753,627.73145,98.20378,639.7356,186.07591
61,0.6599348,0.6405005,398.32397,160.10213,446.39258,230.58018
62,0.057631336,0.82924086,12.639841,176.11484,61.128273,298.5267
62,0.6673333,0.9134986,399.42746,209.01881,454.7592,328.8595
62,0.3741,0.66521853,220.31244,132.77878,258.53555,239.47867
62,0.47861654,0.7911782,289.9446,167.2503,322.68454,284.82416
62,0.43118232,0.8835204,256.8413,205.9437,295.07208,318.06735
62,0.6324499,0.6722381,388.37335,135.18541,421.16254,242.00572
62,0.98320866,0.8130594,618.6892,180.35297,639.8179,292.7014
62,0.7005476,0.573949,425.13507,134.25012,471.56586,206.62164
62,0.660652,0.6473855,399.42578,160.31107,446.20874,233.05878
62,0.5233017,0.66648954,316.3569,116.33214,353.46933,239.93623
62,0.9900533,0.5247516,627.53955,93.73532,639.72864,188.91058
62,0.5206895,0.66805774,314.315,165.51398,352.16754,240.5008
63,0.65737325,0.9246856,392.0827,213.37833,449.35504,332.8868
63,0.046133697,0.8316871,2.1365356,179.93811,56.914597,299.40735
63,0.37383246,0.6649467,220.48245,132.57776,258.0231,239.3808
63,0.4167292,0.8867408,244.97443,205.63934,288.43896,319.22668
63,0.48231173,0.7942076,291.0016,165.63297,326.35742,285.91473
63,0.70095384,0.5722369,425.987,134.5112,471.23395,206.00528
63,0.63305694,0.66785175,389.53345,135.82587,420.77942,240.42664
63,0.66236764,0.73716074,401.781,161.56409,446.04956,265.37787
63,0.5240196,0.66559696,319.34686,180.957,351.39825,239.6149
63,0.6637455,0.655226,404.30374,162.44827,445.2905,235.88135
63,0.9830141,0.81438667,618.41565,176.99957,639.8424,293.1792
63,0.057999253,0.5465622,25.786346,135.89621,48.452698,196.76239
63,0.9898834,0.51669294,627.3235,96.23413,639.7273,186.00946
64,0.04100144,0.83318174,0.0,179.836,52.481842,299.94543
64,0.4002359,0.89196473,232.34375,207.99318,279.9582,321.1073
64,0.6421676,0.92585295,387.6471,219.02144,434.32745,333.30707
64,0.37328562,0.6652092,220.48813,132.21814,257.31747,239.47531
64,0.48347464,0.79944927,290.18604,167.45895,328.6615,287.80173
64,0.7029959,0.5736739,428.62878,132.3168,471.206,206.52261
64,0.660848,0.72967374,400.547,162.9524,445.3385,262.68256
64,0.52422047,0.6641787,318.6419,178.41849,352.3603,239.10434
64,0.634227,0.6546316,390.17676,136.99265,421.6338,235.66739
64,0.53274643,0.5412757,328.3903,114.759674,353.52512,194.85925
64,0.63543713,0.5815424,391.44812,136.53598,421.91144,209.35526
64,0.98981285,0.5197089,627.23267,96.71582,639.7278,187.09518
64,0.4783078,0.50371933,291.53802,112.61343,320.69598,181.33896
64,0.056687187,0.5464698,26.023436,135.05347,46.536163,196.72913
64,0.4755292,1.0,293.6864,343.62738,314.99097,360.0
64,0.98731536,0.52985924,623.9148,88.822205,639.8489,190.74933
65,0.3903993,0.890163,224.55121,208.59782,275.1599,320.45868
65,0.3729854,0.6630684,220.7062,134.49892,256.7151,238.70464
65,0.6299485,0.9274788,383.91312,222.02206,422.42093,333.89236
65,0.039540194,0.83109045,0.060890198,182.54095,50.55056,299.19257
65,0.4832527,0.805404,290.0646,170.86682,328.49887,289.94543
65,0.6578668,0.72920007,398.85883,165.65921,443.21063,262.51202
65,0.70504034,0.5734943,430.07468,132.31595,472.37692,206.45795
65,0.63571584,0.64936286,391.13153,137.73175,422.58478,233.77063
65,0.5233741,0.6666097,317.68506,176.87115,352.23376,239.97949
65,0.63705397,0.57945573,392.65125,137.49951,422.77783,208.60406
65,0.53223866,0.5608319,329.61633,133.39362,351.64917,201.89948
65,0.98951995,0.5301529,626.85266,96.28973,639.7329,190.85504
65,0.53327143,0.5414718,329.60632,116.3461,352.98108,194.92984
65,0.9661132,0.6891238,597.3758,119.10669,639.2491,248.08456
65,0.46339163,0.5449422,282.74548,111.11455,310.3958,196.17918
66,0.3851812,0.8919144,222.68213,208.50662,270.3498,321.0892
66,0.03483675,0.8283805,0.025943756,177.92596,44.565098,298.21698
66,0.3724329,0.664035,220.22336,134.43579,256.49075,239.05261
66,0.65442395,0.72911173,395.69543,169.9866,441.96722,262.48022
66,0.62564504,0.926964,379.9713,223.42914,420.85437,333.70703
66,0.4820737,0.817422,289.99988,175.09442,327.05444,294.2719
66,0.7076708,0.5742699,429.991,130.31824,475.8276,206.73715
66,0.4497508,0.5546753,274.93887,126.671326,300.74216,199.6831
66,0.51720697,0.6644195,310.42847,174.11734,351.59644,239.19101
66,0.6384676,0.56215304,392.92432,136.78787,424.3142,202.37509
66,0.53350466,0.53768224,329.29156,119.512634,353.59442,193.56561
66,0.533634,0.5632382,329.69214,133.94565,353.35938,202.76575
66,0.54129475,0.5661417,341.79395,194.90434,351.06335,203.81102
66,0.9894859,0.5284311,626.8148,93.500694,639.7272,190.2352
66,0.9638718,0.68985367,596.76526,119.04834,636.9906,248.34732
66,0.47770566,1.0,295.52142,344.16116,315.94183,360.0
67,0.031360604,0.8221602,0.01008606,176.85437,40.131485,295.97766
67,0.38319486,0.8856498,222.99188,207.09416,267.49756,318.83392
67,0.6195852,0.92251366,376.40344,223.45232,416.66565,332.10492
67,0.37171632,0.66430026,220.3779,134.39615,255.41898,239.1481
67,0.6546755,0.7332818,395.96765,172.05676,442.01697,263.98145
67,0.7079147,0.57357866,430.3258,131.16934,475.805,206.48831
67,0.43731394,0.54818976,269.612,127.11995,290.14984,197.34831
67,0.5038755,0.8202226,292.51437,178.27945,352.44626,295.28015
67,0.63940513,0.5608807,392.60583,136.36423,425.83276,201.91705
67,0.054925047,0.5830307,23.823093,136.55902,46.48097,209.89105
67,0.98943985,0.52302784,626.7535,93.18324,639.72955,188.29002
67,0.53249836,0.5374427,328.47748,121.026794,353.12042,193.47937
67,0.9650132,0.68786776,596.7736,119.49725,638.4433,247.63239
68,0.38240114,0.8881149,223.03375,205.5838,266.4397,319.72137
68,0.028263688,0.8197976,0.0,176.1589,36.17752,295.12714
68,0.6128911,0.9113283,371.8258,222.09465,412.6748,328.0782
68,0.37197357,0.6650094,220.37546,134.96246,255.7507,239.40338
68,0.6487926,0.7271162,388.74744,167.13873,441.70715,261.76184
68,0.7040213,0.57462007,425.58472,131.40186,475.5625,206.86322
68,0.48480877,0.81866956,292.33963,181.3565,328.2156,294.72104
68,0.63957584,0.53266203,393.2713,135.90198,425.3858,191.75833
68,0.42378432,0.5501099,260.6829,128.0198,281.76102,198.03958
68,0.5373656,0.56570953,328.29883,122.85623,359.52917,203.65543
68,0.5076882,0.66274446,298.7658,151.64307,351.07513,238.58801
68,0.4956011,0.8124448,292.9074,179.28336,341.46198,292.48013
68,0.989392,0.5217569,626.6896,94.62874,639.7322,187.83247
68,0.50987226,0.6665837,300.2616,173.85756,352.37488,239.97014
68,0.96432,0.68713444,596.79126,120.12564,637.5383,247.36841
68,0.05622343,0.6087129,25.365168,136.59976,46.600822,219.13666
69,0.38440156,0.8839091,223.70187,203.21875,268.33212,318.20728
69,0.027073193,0.82120717,0.0,176.77411,34.653687,295.63458
69,0.48311573,0.808609,291.52252,179.11487,326.8656,291.09924
69,0.37063137,0.66462886,220.20435,134.49368,254.2038,239.26639
69,0.6042506,0.8989308,366.9015,221.79495,406.5393,323.61508
69,0.7068437,0.575406,429.44177,131.07579,475.3181,207.14616
69,0.539421,0.5581982,327.28418,124.28659,363.17474,200.95135
69,0.6246144,0.68343717,377.3167,168.60803,422.18976,246.03738
69,0.5042468,0.6635309,294.95978,151.53616,350.47607,238.87112
69,0.64080125,0.5401093,395.2086,136.74072,425.017,194.43933
69,0.98940027,0.5221124,626.68945,96.82034,639.7429,187.96048
69,0.41220117,0.5557215,251.49094,125.95532,276.12656,200.05975
69,0.056438267,0.61651033,25.597761,137.82593,46.64322,221.94373
69,0.9636887,0.6887711,596.69214,119.8804,636.82935,247.95761
69,0.6416647,0.61703336,394.4461,134.38495,426.8847,222.13202
70,0.388384,0.8790542,223.64789,203.41129,273.48364,316.4595
70,0.02706843,0.8211577,0.0,176.29486,34.64759,295.61676
70,0.59929574,0.8977394,361.05463,220.00302,406.04388,323.1862
70,0.4850088,0.8042593,284.19653,181.28885,336.61475,289.53336
70,0.37060457,0.6646929,220.65309,134.99121,253.72078,239.28943
70,0.7072194,0.57384413,430.0616,130.60446,475.17923,206.5839
70,0.6446627,0.67007625,392.6509,137.73575,432.5173,241.22745
70,0.64053947,0.558082,394.16693,138.16885,425.72357,200.90952
70,0.5085084,0.664353,299.9483,154.34201,350.94244,239.16708
70,0.98949796,0.5217556,626.81384,96.97095,639.7435,187.832
70,0.4045102,0.55552894,248.1589,136.26324,269.61417,199.99042
70,0.96413577,0.6897194,596.76666,119.57291,637.3271,248.29898
70,0.5443347,0.5524432,328.90582,125.98312,367.8426,198.87955
70,0.056631304,0.68805146,24.757132,135.87445,47.730934,247.69852
71,0.39376825,0.8768666,223.70139,205.15701,280.322,315.67197
71,0.02804405,0.814684,0.012554169,177.55444,35.88383,293.28622
71,0.5897678,0.89348125,354.85565,217.49919,400.04718,321.65326
71,0.65010536,0.6721922,395.03992,138.98688,437.09497,241.9892
71,0.365132,0.6637712,215.50293,135.14429,251.86603,238.95764
71,0.48343912,0.78516775,292.81442,178.15094,325.98764,282.6604
71,0.70771515,0.5733825,430.8921,129.21652,474.98328,206.4177
71,0.5071953,0.6624413,298.61246,151.59985,350.5975,238.47888
71,0.9895439,0.5213985,626.88354,95.781944,639.73267,187.70346
71,0.96421146,0.6888823,596.7467,120.61151,637.444,247.99762
71,0.6061417,0.66701865,369.31445,175.38867,406.54688,240.12671
71,0.3985147,0.55624133,243.05853,139.69357,267.04025,200.24689
72,0.39751583,0.8743315,223.67593,206.43538,285.14435,314.75934
72,0.029524285,0.8135426,0.047439575,180.97235,37.743645,292.87534
72,0.6590664,0.6737859,395.3913,141.04913,448.21368,242.56293
72,0.58039904,0.8882278,348.91992,212.96504,393.99084,319.76202
72,0.3664394,0.6644893,215.09708,135.3312,253.94534,239.21616
72,0.70663595,0.5732099,430.65323,130.30411,473.8408,206.35556
72,0.48515552,0.76054597,293.4672,175.09906,327.5319,273.79654
72,0.98955745,0.5210873,626.9043,96.73424,639.72925,187.59142
72,0.6072463,0.7587299,373.25195,215.41473,404.02332,273.14276
72,0.96425647,0.68877125,596.7533,121.32141,637.495,247.95764
73,0.39931494,0.8755019,225.28531,205.97516,285.83783,315.18066
73,0.031692088,0.8116267,0.058689117,183.49869,40.507183,292.1856
73,0.56967056,0.85103965,341.75745,211.0183,387.4209,306.37427
73,0.36567152,0.6650019,214.23145,130.88763,253.8281,239.4007
73,0.70628464,0.5720186,430.28464,131.31104,473.75967,205.9267
73,0.6600296,0.6705659,393.92502,145.40863,450.91287,241.40372
73,0.47897023,0.769996,281.77783,174.6188,331.30408,277.19855
73,0.6093961,0.7607022,372.8069,163.0586,407.2201,273.85278
73,0.056572676,0.60446346,25.837135,136.4465,46.57589,217.60684
73,0.98958814,0.52162343,626.94006,96.33037,639.7328,187.78444
73,0.96392757,0.6889055,596.6233,121.04901,637.204,248.00598
74,0.40465832,0.87513727,229.39288,204.26724,288.56976,315.0494
74,0.36225766,0.66289586,209.92389,129.9276,253.76593,238.6425
74,0.5538951,0.85357606,333.99152,208.5654,374.9942,307.28738
74,0.032986883,0.8128044,0.2545128,187.23279,41.968697,292.6096
74,0.66240233,0.6742248,397.3067,143.63217,450.5683,242.72092
74,0.49929732,0.7712228,295.50952,175.97055,343.59106,277.6402
74,0.70779973,0.57511836,431.47333,130.99066,474.5103,207.0426
74,0.61036634,0.7358993,372.97577,152.82083,408.29315,264.92377
74,0.056695353,0.59233993,25.956936,134.94849,46.613117,213.24237
74,0.98957634,0.521733,626.9246,97.53348,639.7331,187.82388
74,0.9639584,0.6895162,596.5316,120.67737,637.3351,248.22583
74,0.5803623,0.5432364,364.41,171.91483,378.45377,195.5651
74,0.49927515,0.53561455,302.05524,151.87091,337.01697,192.82123
75,0.41691542,0.8698262,239.02338,200.70248,294.62836,313.13742
75,0.35986286,0.6646798,206.7915,133.40985,253.83295,239.28473
75,0.66648704,0.67290086,402.5426,139.649,450.5608,242.24431
75,0.52216804,0.8484576,300.0946,203.85385,368.28052,305.44473
75,0.7064668,0.5736583,432.25656,129.86101,472.0209,206.51698
75,0.49309707,0.7615403,295.0232,173.5057,336.14105,274.1545
75,0.60447687,0.708481,370.9626,135.40668,402.76782,255.05316
75,0.03914379,0.8143409,4.5305176,197.39455,45.573532,293.16272
75,0.49231234,0.5167811,296.72888,152.03218,333.4309,186.04118
75,0.98953706,0.5263357,626.88745,93.22294,639.72,189.48087
75,0.056420427,0.5787852,25.49068,137.1075,46.727467,208.36266
76,0.42756826,0.8591098,248.30785,199.70973,298.9795,309.27954
76,0.3480389,0.66289365,201.2808,135.2129,244.209,238.64171
76,0.67476046,0.6702638,411.75122,143.41736,451.94214,241.29498
76,0.491749,0.7645896,295.60138,172.54803,333.83734,275.25226
76,0.53575623,0.8275281,324.63657,197.41653,361.13144,297.91013
76,0.045288336,0.80000865,7.7527466,198.20404,50.216324,288.0031
76,0.60077494,0.6912738,369.68878,130.44406,399.30316,248.85858
76,0.707485,0.5757476,432.57617,131.46713,473.00464,207.26913
76,0.98959225,0.52675635,626.94464,94.74216,639.73346,189.6323
76,0.49266705,0.513181,295.8097,149.82455,334.80414,184.74515
76,0.042747878,0.7994107,3.8675804,128.90771,50.849705,287.78784
77,0.68941414,0.6723631,417.19336,144.86911,465.2567,242.05072
77,0.44003755,0.84832287,254.63908,201.42296,308.60895,305.39624
77,0.5988583,0.6884221,365.3177,107.99609,401.22095,247.83194
77,0.50047165,0.7672109,295.27026,148.40182,345.33344,276.19592
77,0.045807578,0.782194,6.2358437,137.05145,52.397854,281.58984
77,0.33824217,0.66849124,196.15137,132.28316,236.79861,240.65685
77,0.046234895,0.7818732,7.0053635,193.02869,52.1753,281.47437
77,0.34453183,0.5695749,202.86322,117.298645,238.13751,205.04697
77,0.71145207,0.57575226,437.0647,136.48456,473.59393,207.27081
77,0.9897747,0.52522624,627.17584,92.896515,639.7358,189.08145
77,0.6868973,0.3291005,429.57214,92.56557,449.65637,118.47618
78,0.45265675,0.85688204,256.16302,209.30809,323.2376,308.47754
78,0.7023564,0.67438465,419.55505,140.5838,479.46112,242.77847
78,0.05093149,0.77587223,7.3367443,187.74088,57.85556,279.314
78,0.592359,0.6916209,358.69397,119.16199,399.52557,248.98352
78,0.34487325,0.56851655,203.67276,121.1911,237.76498,204.66595
78,0.5081407,0.8421107,303.32953,194.1123,347.0905,303.15985
78,0.3345582,0.66780096,195.75803,138.3411,232.47647,240.40836
78,0.048149306,0.77351236,5.3184624,137.83463,56.31265,278.46445
78,0.5002986,0.6293703,297.7091,141.44409,342.6731,226.5733
78,0.50000006,0.5931929,300.76443,144.44525,339.23563,213.54944
78,0.7121153,0.57153714,431.29413,134.91939,480.21344,205.75337
78,0.9899287,0.52039874,627.3742,94.87679,639.73456,187.34354
78,0.6868924,0.32900035,429.56934,92.51962,449.6529,118.440125
79,0.45440865,0.85943604,256.00592,216.23839,325.63715,309.39697
79,0.70410335,0.67584914,418.14838,143.86014,483.10394,243.3057
79,0.057657696,0.7779045,10.182064,185.40033,63.619785,280.04562
79,0.32258284,0.6720603,178.76558,141.99579,234.14046,241.94171
79,0.50570804,0.8030706,296.3216,187.49274,350.98468,289.1054
79,0.33990055,0.56892955,199.08038,122.90503,235.99231,204.81464
79,0.58985424,0.71179235,357.34546,129.38818,397.66797,256.24524
79,0.05590411,0.59433585,25.188755,135.13513,46.368504,213.9609
79,0.5110097,0.5601548,313.42053,131.56985,340.67188,201.65573
79,0.9900362,0.5175004,627.51624,94.784424,639.7301,186.30014
79,0.71820796,0.5738303,432.24963,136.06274,487.05652,206.57892
80,0.45463747,0.86223435,256.18768,214.4856,325.7483,310.40436
80,0.3112766,0.6721854,168.89478,143.62912,229.5393,241.98676
80,0.068094864,0.7738212,13.467346,180.61115,73.69408,278.57562
80,0.70279187,0.68014365,418.81036,156.7136,480.76324,244.85172
80,0.58940715,0.7346433,357.44116,145.59595,397.0,264.4716
80,0.33743736,0.5681561,195.10666,123.171936,236.81317,204.5362
80,0.5040897,0.79771906,294.38437,176.59906,350.8505,287.17886
80,0.97855586,0.7287189,612.7079,175.33374,639.8436,262.3388
80,0.5120929,0.48028946,314.50305,126.56424,340.97583,172.9042
80,0.50796115,0.67142385,298.90393,163.21744,351.28638,241.71259
80,0.54807854,0.4728757,339.14508,127.43942,362.39545,170.23526
80,0.056050263,0.6219015,25.0664,134.62827,46.67794,223.88455
80,0.9900614,0.51599485,627.5447,95.638245,639.7339,185.75815
80,0.72197163,0.57223195,436.31036,137.8594,487.8133,206.00351
80,0.99087065,0.51472706,628.5205,116.77791,639.79395,185.30174
80,0.68698156,0.3282318,429.86212,92.94299,449.4743,118.16345
81,0.45395464,0.8588394,254.8656,210.55464,326.19635,309.1822
81,0.6990637,0.68057626,415.74393,153.28662,479.05765,245.00745
81,0.5944398,0.76735383,363.4878,158.87201,397.39514,276.24738
81,0.081901476,0.75009376,24.959778,180.16571,79.87411,270.03375
81,0.4830981,0.78610265,289.93405,169.3956,328.4315,282.99695
81,0.30230653,0.67166764,161.79294,144.3338,225.15942,241.80035
81,0.33002725,0.56790596,186.07434,121.54376,236.36053,204.44614
81,0.5196178,0.6740325,313.31857,144.27725,351.7922,242.6517
81,0.72427976,0.57728744,439.07938,142.16466,487.9987,207.82347
81,0.9698043,0.71236366,601.6581,170.55042,639.6914,256.45093
81,0.055345606,0.70058984,23.849707,135.103,46.99267,252.21234
81,0.99022806,0.51804763,627.7446,96.82265,639.7473,186.49715
81,0.54999226,0.46837157,338.95477,126.84845,365.03534,168.61377
81,0.95164746,0.5325855,598.1888,127.137024,619.92,191.73077
81,0.08148044,0.7455312,24.307617,135.51251,79.98735,268.39124
81,0.9564239,0.524463,598.03705,122.48813,626.1855,188.80667
81,0.9908497,0.5257942,628.4994,119.07178,639.7882,189.28592
81,0.512671,0.47083995,313.03162,117.96039,343.18726,169.50238
82,0.44116765,0.84983027,248.12068,205.90141,316.5739,305.9389
82,0.694531,0.68043137,414.43222,148.05954,474.56747,244.95529
82,0.099114396,0.74732786,42.435287,174.05215,84.43114,269.03802
82,0.5952422,0.7776446,363.76678,172.08298,398.14325,279.95206
82,0.47082558,0.7585592,283.34277,150.8981,319.31396,273.08133
82,0.9669773,0.7650739,597.9793,168.67389,639.75165,275.4266
82,0.518976,0.666619,314.99905,118.17868,349.2902,239.98285
82,0.72222984,0.5725383,439.66644,134.9851,484.78778,206.1138
82,0.3133072,0.5643098,177.31863,123.87543,223.71457,203.15152
82,0.28346413,0.6743815,158.6659,139.9339,204.16821,242.77734
82,0.055983454,0.6883942,25.129059,135.10367,46.529762,247.8219
82,0.65934885,0.5482663,414.95416,183.18616,429.0124,197.37585
82,0.9899742,0.53137743,627.43164,90.279434,639.73535,191.29588
82,0.5624782,0.52781993,339.85956,127.194855,380.11255,190.01517
82,0.9600895,0.51394045,601.527,121.281784,627.3876,185.01857
82,0.55713034,0.48722696,340.86954,127.21445,372.2573,175.4017
82,0.6868272,0.32831553,429.721,93.303635,449.4178,118.19359
83,0.68360966,0.6751877,411.67105,148.45836,463.34933,243.06758
83,0.5934676,0.7772343,361.8895,176.99045,397.749,279.80435
83,0.4209938,0.8467729,241.17433,201.51398,297.69775,304.83826
83,0.47067842,0.73576593,276.90784,147.4801,325.56055,264.87573
83,0.11034791,0.7350371,52.48764,165.31732,88.75769,264.61334
83,0.9511162,0.7589559,589.1058,166.27032,628.32294,273.22412
83,0.7177292,0.5710466,437.62134,135.49475,481.07202,205.57678
83,0.521478,0.6620565,316.89127,118.542816,350.60056,238.34033
83,0.5647369,0.5341022,344.19907,126.59503,378.66415,192.2768
83,0.29204106,0.55885375,169.19025,123.31674,204.62231,201.18735
83,0.05639991,0.68634135,25.04678,134.91211,47.145107,247.08289
83,0.989826,0.5307344,627.24097,92.8811,639.7363,191.06439
83,0.27861553,0.68304485,152.28552,126.971405,204.34235,245.89615
83,0.2738761,0.6802599,154.83412,151.61798,195.72728,244.89355
83,0.9596262,0.52511454,602.09937,121.762726,626.22217,189.04123
83,0.68689144,0.32797903,429.75696,93.27202,449.4641,118.07245
84,0.4076509,0.83730996,233.98212,200.153,287.81104,301.43158
84,0.67785305,0.6787477,408.90512,148.91946,458.7468,244.34918
84,0.59598607,0.7761269,362.71454,177.17456,400.14764,279.4057
84,0.94051564,0.75980973,579.0986,165.60336,624.7614,273.5315
84,0.25528604,0.678208,144.01605,155.43134,182.75006,244.15488
84,0.11412092,0.73359054,54.80578,158.24597,91.269005,264.0926
84,0.52357644,0.67132884,317.51892,128.28783,352.65894,241.67839
84,0.28570423,0.5488624,168.47018,125.9556,197.23123,197.59045
84,0.453332,0.7023392,269.73834,145.0119,310.5266,252.8421
84,0.71773165,0.5720217,437.69287,135.90445,481.00366,205.92783
84,0.056114614,0.6868487,24.833704,134.57938,46.993004,247.26553
84,0.989682,0.52358925,627.04755,95.10985,639.7454,188.49214
84,0.5627955,0.54163635,341.5444,126.82028,378.83383,194.98907
85,0.39254618,0.83445436,224.2876,201.14943,278.1715,300.40356
85,0.67559385,0.68097544,403.62946,152.22824,461.13068,245.15115
85,0.72195774,0.5757744,440.0464,133.60443,484.0595,207.27878
85,0.6021697,0.77575326,366.07263,176.16544,404.7046,279.27118
85,0.44182253,0.6803017,257.0404,144.79572,308.49243,244.90863
85,0.5286859,0.6998606,319.1864,134.04749,357.53162,251.9498
85,0.9297125,0.75612277,567.208,162.22449,622.824,272.2042
85,0.2435046,0.68026876,133.18402,148.08951,178.50186,244.89676
85,0.13492426,0.7058925,61.508064,141.48672,111.194984,254.1213
85,0.56888723,0.54187876,345.21832,127.23572,382.95734,195.07635
85,0.2748155,0.55785125,157.50441,128.41562,194.25945,200.82645
85,0.056194425,0.68734354,24.79286,135.50269,47.136,247.44366
85,0.98968065,0.5251846,627.0537,94.99127,639.73755,189.06644
85,0.28504747,0.5591403,171.85248,129.10406,193.0083,201.29053
86,0.37094063,0.8283073,201.69919,206.18018,273.10483,298.1906
86,0.7244171,0.5820341,441.50806,131.35326,485.7458,209.53227
86,0.6112726,0.7810002,368.06567,175.39862,414.36322,281.16006
86,0.52537364,0.7265386,317.19894,146.34332,355.27933,261.5539
86,0.43878126,0.6809717,253.0979,143.9125,308.5421,245.14981
86,0.9112115,0.72534436,555.5736,159.0264,610.7771,261.12396
86,0.24400647,0.67392206,137.96976,130.84293,174.35852,242.61194
86,0.28098902,0.5558538,168.73563,128.44879,190.93033,200.10736
86,0.66824514,0.6809222,396.0878,154.15439,459.26596,245.13199
86,0.13030824,0.6141747,60.364326,131.75385,106.43023,221.1029
86,0.05612149,0.6891666,24.638702,134.93729,47.196808,248.09998
86,0.98969066,0.5243044,627.0561,93.39166,639.748,188.74957
86,0.2739404,0.55435026,160.64322,128.94821,190.00052,199.5661
86,0.14014809,0.59238875,73.19751,131.27893,106.19205,213.25995
86,0.9572815,0.68830025,595.85266,125.332214,629.46765,247.78809
86,0.57186085,0.4839769,346.9366,127.5708,385.04526,174.23169
87,0.36240792,0.82729286,190.99896,210.16383,272.88318,297.82544
87,0.7243235,0.58841187,438.985,133.85945,488.1491,211.82826
87,0.53152955,0.7248858,315.7343,154.98032,364.62347,260.9589
87,0.88831556,0.7184687,544.64734,158.45963,592.3966,258.64874
87,0.6188246,0.78158325,370.6505,160.18512,421.44495,281.36996
87,0.42452946,0.6876562,252.45456,154.65207,290.94315,247.55624
87,0.3876759,0.631673,226.77054,123.69621,269.45462,227.40227
87,0.25188234,0.6185007,143.81534,124.80588,178.59406,222.66025
87,0.14866006,0.5615724,75.99612,122.260284,114.288765,202.16605
87,0.055844128,0.6902771,24.257736,135.37744,47.222748,248.49976
87,0.9896191,0.5240202,626.9746,96.260345,639.7378,188.64728
87,0.5738071,0.5198774,348.73572,128.52902,385.73743,187.15585
87,0.9882679,0.5254735,625.17957,120.27678,639.80334,189.17046
87,0.96060926,0.6888876,596.5242,124.200226,633.05566,247.99954
88,0.3591584,0.82659304,188.0603,212.18353,271.66245,297.5735
88,0.6159891,0.7823274,368.8838,171.21613,419.58228,281.63788
88,0.72200984,0.5880119,435.99524,134.13089,488.17737,211.6843
88,0.53250235,0.71618104,318.046,156.35614,363.55704,257.82516
88,0.8691465,0.7248797,539.3086,155.43588,573.199,260.9567
88,0.41792178,0.71589196,244.85751,161.06308,290.08237,257.7211
88,0.15700653,0.5997058,78.31575,115.05351,122.65262,215.89409
88,0.24890752,0.6283325,142.28561,130.84877,176.31601,226.19969
88,0.055596936,0.6896585,24.227842,135.22415,46.936234,248.27707
88,0.37237367,0.63063323,222.0467,115.85744,254.5916,227.02797
88,0.9895975,0.524493,626.948,94.62274,639.7368,188.81747
88,0.5840686,0.50276643,354.2339,127.84354,393.3739,180.99591
88,0.9881245,0.52578914,624.99805,120.17355,639.8013,189.28409
88,0.6869792,0.32858726,430.1585,93.485825,449.17487,118.29141
89,0.3580326,0.82710224,187.87936,210.76767,270.40237,297.7568
89,0.6256129,0.7851721,380.0655,169.7077,420.71906,282.66196
89,0.5377547,0.714817,323.9118,155.4649,364.41425,257.3341
89,0.7207486,0.5887132,436.02887,134.98163,486.52936,211.93677
89,0.8503496,0.72451526,523.9408,152.03891,564.5067,260.8255
89,0.17789726,0.5923956,99.70262,110.64243,128.00587,213.26242
89,0.4095045,0.7344862,236.90279,169.86627,287.263,264.41504
89,0.05605481,0.69027966,24.723022,134.14447,47.02713,248.50067
89,0.23994736,0.6005148,134.24802,121.01257,172.88461,216.18533
89,0.98953515,0.52471584,626.86926,91.91039,639.7357,188.8977
89,0.9621916,0.68651843,596.36865,123.00632,635.2366,247.14664
89,0.68689764,0.32788157,429.89963,93.24585,449.32938,118.03737
90,0.3507742,0.82827914,187.34796,207.89221,261.643,298.18048
90,0.62956643,0.7828371,380.9161,169.12732,424.92892,281.82135
90,0.53914857,0.71155393,324.59625,154.47067,365.51392,256.15942
90,0.71921104,0.5902431,435.5594,137.17068,485.03076,212.48752
90,0.82860816,0.7209087,506.19235,152.16507,554.426,259.52713
90,0.39664736,0.7255378,235.3594,173.81458,272.3492,261.1936
90,0.18644182,0.598007,101.27893,116.12543,137.36661,215.28253
90,0.5939247,0.52453536,364.30994,131.91019,395.9137,188.83273
90,0.2390325,0.5811534,117.53561,112.86638,188.426,209.21523
90,0.9626411,0.6868808,596.448,121.52521,635.73267,247.2771
90,0.9894737,0.5244854,626.7909,91.361465,639.7355,188.81474
90,0.055995367,0.68991935,24.633183,134.58078,47.04089,248.37097
90,0.34598237,0.6002666,199.17422,97.95924,243.68323,216.09596
90,0.2868836,0.33052015,166.99863,84.260956,200.21237,118.98726
90,0.605095,0.6575845,374.19824,176.87573,400.32336,236.73041
90,0.6869953,0.32811177,430.02515,93.00844,449.32886,118.12024
91,0.3413673,0.82793486,180.5394,208.29721,256.41074,298.05655
91,0.6416527,0.7858033,385.4828,171.02493,435.83264,282.8892
91,0.5409244,0.7075771,325.2928,154.73706,367.0904,254.72775
91,0.81003,0.710696,496.735,153.49149,540.1034,255.85056
91,0.20036891,0.59131366,108.17041,115.67322,148.30179,212.87292
91,0.716396,0.59024537,431.92883,144.75423,485.05798,212.48833
91,0.2537883,0.57091206,134.38263,115.11899,190.46637,205.52835
91,0.3929624,0.72469616,233.5054,178.0943,269.48648,260.89062
91,0.055748444,0.68942946,24.370796,134.6506,46.987213,248.19461
91,0.3451774,0.62952006,191.99268,100.148766,249.83441,226.62723
91,0.9627487,0.68885195,596.6384,120.86914,635.67993,247.9867
91,0.9894602,0.52479005,626.7717,90.98191,639.7373,188.92441
91,0.59701234,0.55581146,366.3143,133.41037,397.86148,200.09213
91,0.6870775,0.32819134,430.0351,93.116455,449.42413,118.14888
92,0.65434194,0.799715,389.30276,173.58188,448.2549,287.8974
92,0.5405691,0.7050988,325.45477,154.94577,366.4737,253.83557
92,0.32385498,0.8274107,163.63461,209.48528,250.89975,297.86786
92,0.7864171,0.71163344,481.24377,153.48248,525.3702,256.18805
92,0.7144173,0.5869817,430.9605,146.51779,483.4936,211.31342
92,0.3871483,0.72542953,231.12912,175.62497,264.4207,261.15463
92,0.21111631,0.61919177,115.48425,126.8454,154.74463,222.90903
92,0.3232802,0.639308,182.82236,103.464424,230.97629,230.15088
92,0.582451,0.64789075,357.24966,160.39716,388.28763,233.24066
92,0.98730624,0.5313919,623.8959,90.65966,639.8561,191.30109
92,0.05586052,0.6890466,24.494165,135.32254,47.0073,248.0568
92,0.96295774,0.68903476,596.65186,121.52118,635.9341,248.05252
93,0.6544706,0.8038159,388.15826,181.87512,449.56415,289.37372
93,0.31896254,0.82917887,162.75893,212.6544,245.51314,298.5044
93,0.7736166,0.7118966,473.00354,152.82498,517.2257,256.28278
93,0.5461241,0.7080259,330.852,152.66592,368.18683,254.88931
93,0.38327155,0.7338966,228.93423,175.56906,261.65335,264.2028
93,0.7127531,0.5803463,431.43073,147.03099,480.89325,208.92467
93,0.22370517,0.66014874,124.139404,128.56715,162.20322,237.65355
93,0.05581496,0.690025,24.406353,135.05792,47.036793,248.409
93,0.98928374,0.524239,626.54956,94.38706,639.73364,188.72604
93,0.29451573,0.6703431,168.58936,127.851715,208.39078,241.32352
93,0.59796023,0.51666296,361.2889,131.59723,404.1002,185.99866
93,0.9629938,0.6884641,596.71545,121.42355,635.9166,247.84708
93,0.6872127,0.3280504,430.1184,92.70166,449.51385,118.098145
94,0.32176095,0.8273285,163.69421,212.35327,248.15982,297.83826
94,0.65418166,0.80274785,388.469,185.88834,448.88354,288.98923
94,0.3817621,0.7350213,227.49399,170.46039,261.16147,264.60767
94,0.70932686,0.57743174,431.5744,146.53278,476.364,207.87543
94,0.5489227,0.70580333,334.02863,149.82394,368.59247,254.0892
94,0.7655449,0.70906425,469.51346,152.90521,510.384,255.26312
94,0.23143537,0.6866827,128.12236,154.02243,168.11491,247.20578
94,0.055747736,0.6882746,24.272879,134.90982,47.08422,247.77887
94,0.2854558,0.67509353,162.79463,131.6987,202.58879,243.03366
94,0.98928005,0.5244105,626.54877,95.33532,639.7297,188.78778
94,0.7332293,0.57531464,459.24695,192.10712,479.2865,207.11328
94,0.9626541,0.6888822,596.29126,122.02063,635.906,247.99759
94,0.6871713,0.3279943,430.07843,92.8212,449.5008,118.07794
94,0.5980005,0.5243173,360.28064,132.7836,405.16003,188.75424
95,0.3211534,0.8280957,162.94177,208.41948,248.13458,298.11444
95,0.6541361,0.80224663,388.2116,184.67914,449.08264,288.80878
95,0.38072866,0.73525935,226.82724,167.65936,260.50546,264.69336
95,0.5496005,0.7044386,334.14703,149.12735,369.34155,253.5979
95,0.70791304,0.5762305,432.5819,145.59088,473.54675,207.443
95,0.7564473,0.7076559,466.72522,151.12302,501.52734,254.75613
95,0.2365439,0.68306124,130.05896,160.27081,172.71722,245.90204
95,0.055844974,0.6866124,24.61449,134.89288,46.867077,247.18048
95,0.9883195,0.529952,625.21106,92.09675,639.8379,190.78271
95,0.9626312,0.688955,596.2656,121.320496,635.90234,248.0238
95,0.72984725,0.56675935,457.68658,189.9698,476.51788,204.03337
95,0.687421,0.32910886,430.2376,92.5791,449.66132,118.47919
95,0.366258,0.61523336,228.02307,209.32721,240.78717,221.48401
95,0.4327074,0.32729805,269.81305,100.79457,284.05243,117.8273
95,0.7299674,0.5672441,456.8423,180.14746,477.516,204.20789
96,0.6543654,0.8009126,388.07443,181.49347,449.51334,288.32855
96,0.3181092,0.8274109,163.54341,201.07838,243.63637,297.86792
96,0.38206849,0.7352448,228.02228,159.861,261.0254,264.68814
96,0.5478621,0.7035828,333.03873,146.13925,368.22476,253.28983
96,0.7461313,0.7051572,459.11523,149.52371,495.9328,253.8566
96,0.7067223,0.5786914,433.15323,143.93182,471.45132,208.32892
96,0.23737824,0.68668866,131.8497,159.41177,171.99445,247.20792
96,0.5798877,0.6461982,359.25574,163.7449,383.0005,232.63135
96,0.055606235,0.6869485,24.055151,135.2269,47.120827,247.30145
96,0.9882841,0.5296209,625.16895,92.46381,639.8347,190.66351
96,0.9629307,0.6888994,596.4737,118.64899,636.0776,248.00378
97,0.65474194,0.80093205,388.2827,179.8364,449.787,288.33554
97,0.31160855,0.82790554,162.58826,191.27835,236.27069,298.046
97,0.54743636,0.70586884,331.49902,146.4573,369.21948,254.1128
97,0.38397962,0.7363161,229.22101,158.176,262.2729,265.0738
97,0.73696744,0.7086959,451.6522,151.45789,491.66617,255.13052
97,0.238972,0.6895371,130.64441,163.3281,175.23975,248.23337
97,0.58797425,0.647222,358.78882,163.14993,393.81824,232.99991
97,0.055518795,0.6857354,24.03453,135.1217,47.029526,246.86475
97,0.98820794,0.5307446,625.07227,93.991,639.83386,191.06805
97,0.6973721,0.56211156,431.11395,136.74945,461.52234,202.36017
97,0.9629556,0.68892765,596.2356,118.15585,636.34753,248.01395
98,0.65560466,0.801251,388.90485,178.80246,450.2691,288.45035
98,0.54643536,0.7060774,329.3302,148.45709,370.10706,254.18787
98,0.7268077,0.7089818,444.21887,149.59247,486.09497,255.23346
98,0.38639227,0.74196744,230.99728,158.31345,263.5848,267.10828
98,0.2970744,0.82795393,151.92615,194.19405,228.3291,298.06342
98,0.05538575,0.6864479,23.985119,135.14746,46.90864,247.12125
98,0.988006,0.53087175,624.81104,93.96325,639.8367,191.11383
98,0.58917487,0.6475617,359.21365,147.80551,394.9302,233.12222
98,0.24430294,0.68600124,131.89786,161.02939,180.8099,246.96045
98,0.7125837,0.5384284,445.6527,174.09247,466.45447,193.83423
98,0.9631796,0.6888108,596.35846,117.586945,636.5114,247.9719
98,0.24584365,0.5008964,136.36237,122.507385,178.3175,180.3227
98,0.24662027,0.55493003,135.34839,122.84494,180.32556,199.77481
99,0.6540623,0.80188316,387.2569,178.51212,449.9428,288.67795
99,0.29938287,0.82858694,162.20604,189.07635,221.00401,298.2913
99,0.546196,0.70863336,328.83722,147.73666,370.29364,255.108
99,0.38848662,0.7496523,232.14404,160.3182,265.11884,269.87485
99,0.7241221,0.7000632,443.9501,147.9444,482.92618,252.02277
99,0.5912546,0.6454178,359.65143,144.7118,397.15448,232.35042
99,0.055468548,0.6863317,23.963186,135.13287,47.036552,247.0794
99,0.9878958,0.5307263,624.6704,94.24335,639.8362,191.06146
99,0.9631678,0.6888086,596.354,117.57132,636.50073,247.9711
99,0.6941093,0.5680892,429.58264,133.30832,458.87732,204.51212
100,0.654195,0.80269647,387.23694,178.70755,450.1327,288.97073
100,0.39020738,0.75686866,232.6644,163.01694,266.80106,272.47272
100,0.54653114,0.7074434,330.0667,147.38947,369.49316,254.67963
100,0.7184118,0.7042808,439.88416,146.1217,479.68298,253.54108
100,0.29383448,0.82875603,162.17871,186.08539,213.92941,298.35217
100,0.5923071,0.64635354,360.6716,141.62602,397.48148,232.68727
100,0.055429697,0.68646175,23.883068,135.32285,47.066944,247.12622
100,0.98822767,0.5308974,625.0958,93.7965,639.8356,191.12305
100,0.25385183,0.64574903,151.14871,177.79536,173.78165,232.46965
100,0.96306515,0.68901885,596.3174,117.15762,636.406,248.04678
100,0.24484697,0.68418545,138.63129,176.03821,174.77283,246.30676
100,0.229893,0.58380425,135.44168,127.467865,158.82135,210.16953
101,0.6543248,0.80149096,387.30908,178.81213,450.22668,288.53674
101,0.3916316,0.76613814,232.73401,165.66116,268.55444,275.80972
101,0.7125456,0.70360065,436.281,146.58896,475.77734,253.29623
101,0.5477482,0.7070905,330.89056,147.3411,370.2271,254.55258
101,0.29217833,0.82869595,160.2475,186.04675,213.74078,298.33054
101,0.5932456,0.64773834,361.84784,139.2015,397.50653,233.18579
101,0.2275137,0.6809395,130.6966,131.44543,160.52094,245.13821
101,0.055467546,0.686985,23.90624,135.40381,47.092216,247.3146
101,0.98826945,0.5307503,625.1526,92.8313,639.8323,191.0701
101,0.27189484,0.5654129,156.05759,150.82857,191.9678,203.54863
101,0.9629614,0.6888863,596.31903,117.08801,636.27155,247.99905
101,0.26378956,0.4681749,154.534,123.03601,183.11664,168.54297
102,0.6552404,0.80204415,388.38885,180.27765,450.3189,288.7359
102,0.39241657,0.76247567,232.33511,166.93753,269.9581,274.49124
102,0.7046008,0.70186913,429.03925,146.53543,472.8498,252.67288
102,0.28979108,0.8276837,160.18332,186.60315,210.74927,297.96613
102,0.54858875,0.7068198,332.24295,146.38525,369.95065,254.45511
102,0.2275048,0.6865208,129.63797,124.63272,161.56818,247.14749
102,0.596383,0.6473808,366.54407,135.00797,396.82617,233.0571
102,0.2781,0.56141245,162.55814,150.72168,193.40988,202.10849
102,0.055548657,0.6879873,24.008638,135.45108,47.093643,247.67545
102,0.22776628,0.6879379,129.49551,168.51175,162.04532,247.65765
102,0.67075175,0.5501378,415.85275,131.72076,442.7095,198.04962
102,0.98926735,0.5260435,626.54565,97.274574,639.71655,189.37564
102,0.9630602,0.6889951,596.38684,117.66095,636.3302,248.03824
103,0.6548993,0.80097204,388.47156,178.45505,449.79956,288.34995
103,0.39424297,0.76374894,232.67279,166.7453,271.95822,274.94962
103,0.28747636,0.83066016,155.55994,187.03934,212.40982,299.03766
103,0.7048582,0.70355785,430.06024,147.1708,472.15826,253.28082
103,0.54970694,0.7072124,336.04926,145.73273,367.57562,254.59647
103,0.22462401,0.68833804,127.2663,122.622406,160.25244,247.8017
103,0.055526085,0.6873598,24.02304,135.08722,47.050346,247.44952
103,0.6007102,0.6402554,367.90402,132.64905,401.00504,230.49194
103,0.44215813,0.51328963,276.05914,156.04214,289.90326,184.78427
103,0.98713416,0.5319043,623.6809,91.78234,639.8508,191.48553
103,0.9630809,0.68894756,596.3736,117.05112,636.36993,248.02112
103,0.658377,0.7939793,387.1775,149.21066,455.54504,285.83255
104,0.65296346,0.8016554,386.63715,180.56427,449.15607,288.59595
104,0.39563966,0.7623743,233.82211,165.44858,272.59665,274.45474
104,0.6964958,0.7063219,426.21927,145.86826,465.29532,254.27588
104,0.2899281,0.8279068,158.77063,180.88934,212.33734,298.04645
104,0.5453755,0.7072704,331.31842,146.9119,366.76227,254.61734
104,0.6046846,0.6401562,369.2698,137.95453,404.72647,230.45624
104,0.05566398,0.6868322,24.54639,135.4588,46.703503,247.25958
104,0.22515409,0.6858103,128.40326,125.647705,159.79398,246.89172
104,0.98725164,0.5319537,623.8318,92.25564,639.85034,191.50333
104,0.9631175,0.68910533,596.3705,116.742065,636.4199,248.07791
104,0.27360883,0.47877866,164.02954,121.31247,186.18976,172.36032
104,0.4360478,0.5137743,270.96524,160.80768,287.17593,184.95874
104,0.663839,0.47622874,414.86594,125.88602,434.848,171.44235
104,0.22554716,0.47175953,132.2702,116.323425,156.43018,169.83344
104,0.6634426,0.5293143,413.81122,125.670135,435.39532,190.55313
105,0.6439039,0.802232,379.2558,181.2214,444.94122,288.80353
105,0.3995679,0.7655642,235.52087,164.44925,275.92603,275.60312
105,0.69063115,0.7083098,425.21704,141.65805,458.79083,254.99155
105,0.29321203,0.8279337,161.2024,150.41974,214.10901,298.05615
105,0.2244035,0.6818193,127.64737,119.00983,159.58911,245.45496
105,0.5462178,0.7087422,334.1161,147.7294,365.04272,255.14719
105,0.5358945,0.7075876,321.22626,146.24304,364.7187,254.73154
105,0.27816355,0.5233245,164.41438,117.91452,191.63496,188.39682
105,0.6607812,0.48418123,412.47607,114.509125,433.32385,174.30524
105,0.055645186,0.6864321,24.507824,135.32242,46.718014,247.11557
105,0.9872824,0.53165305,623.869,91.615585,639.8524,191.3951
105,0.29282355,0.82795334,161.22154,200.311,213.5926,298.0632
105,0.9631691,0.68965054,596.4603,117.17374,636.3961,248.2742
105,0.278503,0.48018706,166.07845,117.50711,190.40541,172.86734
106,0.6355098,0.80044913,376.69003,179.88123,436.76248,288.16168
106,0.68658906,0.7041799,423.22192,142.86911,455.61206,253.50476
106,0.29500777,0.82565343,163.6293,195.98633,213.98062,297.23523
106,0.40953216,0.7673254,241.07999,166.15854,283.1212,276.23715
106,0.22472696,0.68263793,127.39468,123.52652,160.25583,245.74966
106,0.54421175,0.7078492,333.47876,146.01648,363.11224,254.82571
106,0.2827924,0.53811127,168.0451,113.60707,193.92914,193.72005
106,0.42237854,0.7707036,240.51965,165.67874,300.12488,277.4533
106,0.055699296,0.6864519,24.580616,135.28323,46.71448,247.12268
106,0.9872591,0.53148645,623.828,91.63513,639.86365,191.33511
106,0.65633136,0.4771526,407.70526,113.42926,432.39886,171.77493
106,0.3102166,0.61092854,183.1799,149.31293,213.89737,219.93427
106,0.6101738,0.54888284,376.38513,128.57182,404.63733,197.59782
106,0.96344674,0.68974364,596.56665,116.865265,636.64514,248.30771
107,0.31336582,0.8246594,176.81148,148.29926,224.29677,296.87738
107,0.4065361,0.76848626,241.26793,164.12766,279.09827,276.65506
107,0.631427,0.8000864,378.14526,179.84741,430.0813,288.0311
107,0.6840318,0.7124899,421.33926,143.43057,454.2214,256.49637
107,0.5420561,0.7083873,331.4238,146.58328,362.408,255.01944
107,0.22818318,0.67574155,127.46795,121.94971,164.6065,243.26697
107,0.28520674,0.5473624,169.51227,113.5284,195.55237,197.05046
107,0.055664252,0.68630135,24.537996,135.12674,46.71225,247.06848
107,0.98724127,0.53122914,623.8086,90.29005,639.8602,191.2425
107,0.6102642,0.56854284,373.77008,127.818665,407.3681,204.67542
107,0.9631708,0.68991905,596.19604,116.588104,636.6626,248.37085
108,0.40756768,0.7707008,240.8089,162.40585,280.87775,277.4523
108,0.6798129,0.71719176,417.1848,148.67499,452.9757,258.18903
108,0.5386222,0.70851624,328.51276,145.36896,360.92365,255.06586
108,0.23035927,0.680845,128.5745,126.57474,166.28537,245.10422
108,0.289607,0.543898,171.09445,114.55629,199.60248,195.80327
108,0.3250052,0.81542426,190.96451,172.52649,225.04214,293.55273
108,0.055671133,0.6863554,24.502188,135.39069,46.75686,247.08795
108,0.62294185,0.8008804,373.4341,126.73361,423.93143,288.31693
108,0.62848306,0.7989808,381.7953,181.22269,422.66302,287.6331
108,0.98727685,0.5308438,623.85645,90.18002,639.8579,191.10376
108,0.32996133,0.58687675,196.21533,147.34698,226.13516,211.27563
108,0.9630553,0.6900643,596.18555,116.86636,636.52527,248.42316
108,0.64703304,0.48114684,404.2964,125.82651,423.90588,173.21286
109,0.6756398,0.7186081,416.3799,150.84064,448.43906,258.6989
109,0.41180143,0.77142376,244.53107,164.61905,282.57477,277.71255
109,0.53605175,0.7083553,325.64148,145.61499,360.50476,255.0079
109,0.6147292,0.80219626,368.89728,176.39563,417.95612,288.79065
109,0.22903812,0.6799688,127.53139,129.16904,165.6374,244.78876
109,0.33758217,0.8062977,197.65138,178.47662,234.45381,290.26718
109,0.2935671,0.55503243,172.95428,116.693146,202.81158,199.81168
109,0.05569035,0.6868997,24.555876,135.03891,46.727768,247.2839
109,0.98718107,0.5308353,623.7345,89.78238,639.8573,191.10071
109,0.61246824,0.5386033,376.36664,127.43619,407.5927,193.89719
109,0.96301967,0.689899,596.26605,116.71167,636.3991,248.36365
109,0.6426128,0.48176736,402.02545,128.36636,420.51898,173.43625
109,0.339338,0.556727,201.7839,147.19473,232.56876,200.42172
110,0.41898695,0.7684664,246.952,163.61877,289.3513,276.64792
110,0.6703097,0.7264167,412.85846,151.24792,445.138,261.51
110,0.23166361,0.67976093,129.2287,130.09238,167.30072,244.71393
110,0.6065205,0.80504936,365.01978,172.61777,411.32642,289.81778
110,0.34640628,0.8129793,198.94391,181.12805,244.45612,292.67255
110,0.5314003,0.7075838,320.93787,144.89334,359.25452,254.73016
110,0.2975944,0.56459916,175.28922,116.027374,205.63162,203.2557
110,0.05573993,0.6871123,24.557354,135.16748,46.78976,247.36041
110,0.9872079,0.53069925,623.77045,89.3988,639.85565,191.05173
110,0.9630016,0.690047,596.23926,116.90152,636.40283,248.41693
110,0.34759024,0.543725,208.24918,148.4316,236.66632,195.74101
111,0.4195505,0.7642891,248.84712,163.36996,288.17755,275.14407
111,0.6646289,0.73948526,404.38092,153.5657,446.34412,266.2147
111,0.5171254,0.7089406,303.42303,146.0715,358.4975,255.21863
111,0.36917713,0.8186454,207.28961,193.77351,265.2571,294.71234
111,0.23223177,0.67720854,130.36734,133.05066,166.88931,243.79507
111,0.60481507,0.8021212,365.1933,179.78171,408.96997,288.76364
111,0.30384508,0.5527576,181.56107,119.604324,207.36063,198.99275
111,0.055656604,0.68705696,24.48663,135.19904,46.753826,247.34052
111,0.9872545,0.53085655,623.8331,90.038475,639.85266,191.10837
111,0.9628723,0.69014746,596.1846,116.787445,636.292,248.4531
111,0.34071013,0.7004973,196.87302,149.17874,239.23596,252.17905
112,0.5117283,0.71249527,296.26093,146.37866,358.75128,256.4983
112,0.5998639,0.8011031,358.26147,175.03952,409.56427,288.39713
112,0.42372975,0.7985321,253.23535,161.60736,289.13873,287.47156
112,0.379934,0.82144827,207.55484,198.59038,278.7607,295.72137
112,0.65760845,0.73778635,397.80786,154.5214,443.93097,265.6031
112,0.23792994,0.6770807,131.13196,132.01413,173.41837,243.74905
112,0.306408,0.5658997,182.39795,116.71135,209.80426,203.72389
112,0.055770077,0.68759453,24.479212,134.91656,46.906487,247.53403
112,0.6121173,0.52835107,375.3376,125.45468,408.17255,190.20639
112,0.9872265,0.53110206,623.7988,90.052216,639.8511,191.19675
112,0.96310484,0.690966,596.225,117.23007,636.5492,248.74777
112,0.6157249,0.4851371,380.3468,125.941956,407.78113,174.64935
112,0.3980934,0.5015368,244.39243,150.49081,265.16714,180.55325
112,0.36580044,0.6431953,218.72568,149.66003,249.49887,231.5503
113,0.50923336,0.7144412,293.80273,146.98795,358.016,257.19882
113,0.5962769,0.80040324,354.61914,174.6735,408.6153,288.14517
113,0.65716326,0.740552,400.3969,154.51447,440.77203,266.59872
113,0.38884374,0.8270031,208.17078,165.65338,289.54922,297.72113
113,0.31171948,0.57652545,185.02466,114.44443,213.97626,207.54916
113,0.23955393,0.6772268,135.31964,132.2956,171.30939,243.80164
113,0.055809766,0.687503,24.551239,135.14636,46.88526,247.50107
113,0.98720205,0.53102267,623.76965,90.733345,639.849,191.16815
113,0.6113344,0.53741556,374.72293,125.98248,407.78506,193.4696
113,0.4165302,0.76606226,243.36343,162.7608,289.7952,275.7824
113,0.37322193,0.64326143,224.18607,151.02025,253.53802,231.57411
113,0.96285075,0.68982196,596.2634,117.47452,636.18555,248.3359
113,0.31335583,0.5755877,188.93457,127.11337,212.16089,207.21158
113,0.40003094,0.49201816,245.94263,146.97636,266.097,177.12654
114,0.5921378,0.7927246,352.14767,172.06516,405.78873,285.38086
114,0.6533659,0.7405685,398.1494,155.23407,438.15894,266.60468
114,0.5042115,0.7194007,288.0721,147.7399,357.31857,258.98425
114,0.31821308,0.5774251,189.26938,115.28946,218.04337,207.87305
114,0.3933298,0.82748973,215.6195,171.97021,287.84265,297.8963
114,0.24605064,0.67878866,139.60672,132.54163,175.3381,244.36392
114,0.05576681,0.68582577,24.521217,135.33386,46.8603,246.89728
114,0.37905654,0.7088597,223.22925,149.19067,261.96313,255.18948
114,0.39044166,0.8269756,215.77399,206.69626,283.99133,297.7112
114,0.98700714,0.5311355,623.5245,88.38039,639.84467,191.20879
114,0.38475552,0.6649945,229.21017,149.65814,263.2769,239.39801
114,0.9628025,0.6896624,596.1588,117.29089,636.2284,248.27847
114,0.61266303,0.56935334,376.67172,125.64401,407.53696,204.9672
115,0.65060276,0.7442616,397.34186,155.02448,435.4297,267.93417
115,0.5870277,0.7967316,352.96744,172.97546,398.42807,286.82336
115,0.40171194,0.8240047,227.78194,162.53079,286.40936,296.6417
115,0.51498663,0.7182306,304.8199,148.574,354.36298,258.56302
115,0.24817614,0.67820907,134.65427,131.37128,183.0112,244.15527
115,0.3267941,0.577005,191.05809,114.73761,227.23836,207.7218
115,0.055689372,0.68559664,24.573896,134.9848,46.708496,246.81479
115,0.9868436,0.53099155,623.3162,88.904274,639.84357,191.15695
115,0.61325324,0.6198806,377.86243,127.1319,407.10168,223.15701
115,0.38768464,0.709194,230.83286,151.86972,265.40347,255.30984
115,0.9627384,0.689724,596.156,117.131714,636.1492,248.30066
116,0.6474663,0.7443372,395.7337,155.97104,433.02313,267.9614
116,0.25475398,0.6766006,139.8393,132.41293,186.24579,243.5762
116,0.57499534,0.7931432,347.5929,170.91922,388.40112,285.53156
116,0.50127757,0.7196067,287.41962,147.61856,354.2157,259.0584
116,0.32929987,0.5785549,192.62778,115.33391,228.87604,208.27977
116,0.42489704,0.82478637,248.90979,165.29437,294.95844,296.9231
116,0.055698983,0.68551594,24.532001,135.05121,46.7627,246.78574
116,0.6116878,0.62086827,376.7755,128.53674,406.18488,223.51257
116,0.9867317,0.5310349,623.1728,89.619675,639.8438,191.17256
116,0.5763092,0.51877207,357.14078,127.75137,380.535,186.75793
116,0.39488655,0.707281,237.93723,140.66129,267.51758,254.62115
116,0.3248666,0.5632652,193.30798,124.76816,222.52124,202.77548
116,0.962679,0.68965495,596.09717,117.612976,636.13196,248.27579
116,0.42123932,0.73190343,250.12845,163.30084,289.0579,263.48523
117,0.26157707,0.6760477,143.40582,133.37848,191.41284,243.37717
117,0.6452645,0.7439021,395.2152,154.60669,430.72333,267.80475
117,0.33241683,0.58212435,195.60715,119.924194,229.88638,209.56476
117,0.41626176,0.7506407,247.16399,165.05212,285.65106,270.23065
117,0.57303274,0.7919519,345.74573,170.20032,387.7362,285.1027
117,0.5119203,0.71482784,305.64703,146.92627,349.6109,257.338
117,0.05575936,0.68570143,24.56153,134.84811,46.810448,246.85251
117,0.98691064,0.5300917,623.41016,91.84949,639.83545,190.83301
117,0.457266,0.7532692,272.92813,181.40494,312.37234,271.1769
117,0.60677177,0.5155555,370.66797,125.79486,405.99988,185.59998
117,0.9627137,0.6897685,596.16223,118.11102,636.1113,248.31665
117,0.5158992,0.7142284,311.61383,189.84479,348.73712,257.12222
117,0.5633931,0.5136258,349.80038,125.31212,371.3428,184.90529
118,0.6410168,0.7410575,391.4062,154.42636,429.09528,266.7807
118,0.26297483,0.67566997,143.99478,134.78943,192.613,243.24118
118,0.41596088,0.7542825,240.306,151.5412,292.12393,271.5417
118,0.33316255,0.5841919,196.29587,122.22272,230.15219,210.30908
118,0.49556503,0.7145916,293.83066,146.9284,340.49258,257.253
118,0.55953115,0.78738105,340.01453,172.12527,376.18536,283.45718
118,0.05574436,0.6859241,24.588789,134.98792,46.763992,246.93268
118,0.98644257,0.5259628,622.89056,116.48285,639.7559,189.34662
118,0.6089062,0.5533821,374.67728,124.99017,404.7227,199.21756
118,0.9869429,0.5315218,623.44714,89.987976,639.8397,191.34784
118,0.9626034,0.6895665,596.1638,117.32712,635.9685,248.24393
118,0.55436075,0.5127148,343.81616,124.717834,365.76562,184.57733
119,0.6349889,0.7463409,385.40613,153.80014,427.3797,268.6827
119,0.27065867,0.6755237,148.15393,132.39171,198.28915,243.18852
119,0.42222422,0.7547576,246.27814,157.44849,294.16888,271.71274
119,0.55491334,0.78949314,337.28687,170.35431,373.0022,284.21753
119,0.33428377,0.58269364,199.29828,131.89975,228.58496,209.76971
119,0.055896223,0.68566954,24.58594,134.76462,46.961227,246.84103
119,0.49131784,0.59041756,294.63336,147.09348,334.25348,212.55032
119,0.51159936,0.81961447,304.7168,187.39655,350.13037,295.06122
119,0.9864362,0.53128093,622.7962,89.24807,639.8421,191.26114
119,0.5489459,0.51312476,341.27142,122.66281,361.37933,184.72491
119,0.6065756,0.5326783,371.06616,127.52963,405.3506,191.76419
119,0.96278,0.6886502,596.2301,117.00372,636.1283,247.91406
120,0.62706965,0.7434094,378.1385,152.40012,424.51068,267.62738
120,0.5509713,0.7972424,333.06427,168.46118,372.17902,287.00726
120,0.28143063,0.66862124,156.9743,134.7254,203.2569,240.70364
120,0.41726542,0.7546491,251.28604,159.37079,282.8137,271.67368
120,0.34197026,0.58505344,205.33379,123.20337,232.38814,210.61923
120,0.4913432,0.72120667,294.64905,147.08273,334.27026,259.6344
120,0.05580011,0.68564546,24.596138,134.8229,46.828003,246.83237
120,0.9864994,0.53091013,622.8827,90.03705,639.83655,191.12766
120,0.54296505,0.50426483,334.9588,122.97247,360.0365,181.53534
120,0.9626049,0.68891287,596.19006,116.53311,635.9442,248.00864
120,0.5037647,0.8369504,299.87332,144.5657,344.94547,301.30215
120,0.5963151,0.60835105,363.4543,127.19925,399.829,219.00638
120,0.39510655,0.50641274,235.7826,137.38918,269.9538,182.30858
121,0.5481712,0.8424835,315.72992,209.46288,385.92926,303.29407
121,0.6223979,0.7448128,373.43924,154.32858,423.23007,268.1326
121,0.28838906,0.661131,165.15884,131.97726,203.97916,238.00717
121,0.49199566,0.7308117,297.55634,148.34503,332.19812,263.09222
121,0.42298335,0.7548874,253.93704,158.05804,287.48166,271.75946
121,0.05581677,0.6855652,24.553532,134.8612,46.891933,246.80347
121,0.98653924,0.5308953,622.93274,90.10273,639.8375,191.12231
121,0.9626258,0.68897665,596.1472,116.97119,636.0138,248.03159
121,0.433082,0.7530433,254.59276,154.72223,299.7522,271.09558
121,0.3479004,0.58658695,209.3696,125.97101,235.9429,211.1713
122,0.55559415,0.8425882,316.8809,209.68423,394.27963,303.33176
122,0.6191093,0.7469992,369.2456,154.19406,423.21423,268.9197
122,0.29443505,0.6617628,169.72675,130.34872,207.15012,238.23459
122,0.4919303,0.7320173,297.45776,150.41394,332.213,263.5262
122,0.41886646,0.75497156,253.63339,156.61844,282.51566,271.78976
122,0.05583471,0.6855443,24.576248,134.96228,46.89218,246.79596
122,0.53100216,0.7280888,324.5861,167.43307,355.09665,262.11197
122,0.9866152,0.5309135,623.0322,89.04754,639.8352,191.12885
122,0.42965573,0.7536288,255.5938,156.07672,294.36554,271.30637
122,0.9626697,0.68924516,596.17944,116.98929,636.0377,248.12827
122,0.35178396,0.58713347,213.40826,122.73828,236.87521,211.36804
123,0.2997514,0.6629136,172.78076,131.50789,210.90103,238.64891
123,0.49370736,0.72920704,300.1151,151.03647,331.83032,262.51453
123,0.4173565,0.75530165,252.3425,162.74985,281.8738,271.9086
123,0.05580144,0.6859054,24.594103,134.93497,46.83174,246.92593
123,0.9865009,0.5306923,622.8811,89.021935,639.8401,191.04922
123,0.5272316,0.7161522,321.72986,167.65558,353.1266,257.8148
123,0.35784298,0.59168136,215.30731,123.06149,242.73172,213.00528
123,0.6100632,0.7465259,359.1305,158.78076,421.75037,268.74933
123,0.5846079,0.84661645,325.88928,178.18997,422.4088,304.78192
123,0.9626811,0.6892989,596.166,116.82413,636.0658,248.14761
123,0.90258676,1.0,563.2689,339.6624,592.0421,360.0
123,0.44656935,0.72788656,270.61633,154.79263,300.99243,262.03915
123,0.52308893,0.50628304,324.25403,125.335464,345.2998,182.26189
123,0.40152034,0.48563352,244.55524,131.36621,269.3908,174.82806
124,0.42092466,0.7563173,254.19666,168.20233,284.5869,272.27423
124,0.5196195,0.7728954,316.89993,169.44388,348.21304,278.24234
124,0.49177352,0.72635937,300.45422,152.49042,329.01587,261.48938
124,0.30482307,0.6631315,174.64359,133.3146,215.52994,238.72733
124,0.055775296,0.6859068,24.575142,135.07864,46.817238,246.92645
124,0.9864844,0.53077763,622.8606,89.09832,639.8395,191.07996
124,0.6135391,0.84514093,363.75922,208.14362,421.5708,304.25073
124,0.96272504,0.6897246,596.2178,117.06012,636.0703,248.30087
124,0.90430415,1.0,564.4486,338.5573,593.06067,360.0
124,0.32574934,0.6363588,198.32101,136.94373,218.63812,229.08917
124,0.45001468,0.6894768,274.41263,161.25687,301.60617,248.21164
124,0.5940835,0.72920716,359.73077,159.28415,400.6961,262.5146
125,0.64179194,0.84687704,382.03098,203.79303,439.46274,304.87573
125,0.42238712,0.7552937,252.03082,167.77908,288.6247,271.90573
125,0.31541023,0.6613716,175.79378,133.96213,227.93132,238.09378
125,0.58670825,0.7420702,356.67554,160.26358,394.31104,267.14526
125,0.5117302,0.779071,311.23996,166.62897,343.7747,280.46555
125,0.055852182,0.6858593,24.591423,135.06989,46.89937,246.90936
125,0.98642904,0.5307077,622.7866,89.09854,639.8425,191.05478
125,0.45780358,0.68977416,278.07828,155.818,307.9103,248.3187
125,0.36460263,0.60326946,219.3548,135.25958,247.33655,217.177
125,0.9040638,1.0,563.9286,338.2447,593.2731,360.0
125,0.4887887,0.72289634,299.5891,153.1275,326.06042,260.24268
125,0.96275884,0.6894912,596.2474,117.15085,636.0839,248.21683
125,0.33798498,0.633855,202.1319,139.10321,230.48886,228.1878
126,0.66267604,0.8427158,392.19708,197.62062,456.02826,303.3777
126,0.31513947,0.6611382,177.03268,132.45016,226.34586,238.00974
126,0.42521396,0.7556911,256.6181,164.42957,287.65576,272.0488
126,0.5877913,0.7416308,361.9682,160.05533,390.40472,266.9871
126,0.50596446,0.77493286,308.01782,164.64227,339.6167,278.97583
126,0.055884816,0.6860862,24.590424,135.02142,46.94214,246.99103
126,0.98630124,0.5307214,622.6271,89.11911,639.8385,191.05972
126,0.9051989,1.0,565.2925,337.62796,593.36206,360.0
126,0.9625351,0.6895697,596.1645,117.025055,635.88043,248.24509
126,0.46237025,0.7399438,275.37012,162.33737,316.4638,266.37976
127,0.1151279,1.0,47.585186,279.90582,99.77852,360.0
127,0.51161045,0.83398724,303.607,182.75513,351.2544,300.2354
127,0.7461776,0.6074698,457.22263,124.23935,497.88474,218.68912
127,0.5812373,0.7080987,349.22717,146.68927,394.7566,254.91553
127,0.6418872,0.7055178,392.77234,139.2048,428.84326,253.98642
127,0.32002905,0.57662445,172.8883,138.42935,236.74887,207.58481
127,0.44882107,0.7758979,264.1439,167.28976,310.34708,279.32324
127,0.20309559,0.5586157,113.62586,111.01034,146.33649,201.10165
127,0.68557537,0.56643534,419.6972,134.35345,457.8393,203.91672
127,0.9748535,0.77961314,607.9745,180.26337,639.838,280.66074
127,0.9876717,0.53481376,624.3573,87.84802,639.8624,192.53296
127,0.55200803,0.58015233,338.6336,147.06837,367.9367,208.85484
127,0.20090163,0.5522722,114.816925,128.41779,142.33716,198.818
127,0.9911413,0.5330779,628.9,87.48214,639.76086,191.90805
128,0.11444662,1.0,46.387413,279.94183,100.104256,360.0
128,0.51175773,0.83396727,303.65173,182.71631,351.3982,300.2282
128,0.7461982,0.6074776,457.2228,124.22377,497.91086,218.69194
128,0.5820822,0.708018,349.38797,146.57684,395.67728,254.88647
128,0.6418794,0.7055266,392.6426,141.33185,428.96298,253.98956
128,0.3200044,0.57664496,172.82568,137.89499,236.77997,207.5922
128,0.44886893,0.7758672,264.2447,167.43585,310.30756,279.3122
128,0.2011315,0.5562007,112.88459,109.506966,144.56372,200.23224
128,0.6873175,0.5664362,421.74335,134.00183,458.02307,203.91702
128,0.97484064,0.7797585,607.9586,180.4979,639.8374,280.71307
128,0.98763335,0.5352725,624.30835,87.46134,639.8623,192.69809
128,0.551926,0.5816646,338.55133,147.02103,367.914,209.39926
128,0.9911806,0.5334609,628.94586,86.9928,639.7653,192.04593
129,0.11515512,1.0,46.59799,279.56616,100.80057,360.0
129,0.51202196,0.8339784,303.7458,182.75797,351.64233,300.23224
129,0.746117,0.6074735,457.1391,124.231964,497.8907,218.69046
129,0.5828202,0.70762074,349.97464,145.17938,396.0352,254.74347
129,0.6410118,0.7054743,391.2817,138.32022,429.21335,253.97076
129,0.31995302,0.5765247,172.87973,138.91588,236.66013,207.54887
129,0.4488914,0.7757789,264.3774,167.55011,310.20358,279.2804
129,0.19847035,0.5556935,109.55356,110.789734,144.4885,200.04965
129,0.6854647,0.56702584,419.35773,133.78226,458.03705,204.1293
129,0.97477454,0.779839,607.87476,180.11469,639.8367,280.74203
129,0.9875015,0.5350573,624.1395,88.32616,639.8624,192.62062
129,0.5520692,0.58489686,338.54846,147.00269,368.1001,210.56287
129,0.99120903,0.5334816,628.9813,87.701256,639.76624,192.05338
130,0.11468824,1.0,46.184326,279.6369,100.61662,360.0
130,0.51168907,0.83377135,303.4804,182.53021,351.48157,300.15768
130,0.74616873,0.6074699,457.33163,124.308624,497.76437,218.68918
130,0.31998548,0.5763,172.96341,139.77924,236.61801,207.46802
130,0.58215237,0.7070678,349.7303,144.91626,395.42474,254.5444
130,0.6403017,0.7048767,390.4735,138.80664,429.11267,253.75562
130,0.19434862,0.56278545,104.19159,114.12201,144.57465,202.60275
130,0.4496359,0.77494246,264.87238,166.96829,310.66156,278.97928
130,0.68401414,0.56697595,417.7174,134.41524,457.82068,204.11134
130,0.9748192,0.77989817,607.93115,179.98413,639.8374,280.76334
130,0.98762226,0.53488433,624.29456,88.298615,639.86194,192.55835
130,0.5518312,0.5827558,338.6074,146.90201,367.73654,209.79208
130,0.9912178,0.5331354,628.9951,87.515686,639.7637,191.92874
131,0.11474303,1.0,46.262695,279.64124,100.60838,360.0
131,0.5110356,0.83401644,303.33698,182.37366,350.78864,300.2459
131,0.7461311,0.60751736,457.18793,124.25911,497.85992,218.70625
131,0.31998926,0.5765411,172.92902,139.64468,236.65723,207.55481
131,0.5817436,0.7067054,349.8429,145.22635,394.78894,254.41394
131,0.64050287,0.70517254,390.00323,138.73053,429.84045,253.86212
131,0.4496978,0.7752158,264.93686,167.10034,310.6763,279.0777
131,0.1946226,0.56336486,105.19505,115.86255,143.92188,202.81134
131,0.683936,0.56748545,417.54248,134.51657,457.89563,204.29477
131,0.97480184,0.779893,607.90857,179.90399,639.83777,280.76147
131,0.98768425,0.5345944,624.37286,88.43201,639.863,192.45398
131,0.55156136,0.58913916,338.61646,146.93443,367.38208,212.0901
131,0.9912561,0.53278875,629.0448,86.917114,639.76306,191.80396
132,0.5115978,0.8343745,303.36853,182.33865,351.47668,300.37482
132,0.11391064,1.0,45.765663,279.331,100.039955,360.0
132,0.7460993,0.60771126,457.0949,124.339355,497.91217,218.77606
132,0.57867825,0.70762026,347.5835,146.25787,393.12463,254.74329
132,0.32010087,0.576559,172.91086,139.56964,236.81827,207.56125
132,0.6386698,0.7053681,388.4486,141.71243,429.0487,253.93253
132,0.44954094,0.7753203,264.77032,167.22034,310.6421,279.1153
132,0.19754758,0.5610537,110.172,114.94578,142.6889,201.97934
132,0.683589,0.56724674,417.30084,135.18001,457.69305,204.20882
132,0.9747974,0.7799273,607.9038,180.03705,639.8369,280.77383
132,0.9876935,0.5348705,624.38477,88.049225,639.8629,192.55338
132,0.55145156,0.5981951,338.59113,146.8506,367.2669,215.35023
133,0.113745525,1.0,45.717632,278.87433,99.87663,360.0
133,0.51167095,0.834302,303.30634,182.25986,351.63245,300.34872
133,0.7457921,0.60932034,456.94144,124.48898,497.67245,219.35532
133,0.6395596,0.70408773,388.08472,139.97354,430.55164,253.47159
133,0.57612693,0.7076773,345.86835,146.00043,391.57416,254.76382
133,0.3201084,0.57655936,172.90793,139.67682,236.83084,207.56137
133,0.44955224,0.7751515,264.74753,166.69193,310.67935,279.05453
133,0.1970361,0.56312233,110.39647,114.420555,141.80974,202.72403
133,0.6850116,0.56658065,419.02014,135.2504,457.79474,203.96902
133,0.9747947,0.7798863,607.9004,179.94165,639.8368,280.75906
133,0.9877083,0.53491807,624.406,88.1778,639.8606,192.5705
133,0.5514976,0.6171741,339.1654,145.43396,366.75146,222.18268
133,0.55173975,0.700963,339.3609,146.65848,366.86597,252.34668
133,0.9912771,0.53210676,629.0721,87.62109,639.76263,191.55844
134,0.11348891,1.0,45.44882,278.72516,99.816986,360.0
134,0.74557227,0.60905945,456.7943,124.55914,497.5382,219.26141
134,0.6407631,0.7041333,386.95203,140.21616,433.22473,253.48798
134,0.5101429,0.8337043,302.79034,182.33102,350.19263,300.13354
134,0.32014602,0.5764991,172.9963,139.62962,236.79059,207.53969
134,0.57452136,0.7068917,344.97443,146.38385,390.4129,254.48102
134,0.44954044,0.77486604,264.6986,166.94016,310.71313,278.95178
134,0.19660471,0.5644869,110.04631,115.026,141.60773,203.2153
134,0.68566376,0.56640923,419.60193,135.29837,458.04767,203.90732
134,0.97479135,0.77988636,607.8961,179.91147,639.8368,280.7591
134,0.98830146,0.53467846,625.1643,88.0064,639.8616,192.48425
134,0.55105937,0.604229,339.06207,145.3959,366.29388,217.52243
135,0.6459411,0.70605063,390.5639,140.06934,436.24066,254.17822
135,0.113431856,1.0,45.41365,278.36633,99.77913,360.0
135,0.74584556,0.6091955,457.1101,124.54518,497.5722,219.31038
135,0.5099424,0.83355093,302.65555,182.14218,350.0707,300.07834
135,0.57103956,0.71003264,343.77985,147.62744,387.15082,255.61176
135,0.32011247,0.5766688,172.99588,138.31659,236.74808,207.60077
135,0.1964838,0.56452084,110.28134,114.73429,141.21793,203.22751
135,0.44952947,0.77460647,264.7336,167.22888,310.6641,278.85834
135,0.6863862,0.56575394,420.5098,134.80978,458.0646,203.67142
135,0.97482586,0.7802395,607.9402,179.93439,639.8369,280.88623
135,0.9882738,0.53473336,625.1287,88.015175,639.86176,192.504
135,0.54994214,0.5836931,338.92468,145.7633,365.00122,210.12952
135,0.97502935,0.78418976,608.15247,127.71567,639.88513,282.30832
136,0.64706373,0.70695496,392.05817,140.53802,436.1834,254.50378
136,0.11360721,1.0,45.40185,277.75195,100.01538,360.0
136,0.5104417,0.8338848,302.55008,181.98862,350.81534,300.19852
136,0.7461907,0.60931873,457.47223,124.53459,497.65192,219.35475
136,0.5702325,0.70906526,344.26373,148.40442,385.63385,255.26349
136,0.19587514,0.5660909,109.799545,116.85089,140.92064,203.79272
136,0.32000858,0.57587737,172.80313,138.60657,236.80783,207.31586
136,0.4495632,0.7748261,264.77875,167.17545,310.66217,278.9374
136,0.68673307,0.56525797,421.00684,134.76593,458.01147,203.49286
136,0.9748373,0.7802261,607.9553,179.96658,639.8364,280.8814
136,0.9872602,0.53623474,623.8126,88.3341,639.8805,193.0445
136,0.5464313,0.591524,339.12903,146.91794,360.30304,212.94864
137,0.6468906,0.7061759,392.41782,144.08026,435.60214,254.22333
137,0.114118144,0.99989116,46.517998,277.28552,99.55323,359.96082
137,0.7455841,0.6091818,456.78683,124.75995,497.56076,219.30545
137,0.5097476,0.8337689,302.7071,182.06366,349.7699,300.1568
137,0.56755066,0.70892835,342.19763,147.95108,384.2672,255.2142
137,0.3198153,0.5756463,172.92282,136.5796,236.44077,207.23265
137,0.4496277,0.775015,264.87787,166.8935,310.64557,279.0054
137,0.19560233,0.5658472,108.851944,118.19438,141.51903,203.705
137,0.68615294,0.565607,420.41772,134.67938,457.85803,203.61853
137,0.97483766,0.7802499,607.9562,179.80426,639.83606,280.88995
137,0.9872974,0.5362669,623.85864,88.194336,639.8821,193.05609
137,0.54399246,0.58631814,338.9719,148.30096,357.33847,211.07452
137,0.97483855,0.7840697,607.907,113.55838,639.88635,282.2651
138,0.6484662,0.70615965,393.7516,143.33148,436.28516,254.21747
138,0.114256166,1.0,47.83961,276.99207,98.40828,360.0
138,0.56567323,0.71080464,340.64468,147.2814,383.41708,255.88968
138,0.7455136,0.6091146,456.8014,124.441345,497.45605,219.28125
138,0.50905174,0.8330769,302.9062,182.4029,348.68005,299.90768
138,0.19320732,0.56685275,108.21481,121.29605,139.09056,204.06699
138,0.44974113,0.77553284,264.99194,166.81137,310.6767,279.19183
138,0.3197737,0.5754511,172.8396,138.23065,236.47073,207.16238
138,0.6856516,0.5658575,420.08954,134.3475,457.5445,203.70871
138,0.9747857,0.78029525,607.8896,179.5852,639.8361,280.90628
138,0.987316,0.5362222,623.8817,88.17816,639.8828,193.04001
139,0.5654827,0.71116114,339.58847,147.33649,384.22934,256.018
139,0.7452153,0.606837,456.25647,124.682465,497.61914,218.4613
139,0.50976485,0.83304113,303.05518,182.29178,349.44385,299.8948
139,0.11477882,1.0,49.59349,276.71338,97.323395,360.0
139,0.65028995,0.706709,396.0081,140.74887,436.36307,254.41525
139,0.19264314,0.5687884,107.93831,123.3472,138.64491,204.76382
139,0.4498436,0.7755566,265.0995,166.99896,310.70032,279.20038
139,0.32002133,0.575154,173.0344,138.87228,236.59293,207.05545
139,0.6871014,0.5671625,422.06293,134.15672,457.42688,204.17851
139,0.9750522,0.7804553,608.2311,179.2572,639.8357,280.9639
139,0.9881134,0.5348712,624.9225,87.961,639.8627,192.55365
139,0.97495747,0.7845897,608.0577,117.02194,639.8879,282.4523
140,0.56488186,0.7121887,339.63507,146.49045,383.4137,256.38794
140,0.74510425,0.60711014,456.03564,124.73706,497.6978,218.55966
140,0.51132464,0.8339247,303.81757,182.76733,350.67798,300.2129
140,0.11604057,0.9997306,51.236977,277.01013,97.29496,359.903
140,0.6517774,0.70752716,397.33823,139.16925,436.9368,254.70978
140,0.4498783,0.7754109,265.10736,166.8713,310.73688,279.14792
140,0.31973943,0.5750898,172.83203,136.90819,236.43445,207.03233
140,0.19205876,0.5679982,107.639984,124.78339,138.19522,204.47934
140,0.68812644,0.5711094,423.91916,134.66293,456.88266,205.5994
140,0.9751952,0.7803327,608.41437,179.62308,639.8355,280.91977
140,0.9874299,0.5363222,624.02765,88.19695,639.8826,193.07599
141,0.56254005,0.7122965,338.1969,146.5509,381.85437,256.42673
141,0.7449004,0.6071006,455.64673,124.530106,497.8258,218.55623
141,0.11573292,0.9978609,51.511047,276.55292,96.62709,359.22992
141,0.5118606,0.8340458,304.40802,182.6354,350.77356,300.2565
141,0.65167964,0.70519733,396.4033,137.4256,437.74667,253.87103
141,0.31997642,0.5748612,172.92993,135.72403,236.6399,206.95004
141,0.19185297,0.56571835,107.015076,125.77347,138.55673,203.6586
141,0.4499201,0.7757902,265.18182,166.96149,310.71588,279.2845
141,0.6903089,0.5720962,426.82764,136.21332,456.76782,205.95465
141,0.97525996,0.7804192,608.4978,179.474,639.83496,280.9509
141,0.9869746,0.5364693,623.44354,88.096985,639.884,193.12894
142,0.7449181,0.6073086,455.57715,124.651,497.91803,218.6311
142,0.115975186,0.9976507,51.987232,276.50342,96.46101,359.15424
142,0.5586301,0.7117225,337.55774,146.801,377.48877,256.2201
142,0.51170856,0.83399254,304.85974,182.6907,350.1272,300.2373
142,0.6531352,0.7066136,395.41437,139.53787,440.5987,254.38089
142,0.1932428,0.5616782,107.34358,127.460785,140.0072,202.20413
142,0.45004082,0.7758422,265.31747,167.37088,310.73477,279.3032
142,0.3201102,0.57595825,173.22604,138.638,236.51501,207.34497
142,0.6917304,0.5734213,428.7367,136.74393,456.67822,206.43167
142,0.975278,0.7803906,608.5209,179.59729,639.83496,280.9406
142,0.9870285,0.5363406,623.51404,87.839905,639.88245,193.08261
143,0.7450696,0.6073078,455.92215,124.9317,497.76694,218.6308
143,0.11533608,0.99683225,51.60253,276.13605,96.02766,358.85962
143,0.5119424,0.8332573,304.65338,182.20059,350.63287,299.97263
143,0.5541609,0.71062875,336.2069,147.38605,373.11902,255.82635
143,0.6532879,0.7059172,394.73834,139.19891,441.47015,254.13019
143,0.450386,0.7762358,265.76407,167.34192,310.73,279.4449
143,0.19323742,0.5613595,106.7545,129.7675,140.5894,202.08943
143,0.3200201,0.57611024,173.1467,137.4017,236.47903,207.39969
143,0.6926707,0.5746025,429.8736,137.33347,456.74487,206.8569
143,0.9752842,0.7803622,608.5282,179.27655,639.8356,280.9304
143,0.98697627,0.53608954,623.44946,87.83,639.8801,192.99223
143,0.97514975,0.7843767,608.3043,131.11517,639.8873,282.3756
144,0.7451755,0.60730743,456.07214,125.11737,497.75244,218.63068
144,0.115096785,0.99519306,51.365902,275.9155,95.95798,358.2695
144,0.5123369,0.8334033,305.21283,182.23392,350.57843,300.02518
144,0.5538464,0.7100792,335.9094,147.58209,373.014,255.62851
144,0.6527327,0.70493335,394.89642,138.25583,440.60138,253.776
144,0.45057583,0.7763594,266.00366,167.80606,310.7334,279.48938
144,0.1933603,0.5627176,106.72394,131.19217,140.77724,202.57834
144,0.31975546,0.5750873,172.8404,137.11414,236.4466,207.03143
144,0.693,0.57537866,430.13394,136.95746,456.9061,207.13632
144,0.97519094,0.7803634,608.40857,179.40442,639.8358,280.93082
144,0.98803025,0.53634655,624.8005,87.19612,639.87823,193.08476
145,0.114670895,0.9962855,50.935993,274.2403,95.84276,358.66278
145,0.7457345,0.60939205,456.84467,124.75992,497.6955,219.38113
145,0.51314515,0.8323344,305.9922,182.69037,350.83362,299.64038
145,0.32015023,0.57595825,173.22427,138.02277,236.56802,207.34497
145,0.5548835,0.71400017,337.3673,147.90112,372.88354,257.04007
145,0.45081812,0.7764475,266.1697,167.77512,310.87747,279.5211
145,0.65368116,0.7054787,396.573,138.4443,440.13892,253.97235
145,0.19315933,0.5624259,106.30641,131.7685,140.93753,202.47333
145,0.6921404,0.5743029,429.05463,136.62299,456.88507,206.74905
145,0.9753238,0.78038466,608.5779,179.2544,639.83655,280.93848
145,0.9883498,0.5363952,625.2101,87.24779,639.8777,193.10228
145,0.97506154,0.78461975,608.18994,125.80542,639.8888,282.4631
146,0.11349312,0.99846506,50.85012,273.05466,94.421074,359.44742
146,0.7464882,0.60737383,457.61322,124.308914,497.89166,218.65459
146,0.5131419,0.8324496,306.17276,182.5617,350.64883,299.68185
146,0.45058042,0.7764332,265.8714,167.70667,310.87152,279.51596
146,0.65301627,0.70552284,396.93817,137.79611,438.92267,253.98822
146,0.5552929,0.71252966,337.3236,148.12793,373.4513,256.51068
146,0.3201692,0.57614464,173.12134,137.68137,236.69525,207.41208
146,0.19444075,0.56179404,106.78119,131.56398,142.10297,202.24586
146,0.6910052,0.5751097,427.3255,136.56334,457.16113,207.0395
146,0.9752947,0.78055334,608.54114,178.96747,639.83606,280.9992
146,0.9885958,0.53642964,625.5249,87.251175,639.8777,193.11467
146,0.97488344,0.7848952,607.9598,105.74462,639.89105,282.56226
147,0.7445685,0.60925335,455.2738,124.64627,497.77393,219.3312
147,0.112724766,0.99859923,50.386612,273.03015,93.90109,359.49573
147,0.65194094,0.7050191,397.05597,138.0246,437.4284,253.80688
147,0.51314735,0.8325649,305.72955,182.42545,351.09906,299.72336
147,0.45028076,0.776229,265.49854,167.7811,310.86084,279.44244
147,0.32008877,0.57619464,173.06454,137.73543,236.64908,207.43007
147,0.5551766,0.7114141,338.1919,149.00323,372.4342,256.10907
147,0.19581676,0.56325054,107.48164,131.38203,143.1638,202.77019
147,0.68983126,0.57374954,425.99197,135.89969,456.99203,206.54984
147,0.9752716,0.7805169,608.5117,179.4379,639.83594,280.98608
147,0.9884769,0.5365316,625.3724,87.22475,639.878,193.15138
147,0.9749401,0.7850115,608.03174,109.26575,639.8916,282.60413
148,0.74477446,0.6072384,455.21973,124.34332,498.09155,218.60583
148,0.51364076,0.83414775,305.00714,182.1601,352.45306,300.29318
148,0.6508893,0.7071596,396.67865,138.8935,436.45966,254.57745
148,0.45026293,0.7760257,265.44373,167.89624,310.89282,279.36926
148,0.11257835,0.9983619,49.679577,274.12476,94.4207,359.41028
148,0.55514085,0.706755,337.94824,148.00125,372.63208,254.4318
148,0.19717066,0.5638468,108.36279,131.39111,144.01566,202.98486
148,0.32010323,0.5763174,173.06506,137.11008,236.66705,207.47427
148,0.6898497,0.5723587,425.99158,135.5653,457.016,206.04913
148,0.975337,0.7803819,608.59485,180.29556,639.83655,280.9375
148,0.9873255,0.5361587,623.8921,87.9483,639.8845,193.01712
148,0.47084823,0.4948359,286.14108,121.46265,316.54465,178.14093
148,0.9676815,0.71262866,598.8154,85.71948,639.8169,256.54633
149,0.7468913,0.60743606,457.83292,124.37613,498.18796,218.67697
149,0.5128982,0.8340839,305.04333,182.16312,351.46637,300.2702
149,0.11381171,1.0,48.870605,274.02734,96.80838,360.0
149,0.6505866,0.70405805,396.91132,138.28616,435.83954,253.4609
149,0.4500447,0.77585036,265.28796,167.89719,310.76923,279.30612
149,0.3202816,0.5761381,173.2599,136.75536,236.70055,207.40971
149,0.19686458,0.5665143,108.441635,131.70206,143.54503,203.94516
149,0.55505073,0.70605886,337.53882,148.17426,372.92615,254.18118
149,0.68915975,0.5709131,425.6621,135.13779,456.46234,205.52872
149,0.9750212,0.78048444,608.18994,179.08206,639.83716,280.9744
149,0.9874563,0.5360167,624.0591,87.941956,639.885,192.966
149,0.9677952,0.72237515,598.9647,85.68463,639.8131,260.05505
150,0.7469383,0.6072894,457.98932,124.29318,498.09167,218.62418
150,0.51225936,0.83393824,304.88617,182.4003,350.80585,300.21777
150,0.117760226,0.99912846,52.4742,276.36606,98.258896,359.68625
150,0.65050775,0.7064273,396.60846,140.1174,436.04144,254.31381
150,0.5545773,0.7044432,337.46783,147.96237,372.3911,253.59955
150,0.32027182,0.5761841,173.33154,136.62451,236.6164,207.42627
150,0.45008117,0.7759852,265.3676,168.16449,310.73627,279.35468
150,0.19645397,0.56396806,108.39627,131.77771,143.06482,203.0285
150,0.6884078,0.5712651,424.33807,134.6174,456.8239,205.65543
150,0.9751463,0.7804772,608.3507,178.84964,639.83655,280.9718
150,0.9876299,0.53558815,624.2821,87.96367,639.88416,192.81172
150,0.9678087,0.7235979,598.9833,85.6069,639.8119,260.49524
151,0.5154526,0.8338812,304.4397,182.19318,355.33966,300.19724
151,0.119912304,0.9977353,54.705193,276.92905,98.782555,359.18472
151,0.74678785,0.6070998,457.9433,124.25513,497.94513,218.55591
151,0.6502507,0.7064088,396.32394,139.46603,435.99692,254.30716
151,0.4500617,0.77571505,265.37872,168.18732,310.70026,279.25742
151,0.32041177,0.57618594,173.55548,136.3877,236.5716,207.42694
151,0.5533101,0.70285636,337.30225,148.18472,370.9347,253.02829
151,0.196558,0.56597716,108.35513,131.35156,143.2391,203.75177
151,0.6875454,0.5717139,423.13885,135.11572,456.91925,205.81702
151,0.97528446,0.7805263,608.5277,178.7002,639.8364,280.98947
151,0.9877906,0.53504264,624.4906,87.840576,639.88135,192.61536
151,0.7161573,0.3310559,448.8645,93.30913,467.81683,119.18013
152,0.12650296,0.9966778,59.105083,275.71014,102.81871,358.80402
152,0.65014774,0.70657367,396.00797,139.60071,436.18112,254.36652
152,0.7467128,0.6071713,457.77737,124.14819,498.01505,218.58167
152,0.51455295,0.83392215,304.53497,182.46323,354.09283,300.21198
152,0.44988498,0.7756753,265.21167,168.09848,310.6411,279.2431
152,0.32043236,0.5762196,173.58203,137.33115,236.57141,207.43906
152,0.55263484,0.7034757,336.1059,148.22711,371.26672,253.25125
152,0.19624141,0.56608504,107.966644,131.85452,143.22235,203.79062
152,0.6867318,0.5720648,422.0106,134.39905,457.00613,205.94333
152,0.975303,0.78048307,608.54987,178.02774,639.83795,280.9739
152,0.9878088,0.5348982,624.5145,87.778206,639.88074,192.56335
152,0.055752575,0.68372923,24.35105,133.53186,47.012245,246.14252
153,0.13195834,0.9992379,63.491592,274.2989,105.415085,359.72565
153,0.64976305,0.7066108,395.60864,142.30615,436.08807,254.37988
153,0.7467413,0.60755014,457.54108,124.0224,498.28778,218.71805
153,0.51350325,0.83404756,304.51495,182.19638,352.76923,300.2571
153,0.44991693,0.7754992,265.24728,168.34244,310.6464,279.17972
153,0.32035565,0.5762921,173.578,135.70804,236.47723,207.46515
153,0.19530053,0.5664056,107.27786,131.9524,142.70682,203.906
153,0.5520927,0.7014825,333.99503,148.00067,372.68356,252.53369
153,0.68237793,0.57198256,416.41333,133.4971,457.0304,205.91373
153,0.9753168,0.7804397,608.5665,177.44458,639.839,280.95828
153,0.98782027,0.53316605,624.5292,87.72923,639.88074,191.93977
153,0.97457695,0.78489345,607.5692,104.86609,639.8893,282.56165
153,0.68943244,0.32905143,431.6941,93.93269,450.77942,118.45851
153,0.9608002,0.6828422,596.51697,121.66083,633.30725,245.82318
154,0.13953407,0.9979736,67.912384,270.52686,110.69122,359.2705
154,0.74658376,0.60790133,457.26202,124.46527,498.36517,218.84448
154,0.6498124,0.7058877,395.69812,143.48608,436.06177,254.11957
154,0.51197636,0.8319642,304.3264,182.66385,351.00333,299.5071
154,0.44991875,0.7755003,265.2738,168.27173,310.6222,279.1801
154,0.32032782,0.57621145,173.58038,134.55899,236.43921,207.43613
154,0.19418709,0.56668794,105.77054,131.75421,142.78894,204.00766
154,0.54832387,0.69946307,330.06332,147.97821,371.79123,251.8067
154,0.68509376,0.57159364,419.88678,133.8663,457.03326,205.77371
154,0.97543275,0.78052574,608.71497,176.54996,639.839,280.98926
154,0.98845387,0.5348758,625.3418,87.09967,639.87915,192.5553
154,0.9747571,0.78497976,607.80005,105.08746,639.88904,282.5927
154,0.71596926,0.33071047,448.81824,93.500885,467.62244,119.05577
154,0.68959135,0.3286454,431.8473,93.914246,450.82965,118.31235
155,0.1477687,0.9993035,71.81249,261.90076,117.33146,359.74927
155,0.64995027,0.70610595,395.81244,144.3089,436.1239,254.19815
155,0.74615496,0.607331,456.80252,124.276825,498.27585,218.63916
155,0.51054806,0.8338702,303.69226,182.73822,349.80927,300.19327
155,0.4498517,0.7759448,265.18573,168.13614,310.62445,279.34015
155,0.32017225,0.5761634,173.38754,134.48328,236.43295,207.41882
155,0.19301921,0.56374043,104.879105,132.32993,142.18549,202.94656
155,0.5439566,0.7027986,327.95444,149.03378,368.30997,253.0075
155,0.681728,0.5723733,415.61328,130.6047,456.99854,206.05438
155,0.9754106,0.7805001,608.6874,176.95193,639.83813,280.98004
155,0.98861027,0.53546584,625.5438,87.26629,639.8773,192.7677
155,0.9744822,0.784933,607.4469,101.2908,639.89026,282.57587
155,0.96172875,0.6823507,596.51483,119.04831,634.498,245.64624
156,0.64979714,0.70487195,396.3352,143.89667,435.40515,253.7539
156,0.745553,0.6096717,455.82135,124.611435,498.4865,219.48183
156,0.5106331,0.8339942,304.35825,182.45215,349.2521,300.2379
156,0.16299379,0.9994629,77.530014,253.2367,131.10204,359.80664
156,0.3205054,0.5758906,173.73196,136.90405,236.51495,207.32062
156,0.44935504,0.77484334,264.78754,167.5503,310.3869,278.9436
156,0.19196717,0.56481826,103.77107,132.76573,141.94691,203.33458
156,0.53749985,0.70330906,325.95187,148.63223,362.04794,253.19125
156,0.68301284,0.5687236,416.05096,127.15399,458.2055,204.74051
156,0.97540605,0.780581,608.68164,177.16202,639.83813,281.00916
156,0.98808825,0.5336369,624.8718,87.87454,639.8811,192.10928
156,0.5617744,0.5833407,343.52817,147.29626,375.543,210.00266
156,0.97426796,0.7849794,607.17145,98.35309,639.89154,282.5926
156,0.96187174,0.68242884,596.4828,118.723755,634.713,245.67438
157,0.17314526,0.99606705,80.48663,250.03323,141.13931,358.58414
157,0.5109173,0.83365494,305.02545,182.8775,348.94867,300.11578
157,0.65010166,0.70495486,396.9932,144.53696,435.13693,253.78375
157,0.7452766,0.60911137,455.31836,124.81604,498.63562,219.28009
157,0.3205348,0.5762254,173.50668,134.60988,236.77786,207.44115
157,0.19043584,0.5673447,103.42534,132.94711,140.33253,204.24411
157,0.45021766,0.7744391,264.70502,167.1058,311.5736,278.79807
157,0.53480005,0.68793166,324.698,148.23517,359.84607,247.6554
157,0.67989147,0.57352984,414.33115,122.8627,455.92996,206.47073
157,0.9754284,0.7806005,608.709,176.87006,639.83936,281.01617
157,0.9879319,0.53382194,624.67145,87.78902,639.8814,192.17589
157,0.5620369,0.59397805,344.60165,146.47504,374.8055,213.83209
157,0.9742562,0.78475875,607.159,98.070465,639.889,282.51315
157,0.96232224,0.68177295,596.54553,117.21466,635.2269,245.43826
158,0.17209694,0.9974891,69.37227,250.0083,150.9118,359.09607
158,0.510834,0.83364564,305.23056,183.67047,348.63693,300.11243
158,0.32020354,0.57638556,173.02846,131.57709,236.83208,207.49881
158,0.65083873,0.70541376,397.14185,144.49573,435.93176,253.94894
158,0.7452963,0.6071263,455.52478,124.94406,498.45447,218.56546
158,0.18987115,0.5683552,103.78348,132.97308,139.25159,204.60788
158,0.4624744,0.77668434,277.40097,171.51581,314.56625,279.60635
158,0.5325373,0.68040806,322.90912,146.32361,358.7386,244.9469
158,0.67923975,0.56964386,414.15717,122.33942,455.2697,205.07178
158,0.5610011,0.59692883,342.4441,143.37033,375.63733,214.89438
158,0.97541046,0.7806144,608.6854,176.54797,639.83997,281.02118
158,0.43951464,0.71842134,263.23972,165.96213,299.33902,258.63168
158,0.4500471,0.77379864,264.80408,167.54553,311.25623,278.5675
158,0.98787326,0.5335171,624.5965,87.8465,639.8813,192.06616
158,0.97439575,0.78478265,607.34033,105.650635,639.8862,282.52176
158,0.9619581,0.68194133,596.49194,119.7666,634.81445,245.49887
159,0.16981816,0.99997187,61.909912,248.84192,155.45734,359.98987
159,0.51351476,0.83335394,305.7663,183.52707,351.5326,300.00742
159,0.3200447,0.5763554,172.79773,130.90009,236.8595,207.48795
159,0.6505519,0.7057678,397.0126,143.80234,435.69382,254.07642
159,0.74580204,0.6055409,455.45752,124.36105,499.16907,217.99472
159,0.1901069,0.5705098,104.66235,133.20862,138.67447,205.38351
159,0.53198445,0.608687,322.26108,146.4295,358.67905,219.12732
159,0.43929347,0.7108449,261.78485,148.07578,300.5108,255.90414
159,0.5610744,0.5998427,342.58148,140.16116,375.5937,215.94339
159,0.46393967,0.7759251,279.63434,175.20795,314.20844,279.33304
159,0.97540796,0.7806644,608.6826,175.77405,639.8396,281.03918
159,0.6773731,0.5733837,413.21973,122.64517,453.81787,206.41812
159,0.9878233,0.53462654,624.5305,87.99431,639.8833,192.46556
159,0.9741667,0.78474766,607.04834,99.70697,639.885,282.50916
160,0.23389478,0.48072103,143.89987,160.60455,155.48544,173.05957
160,0.18805866,1.0,70.18742,240.9651,170.52766,360.0
160,0.74873036,0.6097348,455.8106,125.129456,502.56427,219.50452
160,0.31887522,0.5753557,172.89279,130.17206,235.26749,207.12805
160,0.510297,0.83227754,304.34714,182.8768,348.83304,299.6199
160,0.6505092,0.7058487,396.9667,143.49377,435.68503,254.10553
160,0.19115534,0.57330585,106.029434,133.48056,138.6494,206.3901
160,0.44061217,0.7141669,261.5915,146.98541,302.3921,257.10007
160,0.5312406,0.61057335,320.74127,146.9013,359.24664,219.8064
160,0.9753493,0.78068095,608.6075,176.00443,639.83966,281.04514
160,0.5601201,0.600286,341.69922,138.44183,375.25452,216.10297
160,0.4632147,0.77597284,279.37387,177.76617,313.54092,279.35022
160,0.9876612,0.53471214,624.323,87.93942,639.8833,192.49637
160,0.6782743,0.5752604,413.87085,122.5582,454.3202,207.09375
160,0.9744965,0.78483397,607.46924,101.62971,639.8862,282.54022
160,0.05564321,0.6835006,24.239426,133.04337,46.98388,246.06021
161,0.7501746,0.61073864,456.3325,126.08649,503.89096,219.8659
161,0.3186159,0.5756226,172.70648,127.39426,235.12189,207.22415
161,0.18224964,0.99961466,79.014145,234.9848,154.26538,359.86127
161,0.5122984,0.831943,306.7179,182.25671,349.02405,299.49948
161,0.65059364,0.70615983,397.06757,142.80124,435.69232,254.21753
161,0.19204383,0.5726557,106.657486,132.98465,139.15862,206.15604
161,0.43938723,0.7159137,261.8871,148.21017,300.52856,257.72894
161,0.2006239,1.0,100.555,231.51083,156.24359,360.0
161,0.9753424,0.7806088,608.598,175.84283,639.8402,281.01917
161,0.53210753,0.6712058,321.86536,147.58209,359.2323,241.6341
161,0.5555484,0.599924,336.18185,133.29791,374.92014,215.97266
161,0.46339035,0.7757157,279.21338,170.74194,313.92627,279.25766
161,0.987744,0.5344206,624.43,87.79133,639.88226,192.39142
161,0.6932632,0.5698143,432.229,158.20053,455.14783,205.13315
161,0.055665772,0.68381864,24.2714,134.1738,46.98079,246.17471
161,0.97457755,0.7846402,607.5742,99.946106,639.885,282.47046
162,0.75020754,0.61082006,456.68225,126.463394,503.58337,219.89522
162,0.3183606,0.5773875,171.55933,126.88275,235.94223,207.8595
162,0.20162602,0.99522233,98.75347,235.21277,159.32782,358.28003
162,0.65049493,0.70623845,396.86792,141.64874,435.76562,254.24585
162,0.19398066,0.5810965,107.37967,132.0751,140.91557,209.19473
162,0.5086423,0.8322172,303.9402,182.50049,347.122,299.5982
162,0.44136685,0.71872145,262.09393,148.15823,302.85565,258.73972
162,0.5353253,0.69123626,322.1204,141.16974,363.09598,248.84506
162,0.9753294,0.78061754,608.5819,175.72968,639.8397,281.0223
162,0.5535172,0.600068,334.1734,132.03418,374.3286,216.02448
162,0.68399227,0.5757352,418.607,122.2702,456.90314,207.26468
162,0.45064813,0.7685138,263.11856,150.03595,313.71103,276.66498
162,0.9877102,0.534442,624.3872,87.676895,639.88184,192.39912
162,0.055651046,0.68360674,24.282265,133.84329,46.951073,246.09842
162,0.97444993,0.7845119,607.4109,97.57938,639.885,282.4243
163,0.23151894,0.9985657,130.12598,233.77686,166.21826,359.48364
163,0.31987366,0.57677925,171.64462,126.407074,237.79367,207.64053
163,0.74921304,0.6099237,455.50296,126.87662,503.48972,219.57254
163,0.6512244,0.70406204,397.6266,143.62442,435.9406,253.46234
163,0.19606832,0.58038586,108.31918,131.45187,142.64827,208.9389
163,0.50785,0.8322841,303.05487,182.35715,346.9931,299.62228
163,0.5393351,0.7016036,322.97955,139.95755,367.36932,252.5773
163,0.4417593,0.7271407,261.6516,147.91904,303.8003,261.77066
163,0.97533417,0.78060514,608.58875,176.6063,639.839,281.01785
163,0.6864389,0.5838918,418.63177,122.9198,460.01007,210.20105
163,0.45205313,0.77432185,263.56708,149.08432,315.0609,278.75586
163,0.98756635,0.53465873,624.20105,87.821075,639.8839,192.47714
163,0.9746361,0.78452,607.6468,103.08096,639.8874,282.4272
164,0.32129508,0.5769994,171.59573,126.41814,239.66199,207.7198
164,0.7488406,0.61044407,454.9862,126.69632,503.52972,219.75986
164,0.24586383,1.0,137.64774,228.35817,177.05795,360.0
164,0.65087104,0.7039399,397.83353,142.96484,435.2814,253.41837
164,0.54159653,0.70298904,324.34436,145.29803,368.89917,253.07605
164,0.5095759,0.8337091,305.36957,183.88928,346.88757,300.13528
164,0.19658102,0.5790197,108.40904,131.50029,143.21466,208.4471
164,0.45243692,0.75975204,262.29712,148.75742,316.82214,273.51074
164,0.97535515,0.78061557,608.6155,176.23291,639.8391,281.0216
164,0.6890717,0.57525694,420.47195,126.4252,461.53983,207.0925
164,0.4437701,0.7105376,262.01123,148.12204,306.01453,255.79355
164,0.055769026,0.6839766,24.4711,133.6261,46.913254,246.23157
164,0.98760223,0.53476596,624.24695,87.6391,639.8839,192.51575
164,0.974342,0.7845553,607.2716,97.00046,639.8861,282.4399
165,0.3228046,0.57644516,172.34581,125.80081,240.84407,207.52026
165,0.7451125,0.61079305,450.28534,127.16135,503.45862,219.8855
165,0.6506835,0.7043252,397.66565,143.67834,435.20923,253.55707
165,0.25442076,0.9722176,147.03223,221.52417,178.62634,349.99835
165,0.50944984,0.8332503,305.4312,182.28418,346.6646,299.9701
165,0.44881278,0.71414363,261.46838,147.30984,313.01196,257.0917
165,0.5395596,0.70642877,323.26514,129.70602,367.37115,254.31436
165,0.19537798,0.5871476,105.503784,131.3943,144.58002,211.37312
165,0.687161,0.5760358,420.9933,126.86771,458.5728,207.3729
165,0.9753418,0.7806529,608.59985,175.93814,639.83765,281.03503
165,0.987332,0.53516495,623.9016,87.99393,639.8833,192.6594
165,0.05564054,0.6838788,24.277628,133.19653,46.94227,246.19635
165,0.9742397,0.7844818,607.13654,92.99859,639.8903,282.41345
165,0.49155158,1.0,292.56775,344.6159,336.6183,360.0
165,0.9651459,0.68177795,596.7827,106.55859,638.604,245.44006
166,0.65036964,0.7040064,396.7602,143.85788,435.71295,253.44229
166,0.74402565,0.61043644,449.11063,127.066986,503.24222,219.75711
166,0.5094072,0.8333859,305.53717,183.42853,346.5041,300.01892
166,0.54425824,0.7049608,328.55444,154.09778,368.09607,253.78589
166,0.26733384,0.9433541,149.84901,200.30779,192.3383,339.60748
166,0.4460868,0.7141934,261.5564,148.72943,309.4347,257.10962
166,0.3257966,0.5706737,174.87524,125.7576,242.14441,205.44254
166,0.6893875,0.57198954,424.01984,126.3696,458.39618,205.91623
166,0.97518843,0.7807834,608.4038,175.73566,639.8374,281.08203
166,0.98748225,0.5353365,624.094,87.98547,639.8833,192.72113
166,0.49154538,1.0,292.99463,344.55783,336.18347,360.0
166,0.18694633,0.46812648,106.19968,131.0486,133.09163,168.52553
166,0.5247308,0.47015762,318.51263,128.3339,353.14276,169.25674
166,0.9741241,0.78480697,606.9891,92.35919,639.8897,282.53052
166,0.21571939,0.47964165,128.60898,130.53125,147.51184,172.67099
166,0.9652594,0.68176305,596.8347,103.44122,638.69727,245.4347
167,0.5102204,0.833263,306.4414,183.09338,346.6407,299.97467
167,0.6504506,0.7055198,396.6211,143.19049,435.9557,253.98712
167,0.74440897,0.6103881,449.71173,127.5126,503.13177,219.73972
167,0.2706035,0.9167978,153.1871,182.67703,193.1854,330.0472
167,0.54529333,0.70515907,329.79123,155.01492,368.18423,253.85727
167,0.443781,0.71355873,262.14972,148.09485,305.88995,256.88113
167,0.32693452,0.56310207,180.28557,125.995544,238.1906,202.71674
167,0.69073904,0.5798823,423.53674,126.64163,460.6092,208.75763
167,0.9752563,0.78073174,608.48987,175.33331,639.83826,281.06342
167,0.20632076,0.5035209,112.637665,127.378784,151.45291,181.26752
167,0.9879492,0.5342031,624.6923,88.26616,639.8826,192.31313
167,0.20707087,0.59444827,113.51804,127.20706,151.53268,214.00137
167,0.9742247,0.78477323,607.121,96.02545,639.8866,282.51837
167,0.2863528,0.51781857,171.81265,122.48314,194.71893,186.41469
167,0.52405655,0.49830484,317.09607,128.58517,353.6963,179.38974
167,0.963354,0.6817933,596.4447,115.36871,636.64844,245.44559
167,0.52044183,0.55067664,313.50873,126.57233,352.6568,198.24359
168,0.27491894,0.8724721,151.21985,174.36082,200.67639,314.08997
168,0.64937556,0.7053191,395.96796,142.91333,435.23273,253.91489
168,0.5111939,0.8331223,305.90063,183.74722,348.4275,299.92404
168,0.74337006,0.6081133,449.00903,127.25189,502.50464,218.92078
168,0.44253033,0.7137353,261.56134,147.96365,304.8775,256.9447
168,0.5468687,0.7068557,332.13556,155.38385,367.85638,254.46805
168,0.2128727,0.60797757,116.73245,127.07657,155.7446,218.87192
168,0.6906359,0.5811241,423.23376,126.305145,460.7802,209.20468
168,0.97515106,0.7812358,608.3566,176.39651,639.83673,281.2449
168,0.28373376,0.3038791,174.42169,93.98276,188.7575,109.396484
168,0.32989368,0.5626992,183.66663,125.69348,238.59729,202.57172
168,0.51824224,0.53464323,313.85553,128.02533,349.49457,192.47156
168,0.9878775,0.5350753,624.59814,88.39963,639.885,192.6271
168,0.97460383,0.78566164,607.60114,98.70883,639.8918,282.8382
168,0.055558823,0.6841063,24.002163,132.34119,47.113132,246.27826
168,0.9628736,0.68220216,596.4372,115.23779,636.04095,245.59277
169,0.51282316,0.8339014,305.32828,183.23016,351.08536,300.2045
169,0.21950023,0.62165725,121.92943,131.87642,159.03087,223.79662
169,0.7435292,0.60905844,448.62793,126.965454,503.08948,219.26105
169,0.6505178,0.7055395,396.89716,142.79126,435.76562,253.99423
169,0.4425376,0.7140923,261.44635,148.5321,305.00177,257.07324
169,0.28252825,0.8493632,156.04364,168.34766,205.59253,305.77075
169,0.54538697,0.70734465,330.031,157.10214,368.06433,254.64407
169,0.6879337,0.5828345,419.8645,126.60634,460.6906,209.82042
169,0.3323377,0.56491023,186.79959,126.87073,238.59268,203.36768
169,0.97517526,0.78114045,608.38684,176.1294,639.8375,281.21057
169,0.51191854,0.5401679,310.21637,128.04556,345.03937,194.46045
169,0.055818856,0.684385,24.387419,132.18445,47.060715,246.3786
169,0.34352967,0.56533474,201.54509,127.673615,238.1729,203.52051
169,0.9879092,0.53530246,624.64014,88.409935,639.88367,192.7089
169,0.55595213,0.7002955,343.44727,161.57898,368.17145,252.10638
169,0.9746419,0.78538114,607.65216,98.022484,639.88947,282.7372
170,0.5114373,0.8330421,305.54352,184.42932,349.09625,299.89514
170,0.6495919,0.70518917,396.4071,144.4338,435.07056,253.8681
170,0.74328357,0.6090979,449.89044,127.49655,501.5125,219.27524
170,0.4437026,0.71314156,261.79517,148.25742,306.14417,256.73096
170,0.292212,0.8372134,166.23636,161.27646,207.79501,301.39682
170,0.22669359,0.6225905,127.98295,133.45447,162.18484,224.13257
170,0.5434884,0.70795137,329.5614,157.13904,366.10376,254.86249
170,0.9752346,0.78107136,608.46216,176.34866,639.83813,281.1857
170,0.34103233,0.56549597,197.80643,127.78961,238.71494,203.57855
170,0.6857584,0.57827437,419.0247,126.52637,458.74606,208.17877
170,0.50763375,0.5625586,309.90436,128.67612,339.86682,202.52109
170,0.9879185,0.5351518,624.65295,88.444374,639.8827,192.65463
170,0.055726785,0.68435663,24.300282,132.81998,47.030003,246.36838
170,0.350726,0.5650839,209.86964,127.97159,239.05965,203.4302
170,0.9749535,0.7853638,608.04877,108.62438,639.89166,282.73096
170,0.46938068,0.4680037,288.75018,128.96136,312.05707,168.48132
171,0.5111577,0.8339468,306.63226,183.0292,347.6496,300.22086
171,0.29891077,0.83520746,173.09146,163.9347,209.51431,300.67468
171,0.4444499,0.7141988,262.13293,148.30353,306.76294,257.11157
171,0.7438298,0.61197525,451.41995,127.67114,500.68216,220.3111
171,0.6492568,0.70597273,395.5697,144.72882,435.479,254.15018
171,0.23556343,0.6183319,133.09433,131.58356,168.42685,222.59949
171,0.5501184,0.71107626,334.66336,173.24533,369.4882,255.98746
171,0.9751751,0.7809896,608.3867,176.70966,639.8374,281.15625
171,0.98783475,0.53524375,624.54663,88.322136,639.88184,192.68774
171,0.5027501,0.5409475,307.8946,130.596,335.62555,194.7411
171,0.9749862,0.7853108,608.0875,104.85262,639.8948,282.71188
171,0.68267727,0.5926488,412.58356,127.665436,461.24335,213.35358
171,0.33842403,0.5612682,193.8634,126.865204,239.31934,202.05655
171,0.055648707,0.6846067,24.176912,132.27255,47.053436,246.4584
172,0.5099201,0.83411807,305.23456,181.73419,347.4632,300.2825
172,0.24109054,0.6208596,133.06631,128.64972,175.52957,223.50946
172,0.44400883,0.7139286,262.36353,148.28589,305.96777,257.01428
172,0.7432497,0.6135334,450.03748,131.09012,501.32214,220.87201
172,0.6525876,0.7064474,396.08716,142.58072,439.22498,254.32108
172,0.55231667,0.78085905,335.62518,171.45203,371.34015,281.10925
172,0.30370364,0.8446737,175.1708,151.99142,213.56985,304.08252
172,0.34294003,0.5628284,199.23984,126.8739,239.72342,202.61823
172,0.9751579,0.7810279,608.365,175.44595,639.83716,281.17004
172,0.9881647,0.5341986,624.97034,88.282135,639.8805,192.3115
172,0.97478163,0.7853301,607.82837,105.950096,639.8921,282.71884
172,0.9623833,0.6822795,596.4252,118.93204,635.4254,245.62064
173,0.5100242,0.833588,305.08472,181.776,347.74622,300.09167
173,0.3029918,0.86433244,169.37859,175.80338,218.45091,311.15967
173,0.4440499,0.71403486,262.17102,147.8675,306.21283,257.05255
173,0.6570722,0.7056895,395.9475,144.6842,445.10486,254.04822
173,0.7430031,0.6124663,450.5744,131.60638,500.46954,220.48785
173,0.24867444,0.6098295,133.2905,128.16464,185.01279,219.5386
173,0.55534923,0.7809069,333.9353,170.84811,376.91174,281.1265
173,0.9751514,0.781054,608.3568,175.5459,639.83704,281.17944
173,0.98810995,0.5341764,624.90015,88.03241,639.8806,192.3035
173,0.9749794,0.7853279,608.0797,105.32593,639.8939,282.71805
173,0.66809815,0.548803,406.7171,126.79562,448.44855,197.56906
173,0.33536768,0.5625374,189.72852,126.518585,239.54211,202.51346
173,0.483456,0.4755647,295.66202,129.69191,323.16165,171.2033
173,0.9625648,0.6822851,596.42896,117.31415,635.65405,245.62262
174,0.51078814,0.83356863,304.69873,181.7073,349.1101,300.08472
174,0.65617466,0.70606273,396.10468,144.04391,443.7989,254.18259
174,0.74528056,0.6113235,453.25043,130.14023,500.70868,220.07645
174,0.30708256,0.8824961,168.70142,187.859,224.36426,317.6986
174,0.44347572,0.71402395,262.0307,147.03366,305.61823,257.0486
174,0.57536876,0.7794699,345.9954,168.96252,390.47665,280.60916
174,0.25264063,0.5977827,134.79013,137.73672,188.58987,215.20175
174,0.97516596,0.7810613,608.3744,175.249,639.838,281.18207
174,0.98796064,0.5335653,624.70984,88.071686,639.87976,192.0835
174,0.48089027,0.48006848,294.2884,130.60846,321.25116,172.82465
174,0.3376719,0.56396943,193.58685,126.99664,238.63318,203.02899
174,0.6691353,0.56359386,408.66394,128.47116,447.82922,202.8938
174,0.49066132,1.0,303.1564,344.23102,324.8901,360.0
174,0.5329736,0.6027492,325.85123,154.02151,356.35495,216.98972
174,0.9612729,0.68234456,596.3013,119.23532,634.12805,245.64404
175,0.3121736,0.88481444,169.9711,199.45868,229.61111,318.5332
175,0.510691,0.83388805,304.92804,182.67935,348.7564,300.1997
175,0.6550751,0.7055371,395.49075,139.53925,443.00534,253.99335
175,0.58628005,0.776621,350.0827,168.104,400.35577,279.58356
175,0.75576556,0.60851043,464.05322,131.65164,503.32672,219.06375
175,0.4448882,0.71407336,262.1336,147.09128,307.3233,257.0664
175,0.53413165,0.6166432,325.76367,153.8458,357.9248,221.99155
175,0.9752232,0.7808902,608.44745,174.07547,639.8382,281.12048
175,0.28392038,0.61256933,166.90225,143.33551,196.51584,220.52496
175,0.98802406,0.5329911,624.7894,88.127014,639.88135,191.8768
175,0.35120866,0.56314874,210.68701,126.45648,238.86008,202.73355
175,0.33682418,0.56439203,192.45917,127.21225,238.67578,203.18112
175,0.9613066,0.68209463,596.3744,120.9776,634.098,245.55408
176,0.65102977,0.70854425,396.97473,142.62198,436.34338,255.07593
176,0.5101223,0.8337694,305.29688,182.97888,347.65967,300.15698
176,0.32952493,0.8829588,189.35596,202.30096,232.43597,317.86517
176,0.76282626,0.6129281,472.3066,134.29651,504.111,220.65411
176,0.5919216,0.7816835,349.9861,169.44302,407.67355,281.40607
176,0.44402924,0.7147725,262.21,147.10529,306.14743,257.3181
176,0.5356716,0.6638782,324.9337,153.62619,360.72592,238.99615
176,0.97522527,0.78081787,608.4494,174.18188,639.8389,281.09442
176,0.6759838,0.5663085,414.23175,127.05881,451.02753,203.87106
176,0.32014322,0.5638605,170.9689,126.37283,238.81442,202.98978
176,0.98806936,0.5337001,624.84607,88.344444,639.8827,192.13205
176,0.31829593,0.6460523,168.30722,130.85886,239.11157,232.57883
177,0.59077567,0.7849528,348.08795,172.17288,408.10492,282.583
177,0.65315473,0.70729554,399.8099,143.09192,436.22812,254.6264
177,0.5090459,0.8322824,304.71997,183.71365,346.85876,299.62167
177,0.33497006,0.8814943,192.4416,200.41154,236.32008,317.33795
177,0.7664462,0.6096763,475.55344,133.84314,505.49765,219.48346
177,0.4504032,0.7147451,262.021,147.24014,314.49512,257.30823
177,0.54066503,0.70319366,323.7921,154.23483,368.2591,253.14972
177,0.9752623,0.7807983,608.49695,175.65005,639.83875,281.0874
177,0.2981612,0.6423609,171.42477,133.69681,210.22159,231.24994
177,0.98774034,0.53515136,624.4269,88.45989,639.88074,192.65448
177,0.68663853,0.5645445,428.13074,155.28784,450.7666,203.23602
177,0.32731605,0.56110066,180.33098,130.23987,238.63356,201.99625
177,0.9915455,0.5228796,629.4214,88.80797,639.75684,188.23665
178,0.6545622,0.70662165,400.39594,142.7326,437.44366,254.38379
178,0.34071332,0.8777673,197.0556,195.73807,239.05743,315.99625
178,0.44362998,0.71431375,262.81512,147.07355,305.03125,257.15295
178,0.5083389,0.8318172,304.15692,183.28915,346.5169,299.4542
178,0.59484214,0.78678554,352.278,171.30557,409.11993,283.2428
178,0.54138845,0.70626414,323.92938,153.73276,369.04785,254.2551
178,0.97513753,0.7808814,608.33704,176.47833,639.839,281.1173
178,0.30321032,0.6433495,171.7367,131.7832,216.37253,231.60583
178,0.9882175,0.53672606,625.03033,88.42138,639.888,193.22137
178,0.7716925,0.610654,479.7888,134.03082,507.97763,219.83545
178,0.77161586,0.6137589,480.08795,172.13431,507.58038,220.95322
178,0.4741313,0.49966735,288.59766,124.07123,318.2904,179.88025
178,0.69302124,0.5593523,434.22662,156.12024,452.84058,201.36682
178,0.3023102,0.6433662,171.90137,170.85172,215.0557,231.61185
178,0.3173101,0.55531096,191.40149,135.53659,214.75543,199.91196
179,0.61069506,0.7878323,369.47498,169.46436,412.21472,283.61963
179,0.44385186,0.7144601,262.8416,147.15717,305.28876,257.20563
179,0.5089334,0.8322407,304.60095,184.17038,346.83386,299.60666
179,0.6561254,0.70616275,400.96954,142.069,438.87103,254.2186
179,0.540463,0.7076095,323.4715,153.47592,368.3211,254.73941
179,0.34058657,0.8656335,196.70795,195.26451,239.24286,311.62805
179,0.2939381,0.5642381,172.23712,117.86069,204.00366,203.1257
179,0.77541,0.6115889,482.09192,131.86285,510.43286,220.172
179,0.68999,0.5615199,419.76346,128.13399,463.42374,202.14717
179,0.9751816,0.7807824,608.3867,173.83725,639.8457,281.08167
179,0.32589346,0.86485094,178.78879,195.19034,238.35483,311.34634
179,0.33229867,0.5938136,199.98413,134.9732,225.35815,213.77289
179,0.64010555,0.72944856,388.37717,146.91415,430.95792,262.60147
179,0.98731744,0.53291374,623.8927,88.934746,639.87366,191.84894
179,0.2967843,0.5529779,177.79034,121.522125,202.09357,199.07205
179,0.77807117,0.4847712,485.0559,132.10658,510.87518,174.51762
180,0.33616558,0.8491643,185.01877,187.82367,245.27316,305.69916
180,0.4439436,0.71377724,263.20392,146.9248,305.04388,256.9598
180,0.51008147,0.8332479,304.258,183.70697,348.6463,299.96924
180,0.6198972,0.7858908,377.21033,168.64871,416.25806,282.9207
180,0.5407084,0.7053978,324.21613,153.11496,367.8907,253.9432
180,0.658917,0.7100446,403.02402,143.2341,440.38974,255.61606
180,0.2884696,0.56468403,164.89584,115.59622,204.34525,203.28625
180,0.78169966,0.6036633,484.06158,127.98389,516.514,217.31879
180,0.6974373,0.56047654,419.55884,127.83295,473.1609,201.77155
180,0.9752981,0.7810302,608.53705,172.51773,639.84454,281.17087
180,0.9877537,0.5352361,624.46716,88.3653,639.85754,192.685
180,0.97491664,0.7849031,608.0221,103.87353,639.8712,282.56512
181,0.5131372,0.83461326,305.68372,184.00497,351.13196,300.4608
181,0.44381052,0.7145128,262.69604,148.29877,305.3814,257.2246
181,0.34400624,0.8382585,197.27025,185.367,243.05775,301.77307
181,0.6296553,0.7867237,383.0629,169.4602,422.8959,283.22052
181,0.5393611,0.7057606,323.22934,153.6647,367.15286,254.07382
181,0.6636385,0.7085112,406.42798,140.62482,443.0293,255.06403
181,0.279842,0.56004953,158.50009,115.938324,199.69766,201.61783
181,0.69870615,0.56265646,419.36157,128.30399,474.9823,202.55634
181,0.7892976,0.5994736,487.5244,124.805115,522.7765,215.81049
181,0.9752205,0.7845319,608.4188,161.00949,639.8634,282.4315
181,0.27400312,0.5568997,160.32016,125.2065,190.40384,200.4839
181,0.36072958,0.61134696,213.29813,140.70792,248.43573,220.0849
181,0.97498524,0.78462654,608.1052,108.70923,639.87585,282.46555
181,0.98778075,0.53505427,624.5112,88.949486,639.84814,192.61954
181,0.7876685,0.4693485,486.5716,125.57825,521.6441,168.96545
182,0.64509785,0.7891366,387.09082,173.3305,438.6344,284.08917
182,0.5182451,0.8352751,306.9712,183.67865,356.38257,300.69904
182,0.33866048,0.8333229,195.89992,179.79239,237.5855,299.99625
182,0.44345292,0.71324664,262.91638,149.25381,304.70337,256.7688
182,0.53965867,0.7067337,324.07788,153.7139,366.68518,254.42413
182,0.26669025,0.55455685,150.33368,118.45154,191.02985,199.64047
182,0.66669893,0.70885247,408.73627,141.22964,444.63837,255.18689
182,0.36211735,0.6582896,216.46478,136.43594,247.04544,236.98425
182,0.79512537,0.5917447,491.16327,123.73799,526.5972,213.02809
182,0.7072067,0.56209767,430.10123,129.81055,475.12338,202.35516
182,0.9749831,0.78022265,608.13403,175.3909,639.84436,280.88016
182,0.36225176,0.5824395,217.23242,136.6803,246.44983,209.67822
182,0.9872049,0.5339095,623.7693,88.40732,639.853,192.20743
183,0.52305645,0.83704954,308.8236,184.07306,360.68866,301.33783
183,0.44387913,0.7134132,263.4034,150.09482,304.76187,256.82874
183,0.3368225,0.8304094,190.44464,177.24115,240.68817,298.9474
183,0.2599087,0.56068397,139.61937,119.75453,193.06377,201.84624
183,0.661534,0.79066867,392.4483,176.70453,454.31525,284.64072
183,0.5377964,0.7076725,321.74597,152.8529,366.63342,254.76208
183,0.8002017,0.587096,491.76038,129.21814,532.4978,211.35455
183,0.36755294,0.6528261,220.21805,131.19824,250.24973,235.0174
183,0.6690756,0.59780985,408.99188,141.04028,447.42487,215.21155
183,0.71277297,0.5629952,436.78067,129.1368,475.56876,202.67827
183,0.97575486,0.78028995,609.12054,176.40479,639.84564,280.9044
183,0.98639566,0.5377032,622.74677,88.0058,639.83966,193.57315
183,0.9756077,0.78364706,608.8933,101.04599,639.8845,282.11295
184,0.66999793,0.79339236,394.84808,176.10962,462.74927,285.62125
184,0.44092235,0.71054924,259.0735,149.70819,305.30713,255.79773
184,0.2592038,0.56295276,138.5844,121.125336,193.19646,202.663
184,0.5271684,0.83884627,309.97766,184.4198,364.79785,301.98465
184,0.33202904,0.823852,185.74918,178.40176,239.24802,296.58673
184,0.37484497,0.6513165,224.60944,130.88898,255.19214,234.47394
184,0.53854036,0.7075633,322.9501,152.76944,366.38156,254.72278
184,0.71373796,0.5658065,438.19287,119.364655,475.39172,203.69034
184,0.6700565,0.5792626,409.01324,141.31891,448.65912,208.53455
184,0.8083889,0.58107764,497.54813,125.44772,537.1897,209.18796
184,0.97559655,0.78025436,608.917,176.26224,639.84656,280.89157
184,0.98644257,0.53737843,622.80334,88.13687,639.84314,193.45624
184,0.9756136,0.7830012,608.8925,105.95202,639.8929,281.88043
185,0.43688112,0.7117353,254.72202,149.906,304.4858,256.2247
185,0.53229845,0.84103996,313.242,184.51126,368.10004,302.77438
185,0.32468802,0.8192115,181.11603,179.56366,234.48462,294.91614
185,0.6687428,0.79554963,392.9184,174.93176,463.07233,286.39786
185,0.37923336,0.6512019,227.27667,130.56412,258.14203,234.43268
185,0.7122536,0.55768186,437.61935,106.940216,474.06522,200.76547
185,0.25207353,0.5615049,134.59915,119.287384,188.05496,202.14175
185,0.8236933,0.5684517,509.75378,123.60812,544.5736,204.64261
185,0.5397956,0.7067109,325.0365,152.24808,365.90186,254.41592
185,0.97551185,0.780475,608.8087,174.98062,639.84644,280.971
185,0.9863537,0.5340444,622.68665,88.514885,639.84607,192.25598
185,0.97534925,0.78376395,608.55896,99.76068,639.88806,282.15503
185,0.48412007,0.57996786,292.2215,124.10379,327.4522,208.78842
185,0.67241496,0.59753203,410.5813,135.93582,450.10986,215.11154
186,0.53594464,0.84386903,315.222,186.57849,370.78717,303.79285
186,0.4308443,0.70748246,247.61812,150.21951,303.8626,254.6937
186,0.6784544,0.79515755,405.77032,174.60101,462.6513,286.2567
186,0.32351264,0.81092393,181.21417,177.30725,232.88202,291.93262
186,0.38696846,0.6578391,232.4242,134.05695,262.89545,236.82208
186,0.6691081,0.67554533,411.2542,141.11938,445.20416,243.19632
186,0.97567576,0.7811754,609.01245,177.44443,639.85254,281.22314
186,0.83286685,0.5374862,516.9132,122.19525,549.1564,193.49503
186,0.53837746,0.71019804,324.8636,151.96732,364.25958,255.6713
186,0.24544016,0.5591447,128.20322,114.54581,185.96017,201.29208
186,0.71333164,0.55186737,440.55615,107.75929,472.50836,198.67226
186,0.98640347,0.53487355,622.7426,87.907265,639.8538,192.55447
186,0.5333012,0.6225735,324.91846,152.20721,357.70703,224.12646
186,0.4857336,0.5938701,291.51862,122.861786,330.2204,213.79324
186,0.23174286,0.5585448,134.46587,122.92871,162.165,201.07614
187,0.3250484,0.80829906,187.58347,174.99054,228.47849,290.98767
187,0.5356143,0.84756434,314.87524,187.0779,370.71106,305.12317
187,0.42468444,0.7060957,240.3165,150.99216,303.27957,254.19446
187,0.69441503,0.7966999,422.7359,176.88644,466.11536,286.81195
187,0.66949284,0.70286924,409.45697,140.95102,447.4939,253.03293
187,0.9756004,0.78060615,608.9197,175.26932,639.8489,281.01822
187,0.21865197,0.56164676,124.23937,113.32501,155.63513,202.19284
187,0.5320991,0.5902906,324.21768,151.52792,356.86917,212.50461
187,0.3926413,0.67289513,236.9049,144.55597,265.67596,242.24225
187,0.98654854,0.53339833,622.92755,88.4037,639.85455,192.02339
187,0.8447032,0.5328329,526.5664,123.90756,554.6537,191.81985
187,0.9751054,0.7836985,608.25165,130.06021,639.88324,282.13147
188,0.5366901,0.8479072,316.34418,188.1697,370.6192,305.24658
188,0.3249838,0.80879396,189.22446,172.03369,226.75482,291.16583
188,0.4215362,0.7088667,236.345,153.60089,303.22134,255.19202
188,0.7047685,0.7948245,430.13837,173.35574,471.96527,286.1368
188,0.67215693,0.705139,410.95416,142.76038,449.40668,253.85004
188,0.21269894,0.5605463,118.925514,107.8361,153.32913,201.79666
188,0.5299741,0.58375865,321.98877,150.55386,356.3781,210.1531
188,0.9755123,0.78082216,608.8044,173.59818,639.8514,281.09598
188,0.8542156,0.5370217,526.9735,121.9704,566.4225,193.32782
188,0.9861528,0.53336287,622.40186,87.93062,639.8738,192.01064
188,0.52733356,0.65224963,319.05493,151.15332,355.932,234.80988
188,0.9753002,0.7839486,608.5012,100.151886,639.88306,282.2215
188,0.71486557,0.5443807,442.03476,115.66147,472.9932,195.97705
189,0.41965324,0.71404785,234.80878,152.72134,302.34735,257.05722
189,0.3252713,0.80936855,189.40405,170.64105,226.94324,291.37268
189,0.53624773,0.84810674,315.98694,186.67017,370.41016,305.31842
189,0.7176374,0.7950497,436.24243,173.49957,482.3335,286.2179
189,0.6723596,0.7101673,411.83722,142.59802,448.78302,255.66022
189,0.5247914,0.7043656,316.26276,150.25967,355.47028,253.57162
189,0.97473276,0.77995706,607.8163,175.09851,639.8417,280.78455
189,0.19538346,0.55772597,109.853745,110.84221,140.23708,200.78136
189,0.9750549,0.78314114,608.21423,124.690094,639.8561,281.93082
189,0.50050193,0.58046013,305.33994,123.759766,335.30252,208.96564
189,0.46792993,0.54274505,286.6541,120.31906,312.2962,195.38821
189,0.52963686,0.5756276,322.69873,150.38501,355.23645,207.22595
189,0.9862688,0.5394426,622.5691,88.395676,639.855,194.19933
190,0.735042,0.8001838,440.90683,178.10947,499.94687,288.06616
190,0.32443672,0.80679643,188.40324,171.15338,226.87578,290.44672
190,0.53793037,0.85013074,317.05154,187.37923,371.4993,306.04706
190,0.41468912,0.70885366,235.32,148.54868,295.48206,255.18732
190,0.6764057,0.7105097,413.67648,142.80527,452.12283,255.78351
190,0.5234071,0.70505124,314.78006,150.68204,355.18106,253.81845
190,0.97478247,0.7800179,607.87946,172.97467,639.8421,280.80646
190,0.9752701,0.7838369,608.4928,105.14972,639.8529,282.18127
190,0.1879286,0.5625681,104.7495,121.68536,135.79912,202.52454
190,0.46695393,0.5451371,285.66937,120.05179,312.03168,196.24936
190,0.7139169,0.54197377,442.02917,129.59921,471.78442,195.11057
190,0.9861679,0.56317586,622.4442,88.33555,639.8507,202.74332
190,0.5005377,0.5565,307.0437,121.98207,333.64453,200.34001
191,0.7491168,0.80169016,447.45294,180.11884,511.41656,288.60846
191,0.32200158,0.8034993,186.09055,171.20297,226.07147,289.25974
191,0.53846437,0.85088485,316.4682,187.7271,372.76617,306.31854
191,0.40467453,0.7069245,234.54523,151.3938,283.43817,254.49283
191,0.68109,0.70647734,415.8554,145.62897,455.93976,254.33185
191,0.522915,0.7041889,314.47366,151.33957,354.8575,253.508
191,0.97493505,0.77997863,608.07513,172.24377,639.84174,280.7923
191,0.97540647,0.78342533,608.6693,105.34842,639.85095,282.0331
191,0.7118328,0.5494638,439.89813,121.04402,471.24786,197.80696
191,0.4662002,0.53978187,284.86572,115.88324,311.87054,194.32147
191,0.50291187,0.5500942,309.81335,121.47565,333.91382,198.0339
191,0.90433633,0.5721673,556.0457,122.60806,601.5048,205.98022
191,0.9864453,0.65699464,622.8041,88.461334,639.84595,236.51807
191,0.50433904,0.48315728,310.3288,123.59189,335.22516,173.93661
192,0.753899,0.80183476,451.34027,184.42938,513.65045,288.66052
192,0.31677526,0.80699277,182.18144,170.88324,223.29091,290.5174
192,0.53760934,0.85122144,315.45157,188.84402,372.6884,306.43973
192,0.6876086,0.7052325,416.85312,146.36081,463.28592,253.8837
192,0.5233771,0.7037189,314.55176,151.8725,355.37097,253.3388
192,0.39273673,0.71121216,231.58905,150.00555,271.11398,256.03638
192,0.97489375,0.77953374,608.0233,173.05936,639.8407,280.63214
192,0.17342773,0.55285156,88.81502,120.21893,133.17249,199.02655
192,0.9749489,0.7816625,608.079,127.394104,639.8556,281.3985
192,0.4657126,0.5343313,283.7939,113.78514,312.3182,192.35927
192,0.7083763,0.50918055,437.08954,122.60416,469.63214,183.305
192,0.504329,0.5131666,310.32318,123.86217,335.21796,184.73997
192,0.9865034,0.5327895,622.8795,88.979095,639.84485,191.80423
192,0.89168465,0.55123264,556.5755,122.29288,584.7808,198.44376
192,0.42042857,0.67627424,257.69287,155.07356,280.4557,243.45872
193,0.7536874,0.8016187,450.93958,186.71603,513.7803,288.58273
193,0.53350866,0.85525596,311.70004,191.29082,371.19107,307.89215
193,0.308637,0.8042594,176.53871,170.56973,218.51665,289.5334
193,0.691244,0.70713687,417.23083,144.83145,467.56152,254.56927
193,0.5239401,0.70200545,314.12738,150.5372,356.51593,252.72195
193,0.38038927,0.69787055,224.0722,150.5083,262.82605,251.2334
193,0.9748047,0.7799842,607.9114,173.06885,639.8386,280.7943
193,0.97463036,0.78273576,607.66797,106.484436,639.8589,281.78488
193,0.9052893,0.56752694,558.6167,121.07849,600.15356,204.3097
193,0.46474618,0.5355793,282.07474,112.75908,312.80038,192.80855
193,0.5047022,0.51944613,310.30133,124.58923,335.71753,187.00061
193,0.9865036,0.53808874,622.88556,88.522865,639.83905,193.71194
194,0.52956843,0.8612882,307.3199,193.83347,370.5277,310.06375
194,0.2965282,0.80465937,163.25243,170.97168,216.30367,289.67737
194,0.7526578,0.8014618,449.52246,186.21954,513.8795,288.52625
194,0.6886085,0.70952004,415.34424,147.05807,466.0747,255.42722
194,0.37255818,0.6558331,216.57,151.71338,260.30444,236.09991
194,0.52438873,0.6986903,312.70685,152.08545,358.51074,251.5285
194,0.4135591,0.665952,248.1366,146.21909,281.21906,239.74274
194,0.46345574,0.53727084,281.73602,112.4409,311.4873,193.4175
194,0.5294002,0.6255639,320.19742,153.17297,357.4349,225.203
194,0.97510844,0.78530097,608.2788,97.70541,639.86,282.70834
194,0.97524375,0.7806057,608.47565,172.0875,639.83636,281.01804
194,0.5052556,0.5478553,310.2837,126.765274,336.44348,197.22792
194,0.9864418,0.55890274,622.7883,87.86478,639.8572,201.20499
194,0.9064949,0.5717814,561.72437,122.27731,598.5891,205.84131
194,0.53203404,0.5814161,323.64432,151.77933,357.35928,209.30978
195,0.28563246,0.80347663,151.13977,172.03271,214.46979,289.2516
195,0.5274658,0.8637119,306.09753,196.08083,369.05872,310.93628
195,0.7530751,0.80432695,450.18372,186.61829,513.75244,289.5577
195,0.36304015,0.6620979,207.48776,151.31335,257.20364,238.35522
195,0.68906844,0.7138672,414.7119,145.70752,467.29572,256.9922
195,0.5191358,0.7015774,307.45425,154.45349,357.03952,252.56787
195,0.40745887,0.66249186,248.8334,152.97818,272.71396,238.49707
195,0.52910006,0.6366463,319.537,154.2085,357.71106,229.19266
195,0.9776365,0.7818114,611.531,174.39075,639.84375,281.45212
195,0.98664033,0.5365578,623.04736,88.081505,639.8523,193.1608
195,0.4680707,0.5325053,282.60107,112.38208,316.52942,191.7019
195,0.977836,0.78641516,611.7663,111.64901,639.86383,283.10947
195,0.5067735,0.47846967,311.0816,130.43378,337.58844,172.24908
195,0.9063355,0.5761331,562.9823,122.439026,597.1271,207.4079
196,0.28154418,0.8086653,145.37778,172.57776,214.99878,291.1195
196,0.7555798,0.8093866,453.16943,186.87299,513.9728,291.37918
196,0.52931815,0.8673383,303.77734,198.8115,373.74988,312.2418
196,0.3555325,0.664802,202.64566,152.05054,252.43594,239.32874
196,0.6853426,0.7144025,410.32654,145.43854,466.912,257.1849
196,0.40350494,0.643018,241.98059,142.77289,274.50574,231.48648
196,0.5155798,0.69664663,301.83594,154.08759,358.1062,250.79279
196,0.46472597,0.5364912,281.8012,129.96552,313.04803,193.13684
196,0.9835188,0.7818268,619.0787,162.83035,639.8254,281.45764
196,0.9866459,0.5368304,623.0564,88.00191,639.85034,193.25896
196,0.9839257,0.78326076,619.5756,100.00552,639.8493,281.97388
196,0.52921134,0.64575756,319.9531,153.73798,357.4374,232.47272
197,0.28042182,0.81208706,144.83759,176.17606,214.10236,292.35135
197,0.5333471,0.8658202,306.9065,200.89786,375.77777,311.69528
197,0.7585534,0.8121035,456.75763,187.26611,514.19073,292.35727
197,0.35415033,0.6996016,200.31265,153.38815,252.99976,251.85657
197,0.6824507,0.71225613,408.39966,148.64865,465.13727,256.4122
197,0.4030508,0.6367754,241.73575,141.7937,274.16928,229.23914
197,0.5116004,0.7036015,302.68195,154.25302,352.1665,253.29654
197,0.13634233,0.5802019,71.08406,113.52046,103.43413,208.8727
197,0.6398887,0.5384164,398.85516,128.25458,420.2024,193.8299
197,0.98543864,0.78107005,621.53644,128.54013,639.825,281.1852
197,0.9865761,0.67831385,622.9673,87.82733,639.8501,244.193
197,0.98668975,0.5426268,623.1196,87.86691,639.84326,195.34564
197,0.46826228,0.54046065,281.78003,127.72159,317.5957,194.56583
197,0.9882213,0.78325135,625.21405,176.24695,639.70917,281.9705
198,0.28276166,0.81268257,144.91602,178.34631,217.01892,292.56573
198,0.5338756,0.86580783,308.07706,202.63809,375.28366,311.69083
198,0.75804603,0.81293625,456.607,188.87878,513.69196,292.65704
198,0.351085,0.7006223,198.74838,154.70712,250.64041,252.22403
198,0.6831447,0.7085108,409.90833,149.63916,464.51685,255.0639
198,0.50854623,0.7034661,301.7693,153.73483,349.16992,253.2478
198,0.40649357,0.62252915,241.08873,140.38602,279.22302,224.1105
198,0.6263019,0.5357612,384.04327,121.65625,417.62317,192.87402
198,0.12948084,0.5799288,68.22003,113.88833,97.51544,208.77438
198,0.98682386,0.5379497,623.2794,87.98763,639.8551,193.6619
198,0.9868857,0.7808665,623.39496,125.66391,639.8188,281.11194
198,0.49087396,1.0,301.54492,345.1296,326.77374,360.0
199,0.28050932,0.8124849,144.32773,178.74521,214.72421,292.49457
199,0.52873313,0.8654107,301.7154,205.92738,375.063,311.54785
199,0.75669116,0.8128289,455.888,190.82513,512.6767,292.6184
199,0.34591633,0.7039361,197.4854,154.33124,245.28752,253.41699
199,0.68214977,0.7116327,409.95105,150.66953,463.20062,256.18777
199,0.5079979,0.7042164,302.43137,151.75485,347.80594,253.51791
199,0.40707225,0.62811995,241.12387,138.41624,279.92862,226.12318
199,0.6061921,0.54345787,365.31674,128.44061,410.60916,195.64484
199,0.9866568,0.5398245,623.0741,88.06055,639.84656,194.33682
199,0.8998914,0.55576503,559.06213,122.77988,592.7988,200.07541
200,0.27851564,0.81502587,144.23985,180.63867,212.26018,293.4093
200,0.755498,0.8134275,454.82355,193.20642,512.21387,292.8339
200,0.3418909,0.69724774,195.85568,155.26346,241.76468,251.00919
200,0.68108,0.71018434,410.49625,153.4339,461.28616,255.66635
200,0.525789,0.86916405,297.2347,212.81606,375.77524,312.89905
200,0.50713986,0.70639807,300.78564,152.15894,348.3534,254.30331
200,0.4091577,0.62599784,241.82855,141.3793,281.8933,225.35922
200,0.9000572,0.57708925,558.079,121.92389,593.99426,207.75214
200,0.9865664,0.5383746,622.9673,88.15641,639.83777,193.81485
200,0.5977887,0.5409568,363.51892,128.57593,401.65057,194.74445
201,0.27732992,0.8167218,144.2068,182.70367,210.7755,294.01984
201,0.75557125,0.8130395,454.3885,195.53693,512.74274,292.6942
201,0.34173495,0.7000478,195.35226,157.9956,242.06845,252.01721
201,0.5251598,0.87131226,296.88126,208.55188,375.32327,313.67242
201,0.68079823,0.7070585,410.08063,154.45871,461.34113,254.54105
201,0.50959885,0.70395565,300.68423,155.4509,351.60233,253.42404
201,0.4048171,0.624928,243.85826,142.90529,274.30762,224.97408
201,0.5888996,0.5485183,360.74066,128.31458,393.05084,197.46658
201,0.98657113,0.5348149,622.9689,88.73651,639.84216,192.53336
201,0.9000901,0.58391213,558.56604,120.40535,593.5493,210.20836
202,0.2771659,0.8172187,143.88907,183.61823,210.88327,294.19873
202,0.7553307,0.81330854,453.76654,197.38179,513.05676,292.79108
202,0.3398602,0.70038384,193.29565,158.42737,241.7254,252.13818
202,0.52498686,0.8713973,297.05194,209.08444,374.93127,313.70303
202,0.68149346,0.7072495,410.36145,154.97147,461.9502,254.60983
202,0.50998604,0.70433766,301.15204,156.71481,351.63007,253.56155
202,0.40876755,0.62335974,243.30121,133.67001,279.92126,224.40952
202,0.5816323,0.54959226,360.17755,128.74692,384.31183,197.85321
202,0.98648626,0.5353273,622.8658,88.33267,639.8366,192.71783
203,0.27712756,0.817594,144.04488,185.2312,210.67839,294.33383
203,0.75563926,0.81244016,454.10376,200.00024,513.1145,292.47845
203,0.33942014,0.7036964,192.03784,159.95364,242.41992,253.33072
203,0.52447385,0.8715519,296.49857,216.74323,374.82797,313.75867
203,0.51113,0.70389116,299.80267,158.57916,354.44366,253.40082
203,0.6811225,0.70494336,410.44568,154.93103,461.3911,253.7796
203,0.57199985,0.5559169,352.6833,125.87912,379.4765,200.1301
203,0.4045753,0.6217181,245.93408,114.360146,271.9223,223.81851
203,0.9863728,0.53537655,622.7211,88.73826,639.8361,192.73557
203,0.4802166,0.49140048,293.90192,113.52631,320.77533,176.90417
203,0.48373938,0.5949209,299.79962,186.00366,319.38678,214.17151
204,0.75517637,0.8130809,453.7973,200.38498,512.8284,292.70914
204,0.27776805,0.81580055,144.53207,186.27585,211.01102,293.6882
204,0.33822462,0.7050864,190.94336,159.84567,241.98416,253.83112
204,0.52464294,0.8717884,296.5058,211.90019,375.03717,313.8438
204,0.6802579,0.70878303,410.25006,155.32986,460.48004,255.1619
204,0.5115472,0.70528054,299.7597,158.3736,355.0207,253.901
204,0.98638135,0.53582627,622.731,88.661865,639.8371,192.89746
204,0.5655526,0.5025128,348.76498,130.01196,375.14236,180.9046
204,0.8917818,0.6005583,555.0681,119.42639,586.4126,216.20099
204,0.49168795,1.0,302.78073,345.2869,326.57986,360.0
205,0.756024,0.81294286,454.50842,198.87323,513.2023,292.65942
205,0.27720642,0.816219,144.48892,186.22833,210.3353,293.83884
205,0.5245446,0.8718139,296.6484,211.87845,374.7687,313.853
205,0.6826173,0.707448,412.0838,155.7597,461.66632,254.68127
205,0.33464563,0.7017784,185.52103,159.47815,242.82538,252.64023
205,0.51011604,0.70462894,300.35025,156.92422,352.5983,253.66641
205,0.5582484,0.5628827,343.89908,130.48096,370.6589,202.63779
205,0.9863453,0.5359815,622.6869,88.383835,639.8351,192.95332
205,0.88689584,0.59786785,554.09406,122.20279,581.1326,215.23242
205,0.49116793,1.0,302.38147,345.4158,326.31348,360.0
205,0.39824933,0.57559747,239.61475,101.27886,270.14438,207.21509
206,0.7559649,0.81384194,454.15802,196.06001,513.47705,292.9831
206,0.5246321,0.872003,296.56665,213.46826,374.9624,313.92108
206,0.27734494,0.8163332,144.53134,185.58221,210.47018,293.87994
206,0.6869792,0.6957454,413.5518,156.05081,465.7816,250.46835
206,0.5117967,0.7014116,300.5232,155.55774,354.5766,252.50818
206,0.32488266,0.6900831,177.11032,158.70914,238.73947,248.4299
206,0.9863348,0.53673637,622.6704,88.01057,639.83813,193.2251
206,0.39822912,0.55239993,238.1005,98.242004,271.63278,198.86398
206,0.8818771,0.60153896,547.43945,135.06409,581.3633,216.55402
206,0.48299155,0.47691664,295.37936,114.408066,322.84982,171.68999
206,0.49110442,1.0,302.6054,345.53174,326.00824,360.0
207,0.75869334,0.81369156,453.8717,195.57262,517.25574,292.92896
207,0.2774307,0.8162948,144.4625,186.16992,210.64883,293.86612
207,0.5251088,0.87122744,297.02924,223.20059,375.11005,313.64188
207,0.51712316,0.7022794,298.8663,156.63882,363.05136,252.82059
207,0.6918384,0.69834197,414.95538,154.09659,470.59772,251.4031
207,0.87848556,0.6005731,543.8463,128.2405,580.61523,216.20631
207,0.98637456,0.5367325,622.7202,87.928474,639.83923,193.2237
207,0.30838147,0.6756921,171.70178,157.79181,223.02649,243.24915
207,0.296426,0.62446076,171.79694,157.45633,207.62833,224.80588
207,0.48474973,0.6007019,290.17398,105.08316,330.3057,216.25269
208,0.27733913,0.8165111,144.53345,186.55719,210.46063,293.944
208,0.75761795,0.8150587,452.81317,198.24171,516.9378,293.42114
208,0.5243139,0.87167966,296.33878,217.1664,374.78305,313.8047
208,0.512153,0.7026213,291.65216,161.32349,363.90375,252.94366
208,0.6963085,0.7073629,415.38092,153.32074,475.89398,254.65063
208,0.28313452,0.5923555,164.48083,157.71008,197.93134,213.24799
208,0.5449464,0.5819535,336.4889,134.19745,361.04248,209.50327
208,0.98657686,0.5356475,622.978,88.19919,639.84033,192.8331
208,0.72632694,0.7110541,454.94397,223.79031,474.75452,255.97946
208,0.72177374,0.7101944,454.7755,240.75908,469.09485,255.66998
209,0.27718598,0.81665635,144.67982,187.7049,210.11824,293.99628
209,0.7564211,0.817853,451.5268,200.98296,516.6922,294.42706
209,0.5243592,0.8713116,296.93158,220.74591,374.24823,313.67218
209,0.71775144,0.7038486,435.7047,151.97699,483.01715,253.3855
209,0.51126564,0.7028766,291.60052,167.16934,362.81952,253.03558
209,0.27320224,0.59135115,158.46823,159.22272,191.23062,212.88641
209,0.9863907,0.5356707,622.7445,88.43589,639.8356,192.84146
209,0.4752242,0.5687258,287.58606,99.963974,320.70093,204.74129
209,0.72799,0.631797,449.02866,152.18204,482.7985,227.44693
209,0.861574,0.58104897,531.4717,127.5229,571.343,209.17763
209,0.3870128,0.5452095,231.28256,96.80186,264.09384,196.27542
210,0.7613239,0.8162476,452.71167,201.1698,521.78296,293.84912
210,0.28081575,0.8157019,145.01471,184.66928,214.42944,293.65268
210,0.52253664,0.8713807,294.22772,213.21494,374.6192,313.69705
210,0.7369831,0.62869686,455.31293,151.39178,488.02545,226.33087
210,0.47339192,0.5542373,287.25085,99.16197,318.6908,199.52544
210,0.26460692,0.64357156,153.63293,158.62283,185.06393,231.68576
210,0.13672061,0.6210426,67.716896,130.7109,107.285484,223.57535
210,0.38654023,0.5653423,228.80994,100.03091,265.96155,203.52322
210,0.98638916,0.5359057,622.73804,88.12612,639.8401,192.92606
210,0.8572298,0.6164595,528.33057,128.5221,568.9236,221.92542
210,0.5157148,0.6992266,290.74854,211.03821,369.36646,251.72159
211,0.28330785,0.81462705,144.8346,186.53717,217.79944,293.26575
211,0.76678437,0.81603587,453.69495,200.07669,527.78906,293.77292
211,0.52258307,0.87036234,295.32373,211.27184,373.58258,313.33044
211,0.74642193,0.6165727,461.5277,151.1966,493.89233,221.96616
211,0.25717574,0.67221487,146.04553,160.25046,183.1394,241.99734
211,0.38243666,0.58778507,227.54626,108.2814,261.97266,211.60263
211,0.46772042,0.545863,279.81775,96.84471,318.86438,196.51067
211,0.54787856,0.6872087,328.3095,159.49774,372.97504,247.39514
211,0.9865204,0.5355233,622.9042,87.980255,639.8419,192.78839
211,0.84396154,0.6387207,524.3406,176.77063,555.9302,229.93945
211,0.1413106,0.6233516,67.356766,131.56789,113.5208,224.40657
212,0.28554222,0.8187468,144.28447,185.95398,221.20958,294.74884
212,0.5171192,0.8698278,294.25696,211.52571,367.65564,313.138
212,0.7663294,0.81786925,453.9381,200.48299,526.96356,294.43292
212,0.24179062,0.69541043,133.27261,159.42972,176.21939,250.34775
212,0.757617,0.60701716,468.2589,155.42322,501.49084,218.52618
212,0.37726298,0.6104743,224.61292,122.43141,258.2837,219.77074
212,0.46505433,0.5528338,277.21832,99.327415,318.0512,199.02017
212,0.57761145,0.6881716,346.6298,160.01212,392.71286,247.74179
212,0.9864855,0.53488463,622.85803,88.2876,639.8434,192.55847
212,0.8391587,0.6409489,521.3744,175.86823,552.7488,230.74161
213,0.2949322,0.816291,154.88171,183.54022,222.63147,293.86475
213,0.7769903,0.8191416,466.66675,198.41762,527.88086,294.891
213,0.2244515,0.6969117,119.28736,162.17783,168.01056,250.88821
213,0.49791795,0.8768273,283.2168,211.41125,354.11816,315.65784
213,0.3752553,0.6125769,221.97229,128.0408,258.35446,220.52768
213,0.5823004,0.7051898,342.04846,157.65808,403.29608,253.86835
213,0.46399117,0.5729927,278.73523,109.99467,315.17346,206.27737
213,0.7687465,0.61231315,475.06546,160.7107,508.93008,220.43274
213,0.9864913,0.5352193,622.86346,88.3308,639.8454,192.67896
213,0.83378583,0.57658607,518.75574,141.55365,548.4901,207.57098
213,0.5422522,0.6221833,328.60477,130.20609,365.47806,223.986
214,0.47763556,0.8809594,260.53333,212.73329,350.8402,317.1454
214,0.31986666,0.81429094,177.45622,182.78604,231.9731,293.14474
214,0.80510247,0.82121885,493.0476,197.32448,537.4835,295.6388
214,0.37274954,0.6117835,219.08264,126.66107,258.03677,220.24207
214,0.2170583,0.69875675,115.885666,163.76132,161.94896,251.55243
214,0.46722642,0.5960262,279.3465,123.11337,318.7033,214.56943
214,0.5520498,0.62654793,336.01477,128.06348,370.609,225.55725
214,0.7752293,0.6330316,478.659,160.54404,513.63446,227.89139
214,0.5974929,0.6636612,353.58405,155.9715,411.20685,238.91803
214,0.98659194,0.5351883,622.9943,88.86813,639.8433,192.66779
214,0.83673656,0.5553551,525.5147,133.75699,545.5081,199.92783
214,0.17543475,0.54886925,97.788635,129.43869,126.76785,197.59293
214,0.05563535,0.67794704,24.258617,129.90982,46.95463,244.06094
214,0.7858206,0.6350101,478.46606,162.38095,527.3843,228.60364
215,0.475221,0.8821714,257.3202,216.48709,350.9627,317.5817
215,0.33818188,0.8108117,191.57932,185.03336,241.29349,291.8922
215,0.8217991,0.8270794,500.54193,202.6591,551.3609,297.7486
215,0.65183294,0.68973285,392.79327,155.8226,441.55286,248.30383
215,0.21525244,0.7044822,116.630615,164.94897,158.89252,253.61359
215,0.37062603,0.60009277,216.03778,124.61958,258.36356,216.0334
215,0.46743575,0.6272277,275.98438,126.56598,322.33337,225.80197
215,0.7883695,0.6571467,479.75403,155.66339,529.3589,236.57281
215,0.55688846,0.6428438,333.8276,132.20349,378.98965,231.42377
215,0.98650897,0.5355704,622.8831,88.40262,639.8483,192.80533
215,0.18563196,0.55261475,104.932785,133.15114,132.67612,198.9413
216,0.4753821,0.8816157,257.7282,218.80432,350.76086,317.38165
216,0.35887685,0.81533015,197.00949,187.4903,262.35287,293.51886
216,0.6686244,0.70250136,406.4594,154.4815,449.37982,252.90048
216,0.4635931,0.659046,272.5289,137.25986,320.87027,237.25656
216,0.833563,0.8293459,503.73868,205.53935,563.22205,298.5645
216,0.21432194,0.7198328,116.23339,165.36801,158.0987,259.1398
216,0.5669429,0.64666057,334.53143,170.2957,391.15546,232.7978
216,0.3609178,0.59114796,213.1116,125.18265,248.86319,212.81326
216,0.986368,0.53573763,622.70374,88.373245,639.8473,192.86555
216,0.7823938,0.6565833,482.2072,139.3143,519.2569,236.37
216,0.19477716,0.5559194,111.616,132.80453,137.69876,200.13098
216,0.58879745,0.5747717,351.25006,130.38184,402.4107,206.91782
216,0.78706384,0.6543442,490.93256,150.22473,516.50916,235.5639
217,0.475183,0.8816664,256.44135,219.68361,351.7929,317.3999
217,0.36384803,0.8176585,203.58063,192.78876,262.14487,294.35706
217,0.46469003,0.657027,273.83936,145.8512,320.96387,236.52972
217,0.2174006,0.7205899,115.97131,163.7987,162.30145,259.41235
217,0.67598355,0.7028477,416.11548,150.52106,449.14343,253.02518
217,0.5715369,0.6522266,340.0998,172.43855,391.46747,234.80159
217,0.3403967,0.6026713,192.324,125.875534,243.38376,216.96169
217,0.78428096,0.68150383,484.9569,126.99402,518.9227,245.34137
217,0.83999425,0.8292206,512.3998,208.13458,562.79285,298.5194
217,0.9862944,0.5364934,622.6102,87.300934,639.84656,193.13763
217,0.8595759,0.8345037,512.65356,207.97197,587.60364,300.42133
218,0.47536856,0.88217944,256.69806,220.38586,351.77368,317.5846
218,0.36569178,0.81830674,206.72086,197.0593,261.36462,294.59042
218,0.4692154,0.6613595,278.38812,146.43109,322.20758,238.08942
218,0.22449723,0.71831876,113.26541,162.95602,174.09103,258.59476
218,0.58450764,0.6489412,352.73328,142.04742,395.43652,233.61884
218,0.686607,0.68228155,417.7719,126.1759,461.08502,245.62137
218,0.85674036,0.83729774,509.71048,209.22174,586.91724,301.4272
218,0.33625987,0.60341644,191.23488,130.60474,239.17775,217.22992
218,0.68530077,0.6907374,424.8868,125.061646,452.2982,248.66547
218,0.9862839,0.53608257,622.59644,88.04651,639.8469,192.98972
218,0.6011651,0.65373456,355.62476,141.00351,413.86658,235.34445
218,0.62575436,0.5845048,383.54102,139.92203,417.42456,210.42172
219,0.3656706,0.8184742,207.1,198.71423,260.95834,294.6507
219,0.47449255,0.88268584,255.83452,225.03743,351.51593,317.7669
219,0.8597685,0.8366219,508.76282,208.63516,591.74084,301.18387
219,0.23274398,0.7254328,116.12382,164.26016,181.78848,261.15582
219,0.3367908,0.60435337,191.53584,130.96312,239.55638,217.56721
219,0.47819123,0.65912724,286.5802,146.2869,325.50458,237.2858
219,0.59696937,0.652812,363.68747,139.67921,400.43332,235.01231
219,0.6946966,0.6542097,429.347,112.61392,459.8647,235.51547
219,0.7943057,0.61323494,492.92706,108.63788,523.78424,220.76459
219,0.98648584,0.5351703,622.8602,88.23359,639.8417,192.66132
219,0.62783116,0.58051986,387.07794,138.41916,416.54596,208.98715
219,0.80381316,0.17576946,508.15646,49.38357,520.72437,63.277008
219,0.21815038,0.5376583,126.013084,127.724,153.21939,193.55698
220,0.4749878,0.88185745,256.79306,220.7351,351.1913,317.4687
220,0.36600012,0.81870496,207.06073,198.1282,261.41943,294.7338
220,0.33981997,0.60102075,192.7597,124.87839,242.20984,216.36746
220,0.48437563,0.63113785,291.37564,144.00317,328.62515,227.20963
220,0.2340862,0.73403543,118.23892,172.78711,181.39142,264.25275
220,0.86739653,0.83897674,510.06473,208.4132,600.2029,302.03162
220,0.6040244,0.6603482,365.4879,141.28113,407.66333,237.72534
220,0.7059077,0.6183347,438.90143,92.0084,464.66046,222.6005
220,0.7962907,0.5954739,492.2511,110.851135,527.001,214.3706
220,0.98630035,0.53635913,622.6214,88.2148,639.8431,193.08928
220,0.61692107,0.6574181,369.2484,142.87888,420.41052,236.6705
220,0.86395895,0.6950314,538.1112,207.99567,567.7562,250.2113
220,0.7997286,0.5935196,492.67023,66.527725,530.98236,213.66707
221,0.47568083,0.8819524,256.8816,220.91345,351.98987,317.50287
221,0.3657286,0.81841415,207.12167,198.30328,261.01093,294.6291
221,0.87080574,0.8466143,509.02356,207.44388,605.6078,304.78116
221,0.49251875,0.67943794,297.97382,145.28879,332.4502,244.59766
221,0.341259,0.59240526,192.71262,125.200836,244.0989,213.2659
221,0.23312983,0.74942476,126.80332,175.6102,171.60287,269.7929
221,0.71731794,0.6144893,444.03717,87.62998,474.12982,221.21616
221,0.7993494,0.5893923,492.58765,100.04335,530.57965,212.18123
221,0.6250261,0.660864,371.98605,142.43497,428.04733,237.91104
221,0.9861959,0.5363477,622.481,87.861115,639.8498,193.08517
221,0.64763546,0.5777421,395.90024,135.83035,433.07315,207.98715
222,0.474823,0.8829607,256.49634,221.9419,351.2771,317.86584
222,0.8709936,0.8502766,509.49118,210.5842,605.3806,306.09958
222,0.36596265,0.8188457,207.13492,196.73862,261.29727,294.78445
222,0.5029861,0.6796227,303.39996,144.3977,340.42218,244.66418
222,0.23268881,0.76767486,128.50314,180.51474,169.33853,276.36295
222,0.3440315,0.58344746,193.73311,126.286255,246.62721,210.04108
222,0.6355436,0.6603984,378.26898,146.17322,435.2268,237.74344
222,0.7208691,0.61386365,444.752,123.80121,477.96045,220.9909
222,0.98602504,0.53587073,622.26306,87.82799,639.849,192.91347
222,0.7935858,0.5977335,488.39832,114.55055,527.3915,215.18407
222,0.66366833,0.3600463,417.14206,111.711426,432.35342,129.61667
222,0.684643,0.4112911,417.65964,124.37836,458.68338,148.06479
222,0.86011565,0.4393168,530.625,128.45789,570.323,158.15405
223,0.87101805,0.8498354,509.76105,211.66167,605.142,305.94073
223,0.4747203,0.8807156,256.45264,221.19872,351.18933,317.05762
223,0.36623183,0.81903905,207.28003,195.02863,261.4967,294.85406
223,0.6362187,0.661342,381.62238,149.3435,432.7376,238.08313
223,0.23515308,0.7709367,128.60161,177.26254,172.39433,277.53723
223,0.3482484,0.58522636,194.87027,129.0534,250.88766,210.68149
223,0.7261842,0.61057943,444.5765,144.4945,484.93924,219.8086
223,0.5148689,0.6798607,309.70978,144.52167,349.32245,244.74985
223,0.668634,0.598642,405.77048,144.08685,450.08102,215.51111
223,0.9861082,0.5352321,622.3755,88.13302,639.843,192.68356
223,0.8024112,0.6174235,498.23608,113.24061,528.8502,222.27246
223,0.2383864,0.48328045,140.90842,131.25165,164.22617,173.98096
224,0.87050086,0.85006356,508.87103,208.42436,605.37006,306.0229
224,0.47478375,0.8805791,256.55347,216.60078,351.16974,317.00848
224,0.36624804,0.81883866,207.3953,192.9653,261.4022,294.78192
224,0.5224541,0.6760904,313.89517,142.42892,354.84604,243.39255
224,0.63646686,0.6608515,382.25806,146.36807,432.41956,237.90652
224,0.23922053,0.7714253,128.50128,168.36954,177.70099,277.7131
224,0.34929928,0.5826607,196.28452,130.67886,250.81857,209.75784
224,0.7431076,0.6215467,449.6192,109.596466,501.55853,223.7568
224,0.67243755,0.58523494,410.46136,146.20612,450.25873,210.68457
224,0.9861738,0.53549397,622.4574,88.24274,639.8451,192.77783
224,0.85898846,0.46527794,529.26514,127.80597,570.2401,167.50006
224,0.73894083,0.6184032,448.1328,138.05838,497.71143,222.62515
225,0.86976653,0.8498603,507.9626,201.1936,605.33856,305.9497
225,0.36831212,0.8196534,207.60104,188.70538,263.83847,295.07523
225,0.4772339,0.8782762,257.3817,210.26414,353.47766,316.17944
225,0.5339309,0.6741182,317.28204,139.5968,366.14948,242.68256
225,0.6366279,0.65878946,381.903,144.78084,432.9807,237.1642
225,0.2397435,0.768797,128.40662,173.92368,178.46506,276.7669
225,0.351055,0.5809638,196.7338,126.44806,252.61661,209.14697
225,0.8071579,0.68427753,499.3379,112.693115,533.8242,246.3399
225,0.75604755,0.64615095,461.44598,120.174774,506.29486,232.61435
225,0.6744641,0.59405625,413.0523,140.22531,450.26178,213.86026
225,0.2577198,0.63534224,155.06781,202.55234,174.81354,228.7232
225,0.9861043,0.5366558,622.36945,87.92113,639.84406,193.19609
225,0.25872192,0.5445808,144.17035,139.68057,186.99371,196.0491
226,0.53687346,0.6750667,320.48187,141.50046,366.71613,243.02402
226,0.8717783,0.8464274,517.51697,197.55455,598.35925,304.71387
226,0.36652723,0.81963587,205.83682,184.7016,263.31802,295.0689
226,0.6362434,0.65757245,382.03198,143.04813,432.35956,236.72607
226,0.46485066,0.8719486,258.18817,204.8067,336.82068,313.9015
226,0.22871599,0.7657649,125.752525,173.03479,167.00394,275.67535
226,0.67661524,0.59771544,414.53058,133.99207,451.53693,215.17755
226,0.55841696,0.54959226,350.35022,181.26758,364.42352,197.85321
226,0.8063556,0.6977027,499.64978,134.10718,532.48535,251.17297
226,0.3585518,0.5742755,207.9501,122.668564,250.99619,206.73918
226,0.9861293,0.5352368,622.4102,87.52601,639.83527,192.68524
226,0.7630204,0.685111,468.07123,135.7666,508.59485,246.63995
227,0.45897704,0.89077926,261.1369,202.73936,326.3537,320.68054
227,0.5394194,0.6732668,321.13052,139.82867,369.32632,242.37607
227,0.8677908,0.84847033,519.8004,198.00125,590.9718,305.4493
227,0.35735226,0.8179357,206.23792,180.40802,251.17297,294.45685
227,0.6378366,0.65297043,384.75323,140.37668,431.6776,235.06937
227,0.2272762,0.7615925,124.0587,168.31021,166.85484,274.1733
227,0.7880348,0.70299244,477.45172,170.25647,531.2328,253.07727
227,0.67628974,0.5983919,414.44348,134.0567,451.2074,215.42108
227,0.98603916,0.5353677,622.29346,87.41061,639.8367,192.73239
227,0.25558788,0.66109747,145.04993,138.15866,182.10254,237.99509
227,0.3724531,0.5691559,224.3163,121.00165,252.42366,204.89612
227,0.25082785,0.56097376,144.79984,138.04437,176.2598,201.95056
227,0.5657983,0.5536854,355.08368,181.33905,369.13812,199.32675
228,0.44998494,0.89968586,260.53503,203.59163,315.44568,323.8869
228,0.54105616,0.67176026,320.69376,139.38194,371.85812,241.8337
228,0.3482315,0.82020503,205.76328,178.35138,239.97305,295.2738
228,0.85421354,0.84623504,518.95166,200.13419,574.44165,304.64462
228,0.7895206,0.70123917,478.45575,168.62488,532.1307,252.4461
228,0.6379318,0.6480309,385.64218,148.59595,430.91055,233.2911
228,0.22275749,0.7703687,121.7468,167.3902,163.38278,277.33273
228,0.67006475,0.5950581,414.09802,125.70395,443.58484,214.22092
228,0.2593297,0.66792095,147.14682,136.08655,184.7952,240.45154
228,0.37902385,0.57140714,228.74652,135.8505,256.404,205.70657
228,0.98597014,0.53499687,622.2057,87.545044,639.83606,192.59888
228,0.57044876,0.5911547,357.03073,181.16475,373.14365,212.81569
229,0.44949207,0.90087515,259.71393,205.53949,315.63593,324.31506
229,0.5410153,0.6715247,321.45258,139.85625,371.04706,241.74889
229,0.21831813,0.7749148,113.22345,168.98697,166.22375,278.96933
229,0.34795374,0.8261545,205.24673,177.43362,240.13406,297.41562
229,0.8549117,0.8457854,520.0732,203.54973,574.2138,304.48273
229,0.64043015,0.64447147,387.2298,137.93106,432.5208,232.00974
229,0.2620276,0.6697017,147.97672,136.0056,187.41861,241.0926
229,0.3850666,0.57332176,227.53342,128.25455,265.35184,206.39584
229,0.79622626,0.70038503,488.25208,171.21042,530.91754,252.13861
229,0.5961826,0.58650446,376.2,199.43811,386.9137,211.1416
229,0.9860859,0.5348583,622.348,87.87107,639.8419,192.54898
229,0.6677627,0.59162396,414.75162,128.43411,439.98465,212.98462
230,0.4489898,0.89965373,259.70447,206.71823,315.0025,323.87534
230,0.8596832,0.848823,524.9479,208.9079,575.44666,305.5763
230,0.5420734,0.6703162,322.87268,139.40167,370.98132,241.31384
230,0.21680808,0.774357,112.49754,174.39523,165.0168,278.76852
230,0.34728932,0.82534516,204.07639,179.8725,240.45395,297.12427
230,0.6410979,0.6437814,387.94565,136.27411,432.6597,231.76132
230,0.26575953,0.6652113,150.74579,134.85645,189.42639,239.47607
230,0.80432785,0.7015352,492.1881,167.03229,537.35156,252.55267
230,0.39347434,0.572269,228.48901,123.83423,275.15814,206.01685
230,0.66700727,0.59586555,414.33032,127.65076,439.43896,214.5116
230,0.7738825,0.66865665,478.21478,145.37045,512.35486,240.7164
230,0.986203,0.53555703,622.4977,87.36884,639.84216,192.80054
231,0.44763994,0.9008626,258.3889,206.51352,314.59024,324.31052
231,0.54181695,0.6690333,322.5334,138.7669,370.9923,240.85199
231,0.34557542,0.8263582,202.08327,179.87265,240.25328,297.48895
231,0.21586911,0.77461064,112.02597,178.64899,164.2865,278.85983
231,0.8498272,0.8508082,511.82498,216.88066,575.95386,306.29095
231,0.26994133,0.6623393,154.39972,133.51581,191.12518,238.44217
231,0.3991558,0.5697594,233.5633,124.68054,277.35614,205.1134
231,0.6374294,0.63984174,386.54376,132.29172,429.3659,230.34302
231,0.77137905,0.66658276,476.3188,138.50397,511.0464,239.96979
231,0.8014513,0.6963658,491.28885,157.31586,534.56885,250.69168
231,0.9861929,0.5352576,622.4868,87.73057,639.8401,192.69272
231,0.6613836,0.5931569,407.6345,125.544525,438.93655,213.53647
231,0.7828821,0.67093915,476.88885,139.35625,525.2002,241.5381
231,0.8081992,0.6950888,493.05054,139.77512,541.44446,250.23196
232,0.5411047,0.6678921,323.23212,138.3617,369.3819,240.44116
232,0.4493842,0.90088636,257.9967,205.69641,317.2151,324.3191
232,0.34885597,0.8270024,200.9971,179.07083,245.53854,297.72086
232,0.2724511,0.63187855,157.01007,135.82632,191.72736,227.47629
232,0.63146347,0.6349029,383.53473,133.48212,424.73853,228.56503
232,0.21552558,0.7769243,112.49148,179.66113,163.38126,279.69275
232,0.40194458,0.5719777,237.88412,123.375946,276.60495,205.91196
232,0.7654335,0.66086906,472.3413,134.53152,507.41357,237.91287
232,0.8540953,0.8516737,517.682,231.74774,575.55994,306.60254
232,0.80150473,0.6985206,492.16748,159.65887,533.75854,251.4674
232,0.661472,0.59421664,408.2813,125.58069,438.4029,213.918
232,0.98624307,0.53571707,622.54645,87.981514,639.84467,192.85815
232,0.8512392,0.8495696,514.5939,127.108215,574.9923,305.84506
233,0.53694564,0.66798383,319.0777,137.7395,368.2127,240.47418
233,0.44849905,0.9011359,258.4742,206.11145,315.60458,324.40894
233,0.35265094,0.8271577,200.73096,179.72318,250.66226,297.77676
233,0.21034321,0.7757671,111.3527,183.9639,157.88663,279.27615
233,0.6284522,0.635378,382.8454,134.55719,421.57343,228.73608
233,0.2697401,0.67761546,153.05212,134.45798,192.21521,243.94156
233,0.40108904,0.57010525,236.49683,121.81268,276.89716,205.23788
233,0.75904465,0.6589604,464.3789,135.10254,507.19824,237.22574
233,0.8596611,0.85185236,525.1516,238.16592,575.2146,306.66684
233,0.80142486,0.69766724,492.63324,161.47208,533.1906,251.16022
233,0.66166764,0.5954981,409.135,131.17099,437.79956,214.3793
233,0.986203,0.5347664,622.4966,87.80957,639.84326,192.5159
233,0.67805123,0.67765224,427.7587,232.86206,440.14688,243.9548
233,0.85138625,0.6841925,519.63617,129.75766,570.13824,246.3093
233,0.8540924,0.8449057,519.3294,128.94858,573.9089,304.16605
234,0.53333026,0.6659112,316.5224,137.83755,366.14032,239.72803
234,0.44842443,0.900649,258.62622,206.14479,315.35706,324.23364
234,0.3578207,0.8252489,201.04315,177.9361,256.96735,297.0896
234,0.21104436,0.77427953,111.35749,187.28421,158.7793,278.74063
234,0.743434,0.6550684,449.05966,138.3635,502.53586,235.82462
234,0.27150208,0.6796562,152.61246,146.64334,194.91019,244.67624
234,0.8582802,0.8504348,523.53436,235.67484,575.0643,306.15652
234,0.6245449,0.6311625,383.46893,136.61469,415.94855,227.2185
234,0.66176575,0.5959056,409.63403,135.6386,437.42615,214.52602
234,0.98622656,0.5356092,622.5263,88.28507,639.8437,192.8193
234,0.69578755,0.7275116,439.51196,250.3584,451.09607,261.90417
234,0.40628996,0.5742236,241.22797,122.0567,278.82318,206.72049
234,0.79766434,0.68255496,492.13416,162.21301,528.8762,245.71979
234,0.82430923,0.69896543,495.0066,158.86014,560.10925,251.62756
235,0.5294792,0.66548693,312.94016,136.06271,364.79324,239.57529
235,0.44736832,0.9012024,258.1228,206.21826,314.50867,324.43286
235,0.21170063,0.7739732,111.42627,189.03403,159.55054,278.63037
235,0.3451639,0.82684726,202.39081,178.39459,239.419,297.665
235,0.85176885,0.8499127,514.96375,213.07695,575.3004,305.96857
235,0.7346548,0.6499833,442.64136,139.98764,497.7168,233.99399
235,0.27542707,0.68005174,155.84163,138.0386,196.70503,244.81863
235,0.6189157,0.6302736,381.3291,138.77264,410.88293,226.8985
235,0.65995604,0.5955246,407.3594,134.89954,437.3843,214.38885
235,0.8014452,0.69738024,491.4438,160.14996,534.40607,251.05688
235,0.4096202,0.5677972,245.07864,121.757355,279.2352,204.40698
235,0.9865713,0.5350547,622.9666,88.93048,639.84467,192.61969
235,0.42248693,0.56892514,245.24747,122.24988,295.5358,204.81305
236,0.44722432,0.9014796,257.877,205.84015,314.57013,324.53265
236,0.734087,0.6499391,440.278,141.3357,499.35333,233.97809
236,0.5252372,0.6651749,312.48007,135.04475,359.82352,239.46297
236,0.21190996,0.7746226,111.53801,188.28198,159.70674,278.86414
236,0.34755686,0.82609016,204.06941,177.08817,240.80336,297.39246
236,0.28527713,0.6532365,164.7636,149.05238,200.39113,235.16515
236,0.6162283,0.6310697,379.56024,133.24155,409.21198,227.18509
236,0.6598776,0.5950207,407.38733,135.8158,437.25598,214.20746
236,0.8122225,0.67711294,502.18686,160.72006,537.4579,243.76065
236,0.8541873,0.838568,517.16425,213.64722,576.1955,301.88446
236,0.41659164,0.5664396,251.58159,121.61694,281.6557,203.91827
236,0.98661995,0.5347038,623.0344,88.93678,639.8391,192.49336
236,0.8677338,0.7019392,532.4858,151.29935,578.21344,252.69812
236,0.4232882,0.5799035,250.63309,122.03577,291.1758,208.76526
237,0.4471399,0.9016017,257.7837,205.88911,314.55536,324.5766
237,0.7285117,0.6550709,433.83655,141.54929,498.65845,235.82553
237,0.34843653,0.82553965,204.73108,177.02936,241.2677,297.19427
237,0.21363609,0.77461326,111.45656,183.26425,161.99763,278.86078
237,0.52038586,0.66313887,309.15366,132.9876,356.94028,238.73
237,0.61507607,0.62664974,379.75266,131.36545,407.5447,225.5939
237,0.871576,0.7050509,536.16125,147.54324,579.45605,253.81833
237,0.8103787,0.699937,498.59827,161.9841,538.6864,251.97733
237,0.29368058,0.641603,173.9462,147.62076,201.96494,230.97708
237,0.6545731,0.5926927,400.98746,133.05455,436.86612,213.36937
237,0.8448671,0.84359926,516.4861,211.92279,564.94385,303.69574
237,0.9860662,0.5363274,622.32544,88.12377,639.83936,193.07788
237,0.42839032,0.58756316,255.87503,121.56552,292.46457,211.52274
237,0.42732257,0.5640648,260.63342,122.73642,286.33948,203.06332
238,0.44706422,0.9015272,257.7605,203.63495,314.4817,324.5498
238,0.3502613,0.82588637,205.40268,177.0166,242.9318,297.3191
238,0.21677542,0.7746953,112.123795,178.63693,165.34874,278.8903
238,0.83479214,0.81414175,504.9073,199.81766,563.62665,293.09103
238,0.51546687,0.66396475,310.5985,134.38397,349.1991,239.02731
238,0.71772605,0.65272886,436.04703,136.35983,482.6423,234.98239
238,0.87361413,0.7087051,538.33435,144.69751,579.8917,255.13385
238,0.2984647,0.6748994,176.47755,136.6884,205.55724,242.96379
238,0.6136124,0.6275127,378.29532,130.11874,407.12857,225.90457
238,0.6569293,0.59314734,405.2815,138.08023,435.588,213.53305
238,0.4291297,0.553456,258.51245,124.01553,290.77356,199.24417
238,0.98653126,0.5349045,622.9193,88.81757,639.8407,192.56561
238,0.819921,0.60288775,507.06213,164.59938,542.43677,217.0396
238,0.7637509,0.61963624,483.02383,214.58928,494.5773,223.06905
239,0.2210722,0.7751357,114.964195,174.18936,168.00821,279.04886
239,0.44650573,0.90127397,257.45197,205.48866,314.07538,324.45862
239,0.82678413,0.82319236,497.7519,193.52028,560.5318,296.34924
239,0.35394338,0.8267987,205.59885,178.25009,247.44867,297.64752
239,0.51933193,0.6629534,311.62897,132.95569,353.1159,238.66321
239,0.8771722,0.7034848,541.4027,135.50854,581.3777,253.25452
239,0.69493955,0.6535358,420.61688,129.36943,468.90576,235.27287
239,0.63359004,0.62892205,377.1548,129.12372,433.84045,226.41193
239,0.30752283,0.6605064,182.42645,140.715,211.20276,237.78232
239,0.4373037,0.56716794,262.87866,122.10019,296.87006,204.18045
239,0.9861782,0.53574336,622.4667,87.65742,639.84143,192.86761
239,0.6492055,0.61041236,396.65656,131.56468,434.32648,219.74846
239,0.61670333,0.6282275,376.70874,128.90366,412.6715,226.1619
240,0.4464901,0.90088737,257.43298,205.77075,314.07434,324.31946
240,0.82257384,0.8232398,494.85205,186.98047,558.0425,296.36633
240,0.22549479,0.768989,118.44351,168.30878,170.18982,276.83606
240,0.5189068,0.6635982,311.77612,132.54517,352.42456,238.89536
240,0.35600665,0.8258803,206.81126,179.08618,248.87724,297.3169
240,0.44225645,0.57098454,265.92206,123.37381,300.1662,205.55444
240,0.88081515,0.7043675,545.9846,139.85068,581.45874,253.5723
240,0.31295195,0.66655606,186.47408,144.08893,214.10442,239.96017
240,0.69306844,0.65489864,427.59863,130.36209,459.529,235.76352
240,0.62176627,0.6277081,376.46613,129.17511,419.3947,225.97491
240,0.61135226,0.62833685,376.45844,129.09238,406.07245,226.20126
240,0.9866349,0.5345963,623.05505,88.817856,639.83765,192.45467
240,0.82330453,0.6148119,509.1091,163.98633,544.7207,221.33228
240,0.83018064,0.7175277,509.7597,163.5033,552.8715,258.30997
241,0.44613323,0.90070426,257.29916,206.03831,313.75137,324.25354
241,0.8163482,0.82369155,491.92963,185.48334,552.99603,296.52896
241,0.23501293,0.76599705,124.744156,165.64249,176.0724,275.75894
241,0.5203151,0.6618044,313.65503,134.07101,352.34833,238.24957
241,0.31603068,0.66618806,186.29102,145.56598,218.22827,239.8277
241,0.3561209,0.8256151,207.4917,177.94641,248.34308,297.22144
241,0.44415435,0.56747925,267.5575,123.35416,300.96008,204.29254
241,0.88272256,0.700946,548.8589,140.13803,581.026,252.34055
241,0.67948407,0.6502411,418.65326,131.50696,451.08636,234.08679
241,0.61659074,0.62374043,376.08414,127.04616,413.152,224.54655
241,0.8389468,0.7147478,510.71405,160.21338,563.1379,257.3092
241,0.34739652,0.7136104,211.79913,234.32828,232.86841,256.89975
241,0.9867401,0.5346654,623.1886,89.440704,639.83875,192.47955
242,0.4461356,0.90050423,257.34753,205.81995,313.70605,324.18152
242,0.23950072,0.75988364,127.4125,163.17453,179.1484,273.5581
242,0.8088657,0.8250522,490.27502,184.29211,545.0731,297.0188
242,0.88188,0.7010976,548.1918,140.48206,580.6146,252.39514
242,0.60986394,0.6211633,373.68353,125.92586,406.94232,223.61879
242,0.8400337,0.71721303,510.6038,154.17328,564.6394,258.1967
242,0.6660417,0.6528999,402.3286,133.69467,450.2047,235.04398
242,0.5228898,0.6598956,317.67236,133.87564,351.6266,237.56241
242,0.31725368,0.66700596,186.08133,134.96742,220.00339,240.12215
242,0.44662586,0.57642037,271.05582,122.15982,300.62527,207.51132
242,0.3521956,0.82375115,208.04565,178.85083,242.76471,296.5504
242,0.35878354,0.66595674,214.49393,178.28375,244.749,239.74442
242,0.98675823,0.53441566,623.2119,89.19289,639.8386,192.38963
242,0.35039106,0.7189999,212.70999,231.7158,235.79056,258.83997
243,0.4458469,0.89999914,257.282,205.60779,313.402,323.9997
243,0.24476118,0.75710684,128.58151,162.60913,184.7128,272.55847
243,0.66264135,0.6498689,398.8427,134.86409,449.3382,233.9528
243,0.7897674,0.8230279,481.5091,182.8699,529.3931,296.29004
243,0.35574004,0.82547903,207.89542,178.18759,247.45184,297.17245
243,0.6024062,0.6194092,367.5896,126.115234,403.49036,222.9873
243,0.32228214,0.66622484,188.09961,141.80652,224.42154,239.84094
243,0.88188535,0.70255154,547.9662,141.25949,580.84705,252.91855
243,0.45068273,0.5851042,274.5605,122.940674,302.31342,210.63751
243,0.8316345,0.71510476,508.6023,150.43448,555.8899,257.4377
243,0.52392066,0.6594572,319.84476,131.80075,350.7737,237.4046
243,0.98665774,0.53459466,623.08105,88.87075,639.8408,192.45407
244,0.44553527,0.900118,256.97784,205.76234,313.3073,324.04248
244,0.35981286,0.82623833,208.41809,178.5033,252.14236,297.4458
244,0.7684832,0.8221181,469.88336,180.06677,513.77515,295.96252
244,0.8273619,0.7123993,507.79178,149.95862,551.23145,256.46375
244,0.33833957,0.66538316,192.37494,132.92056,240.6997,239.53793
244,0.8817072,0.70423853,548.58105,141.24634,580.00415,253.52588
244,0.6521781,0.65290165,391.0166,137.1536,443.77136,235.04459
244,0.2480298,0.752545,128.71323,163.0675,188.76492,270.9162
244,0.45535102,0.5997943,276.0036,124.22882,306.8457,215.92596
244,0.5243168,0.65798265,319.90668,132.45285,351.2188,236.87375
244,0.5970789,0.6222359,359.75977,122.58737,404.50122,224.00491
244,0.9866139,0.53439665,623.0221,88.3748,639.84375,192.3828
244,0.382068,0.73447746,237.2946,247.57742,251.75246,264.4119
244,0.5174581,0.6604699,320.84073,135.57951,341.50565,237.76915
244,0.96941984,0.6863344,601.16705,94.0849,639.69037,247.08038
245,0.44594917,0.9004459,257.12958,205.44029,313.68536,324.16052
245,0.36241826,0.8273909,207.20569,179.9972,256.6897,297.86072
245,0.7606451,0.8209219,459.74426,178.35593,513.8815,295.5319
245,0.25013328,0.75799024,128.28006,164.04999,191.89053,272.8765
245,0.46321163,0.6018056,277.0329,124.11804,315.878,216.65002
245,0.52345914,0.6563903,319.04358,132.23262,350.98413,236.30052
245,0.828797,0.7172097,503.30606,149.93674,557.5541,258.1955
245,0.8803627,0.70743775,547.0574,137.89764,579.8069,254.67758
245,0.59254134,0.62025476,355.0954,126.68997,403.35748,223.29172
245,0.34014377,0.65573907,199.05573,134.4509,236.32831,236.06607
245,0.64209145,0.6481059,389.61353,136.68492,432.26355,233.31813
245,0.9866539,0.53424954,623.0741,88.19592,639.8429,192.32983
245,0.9691578,0.68697494,600.8629,98.792786,639.65906,247.31097
245,0.27660188,0.5789212,161.82211,187.1222,192.2283,208.41162
246,0.44588423,0.9001351,257.56427,205.16023,313.16754,324.04865
246,0.753739,0.82116437,452.38434,179.13449,512.40155,295.61917
246,0.36551276,0.8271004,208.77777,180.47696,259.07855,297.75613
246,0.25533864,0.7616322,130.48296,164.79764,196.35051,274.1876
246,0.46718842,0.6102333,278.0037,125.38953,319.99747,219.68399
246,0.8149538,0.7185134,494.97318,152.22552,548.1677,258.66483
246,0.8793079,0.70950276,545.74866,140.25125,579.7655,255.42099
246,0.52144843,0.65453976,316.8152,126.701996,350.6388,235.63431
246,0.3515463,0.6539967,210.4833,134.38205,239.49594,235.43881
246,0.98668444,0.53445244,623.1139,88.35359,639.84216,192.40288
246,0.2817374,0.58594286,164.3386,185.95244,196.28525,210.93944
246,0.58580434,0.6133202,351.38995,124.456055,398.43958,220.79526
246,0.96889496,0.68822604,600.5027,99.1275,639.68286,247.76138
246,0.62643594,0.63271344,388.24182,134.00877,413.5962,227.77684
247,0.26112255,0.7638775,133.45312,165.50641,200.78375,274.9959
247,0.373262,0.8266439,214.59418,177.81567,263.18115,297.5918
247,0.44613338,0.8995919,257.85162,203.98645,313.1991,323.8531
247,0.7445302,0.8228102,444.6801,180.76398,508.31854,296.21167
247,0.8087412,0.72156525,488.3716,154.56265,546.81714,259.7635
247,0.46715578,0.6157908,278.5606,126.427795,319.3988,221.6847
247,0.8787262,0.7111173,545.7385,138.99783,579.031,256.00223
247,0.5225005,0.6539054,309.8945,129.38885,358.90616,235.40594
247,0.35243535,0.66135705,209.59906,135.80435,241.51819,238.08853
247,0.98675025,0.5346766,623.19714,88.38846,639.84314,192.48358
247,0.61188555,0.64871037,374.74414,128.15506,408.46936,233.53574
247,0.57254636,0.6160232,352.11755,120.27931,380.74182,221.76836
247,0.9687773,0.6887004,600.36536,104.4668,639.66956,247.93213
248,0.44609135,0.8989051,257.83203,204.60669,313.16492,323.60583
248,0.37971863,0.8255324,220.30814,176.54419,265.73172,297.19165
248,0.27328715,0.7635915,143.36728,164.42264,206.44028,274.89294
248,0.73542464,0.8222198,444.3454,180.55759,496.9981,295.9991
248,0.8046848,0.7233628,484.73923,155.39896,545.2573,260.4106
248,0.8795182,0.7069124,544.8697,141.7503,580.91364,254.48846
248,0.47096357,0.6110139,281.43115,125.936615,321.40222,219.965
248,0.52213454,0.6492064,314.28812,129.29584,354.0441,233.7143
248,0.98598254,0.5363265,622.2193,87.50553,639.8383,193.07755
248,0.6062618,0.6472157,370.6054,128.97595,405.40967,232.99765
248,0.35595363,0.66000694,208.10007,136.61636,247.5206,237.60251
248,0.58699626,0.6190445,361.41522,125.2782,389.94,222.85602
248,0.35606292,0.58292234,208.56882,134.98918,247.19171,209.85204
248,0.30263108,0.5594428,181.21451,184.47949,206.15329,201.39941
248,0.9691593,0.68781126,601.0071,100.58096,639.51685,247.61206
248,0.5209054,0.6347503,319.24005,131.51543,347.51886,228.51012
249,0.8001137,0.7246895,481.49652,155.00299,542.649,260.8882
249,0.44628602,0.89854056,258.06662,205.36559,313.17947,323.4746
249,0.2865714,0.76541144,155.24011,164.16376,211.57129,275.54813
249,0.7239789,0.81626666,441.59543,181.10425,485.0975,293.856
249,0.8762066,0.7086429,542.5966,142.2771,578.9478,255.11145
249,0.47887105,0.60425663,290.06186,126.11606,322.8931,217.53238
249,0.39013654,0.82207865,230.3396,176.59918,269.03516,295.9483
249,0.36285952,0.66156876,210.66447,137.67111,253.7957,238.16476
249,0.5994266,0.6490206,363.7368,126.99655,403.52933,233.64743
249,0.5194834,0.6501025,314.3247,129.69614,350.614,234.0369
249,0.38823828,0.8232785,229.84125,210.45142,267.10376,296.38025
249,0.98600066,0.5342708,622.2372,88.179344,639.8436,192.3375
249,0.96952116,0.68791544,601.32446,95.95718,639.6626,247.64957
250,0.44548273,0.90007186,256.95544,204.9502,313.26245,324.02588
250,0.79076374,0.72353745,480.32983,153.99829,531.8477,260.47348
250,0.7134768,0.8238624,439.36115,180.22992,473.8891,296.59045
250,0.8729286,0.69768184,540.58386,144.56406,576.7648,251.16547
250,0.30272526,0.7638028,172.32782,160.20425,215.16052,274.96902
250,0.40405765,0.82564265,242.29037,177.51709,274.9034,297.23135
250,0.48473185,0.608753,294.99982,124.32199,325.45697,219.1511
250,0.5216224,0.64732414,317.6384,128.53322,350.0383,233.0367
250,0.9862634,0.53458047,622.5725,88.44922,639.8446,192.44897
250,0.5915063,0.6414615,359.73724,129.78064,397.3908,230.92615
250,0.9739777,0.68666375,606.89905,86.585594,639.79236,247.19894
251,0.77669066,0.72206724,476.06458,153.14832,518.0995,259.9442
251,0.7034519,0.82344604,427.8317,180.00668,472.5867,296.44058
251,0.87203443,0.7054116,536.3,145.98822,579.9041,253.94818
251,0.44851798,0.8983319,260.76343,205.08797,313.3396,323.39948
251,0.41001987,0.8282122,245.02603,177.73727,279.7994,298.1564
251,0.3107664,0.75733894,175.99124,160.64429,221.78976,272.64203
251,0.48758712,0.6219705,297.37103,124.92796,326.74048,223.90938
251,0.3780433,0.6581451,221.03369,138.59448,262.86172,236.93225
251,0.531953,0.64026517,321.0084,128.71074,359.89145,230.49547
251,0.9705879,0.6865156,602.5915,86.95007,639.76105,247.14563
251,0.9868309,0.5348025,623.29846,88.59451,639.8451,192.5289
251,0.37989885,0.5872247,222.76651,138.03946,263.504,211.40091
251,0.5866657,0.6229095,361.0684,128.53305,389.86368,224.2474
252,0.76217824,0.7275409,471.1258,152.10992,504.46234,261.91473
252,0.6943517,0.8223527,416.30377,180.99734,472.46637,296.04697
252,0.44683942,0.8989509,258.36365,204.95831,313.59082,323.6223
252,0.8716494,0.71340114,535.00586,149.06607,580.7053,256.8244
252,0.31481844,0.76562864,174.0675,162.13998,228.90009,275.6263
252,0.40957332,0.8287072,240.24066,177.37738,284.01318,298.3346
252,0.48987103,0.61538476,300.22235,125.845276,326.81256,221.53851
252,0.5259622,0.65049666,319.05713,128.33694,354.17444,234.1788
252,0.5770362,0.61630046,355.1216,130.58713,383.4847,221.86816
252,0.98659956,0.5346534,623.00305,88.29787,639.84436,192.47523
252,0.9675849,0.6871245,598.74646,92.42059,639.7622,247.3648
252,0.37773535,0.5741267,224.96051,131.31325,258.54074,206.68562
253,0.6914858,0.82651246,413.07062,180.95728,472.03125,297.5445
253,0.32163805,0.769613,173.43079,162.99542,238.26593,277.0607
253,0.44613528,0.8977195,257.7005,206.5251,313.35266,323.17902
253,0.86614,0.72666353,531.40356,150.41498,577.2556,261.59888
253,0.7552835,0.7271341,465.40356,153.21744,501.35925,261.76828
253,0.38704413,0.60561574,229.03699,129.15298,266.3795,218.02167
253,0.4928213,0.60435104,301.94568,125.57391,328.8656,217.56638
253,0.56934154,0.62990093,347.42874,126.56848,381.32846,226.76434
253,0.9867319,0.5347162,623.1753,88.29562,639.84155,192.49783
253,0.4141273,0.83093184,244.84338,176.35486,285.23956,299.13547
253,0.42273727,0.6470522,251.85754,179.95877,289.24615,232.93881
254,0.44264087,0.8993553,253.11977,206.34042,313.46057,323.7679
254,0.3272752,0.7748575,177.16724,165.00967,241.745,278.9487
254,0.68867254,0.82426256,412.208,180.81659,469.29285,296.73453
254,0.74713135,0.72809094,457.27344,155.85837,499.0547,262.11273
254,0.8580122,0.7078243,526.18567,151.10431,572.06995,254.81674
254,0.39013904,0.64542776,231.75812,128.34619,267.61987,232.354
254,0.4375581,0.6377176,267.53467,179.70529,292.53973,229.57834
254,0.986491,0.5354081,622.8617,87.474,639.8468,192.74692
254,0.49466902,0.6049751,303.85535,127.747345,329.32098,217.79105
254,0.56791586,0.62921095,345.43127,127.03038,381.50104,226.51595
254,0.97328186,0.6851249,606.0261,86.53854,639.77466,246.64496
255,0.73531103,0.7344517,443.82397,157.99417,497.37415,264.40262
255,0.4459291,0.89977247,257.15924,205.69936,313.63,323.9181
255,0.84872854,0.73130894,518.6212,150.9111,567.75134,263.2712
255,0.3353352,0.768849,185.32837,164.7331,243.9007,276.78564
255,0.67900527,0.8239851,410.10565,181.90195,459.02106,296.63464
255,0.39471215,0.6415754,235.26224,130.5419,269.96933,230.96713
255,0.9866028,0.535482,623.00476,87.66341,639.8468,192.77351
255,0.49680215,0.5953556,306.47284,129.21484,329.4339,214.328
255,0.56353784,0.62660015,340.36194,127.322296,380.9665,225.57605
255,0.44905406,0.6312641,274.18988,180.00775,300.5993,227.25507
255,0.5018993,0.6265732,307.16037,127.43182,335.27072,225.56635
256,0.44640312,0.90007484,257.771,204.61905,313.625,324.02695
256,0.8399458,0.73763037,514.3975,149.92612,560.7331,265.54694
256,0.7312475,0.7338137,442.2817,159.22934,493.71506,264.17294
256,0.6716636,0.8248114,412.8783,180.93637,446.85107,296.9321
256,0.39996785,0.6381197,238.29315,128.78992,273.6657,229.72308
256,0.34832364,0.7711403,197.51682,162.61584,248.33743,277.6105
256,0.9699621,0.6860967,601.772,86.446045,639.77954,246.99481
256,0.98680323,0.53536433,623.2638,88.06081,639.84436,192.73116
256,0.49877363,0.62868774,308.7702,131.0232,329.66003,226.32758
256,0.5636867,0.6289765,342.4222,129.28091,379.09677,226.43155
257,0.7230075,0.7377156,439.97693,157.59589,485.47266,265.5776
257,0.44741982,0.89938873,257.857,205.18161,314.8404,323.77994
257,0.83186084,0.7355519,509.59033,150.50574,555.1915,264.79868
257,0.6582655,0.82539773,403.92053,180.76434,438.6593,297.1432
257,0.36188012,0.77119994,213.59814,161.96317,249.6084,277.632
257,0.40337926,0.6377351,241.69109,127.16879,274.63434,229.58466
257,0.9698952,0.68560034,601.6825,86.573364,639.7833,246.81613
257,0.9867891,0.5354394,623.24365,87.99576,639.84644,192.75818
257,0.48006448,0.7512882,300.01483,254.97876,314.4677,270.46375
258,0.7096079,0.7359536,438.46167,156.70404,469.83643,264.9433
258,0.8290926,0.73102725,508.15973,150.15555,553.0788,263.1698
258,0.649531,0.8267579,396.9773,180.57889,434.42242,297.63284
258,0.44941702,0.8909731,257.56927,205.98145,317.6845,320.7503
258,0.37065214,0.77367306,221.36475,162.2858,253.07,278.5223
258,0.98655176,0.5360952,622.9377,87.834045,639.8486,192.99426
258,0.5367657,0.63144135,309.7124,126.92461,377.34772,227.3189
258,0.9744713,0.68571025,607.54266,86.23813,639.7806,246.85568
259,0.6370314,0.82865906,384.03027,181.3948,431.36987,298.31726
259,0.82374656,0.7364562,503.83624,151.5911,550.5594,265.12424
259,0.6977441,0.7364285,431.46973,155.3006,461.6427,265.11426
259,0.44753656,0.89721906,257.8698,205.46024,314.977,322.99887
259,0.38173613,0.7723949,221.58661,163.69287,267.03564,278.06216
259,0.98648167,0.5359118,622.84644,87.8088,639.8501,192.92825
259,0.410997,0.6287746,247.98677,127.29837,278.08942,226.35886
259,0.9740326,0.68587273,606.9999,86.04205,639.76184,246.91418
260,0.8159832,0.74174434,497.19296,153.14758,547.2655,267.02795
260,0.6303103,0.828811,375.26465,181.66254,431.53253,298.37195
260,0.44623747,0.8965012,257.15924,205.10419,314.02472,322.74042
260,0.68711126,0.7381624,422.5968,154.91193,456.90564,265.73846
260,0.38528317,0.7708536,222.44827,165.80899,270.7142,277.5073
260,0.5093921,0.8379557,301.35342,192.7582,350.66843,301.66406
260,0.41522306,0.62644076,249.41269,125.77365,282.07285,225.51868
260,0.9864359,0.5354078,622.7917,87.60332,639.84625,192.74681
260,0.5625206,0.62001926,348.00174,134.36911,372.02463,223.20694
260,0.517779,0.6364987,309.4526,122.922485,353.30453,229.13953
260,0.41408157,0.538998,250.11339,125.62579,279.911,194.03928
260,0.97296447,0.68566775,605.6432,86.15569,639.75134,246.8404
261,0.815876,0.74048114,497.92026,154.19061,546.401,266.5732
261,0.6301996,0.8315889,376.1648,182.92026,430.49072,299.372
261,0.68048733,0.7382807,415.65344,156.96478,455.37036,265.78107
261,0.51551837,0.8461167,304.9294,192.56778,354.9341,304.60202
261,0.44546324,0.89835703,256.5765,205.6954,313.61642,323.40854
261,0.3908252,0.7752157,223.9873,167.22806,276.26895,279.07764
261,0.42367688,0.6194187,249.54733,125.83972,292.75906,222.99072
261,0.98635685,0.5357025,622.6903,87.30713,639.84644,192.8529
261,0.56101704,0.6188226,346.9815,133.45459,371.1203,222.77612
261,0.9731611,0.68583196,605.8987,86.12736,639.74756,246.8995
262,0.44559616,0.8981105,256.7424,205.4932,313.6207,323.3198
262,0.6752243,0.7387344,409.2683,156.76273,455.0188,265.9444
262,0.8126663,0.74153113,497.03418,153.91476,543.1787,266.9512
262,0.624395,0.83073723,373.2489,182.1564,425.97668,299.0654
262,0.5163178,0.84465766,306.65082,185.5784,354.23596,304.07675
262,0.40843543,0.7741055,230.40059,165.9219,292.3968,278.67798
262,0.56062204,0.6197947,344.20874,129.6643,373.38745,223.1261
262,0.4260084,0.54093075,251.17079,125.41376,294.12,194.73508
262,0.9866108,0.5351606,623.0155,88.132484,639.8463,192.6578
262,0.42036802,0.5215498,252.60965,125.470215,285.4614,187.75793
262,0.99052894,0.5352434,628.1131,88.70233,639.764,192.68762
263,0.66737026,0.7334231,402.6268,159.7059,451.60715,264.03232
263,0.80286807,0.74068207,495.2846,153.3284,532.38654,266.64554
263,0.4435926,0.8994316,254.29822,205.70328,313.5003,323.79538
263,0.6177877,0.83212495,372.461,182.21777,418.3073,299.56497
263,0.52492744,0.84481186,316.98273,186.747,354.92438,304.13226
263,0.5610441,0.61851496,343.3185,130.24039,374.8179,222.66537
263,0.98666686,0.5354882,623.0867,88.23046,639.8469,192.77576
263,0.41376153,0.6835504,253.13083,165.9479,276.48392,246.07816
263,0.43133765,0.5487348,255.72359,125.647675,296.3886,197.54453
263,0.9905124,0.5352187,628.0899,89.36258,639.7659,192.67874
264,0.7557394,0.8984116,449.79407,227.01091,517.55237,323.42816
264,0.4960707,0.9017207,273.53268,228.14978,361.43784,324.61945
264,0.23916407,0.89641404,112.08708,219.93025,194.04292,322.70905
264,0.50599355,0.6643362,299.30316,141.24777,348.3686,239.16104
264,0.17282918,0.76213354,84.37663,180.88687,136.84473,274.36807
264,0.8641475,0.8076114,527.4102,192.47144,578.69855,290.7401
264,0.38857934,0.790718,227.65344,175.18219,269.72812,284.65848
264,0.43963653,0.6554658,261.3753,133.25333,301.35944,235.96768
264,0.58510935,0.67537475,352.995,144.74754,395.94495,243.1349
264,0.62291986,0.59426284,382.66388,127.77371,414.67352,213.93463
264,0.37946057,0.53395927,228.36557,126.711914,257.34396,192.22534
264,0.9870159,0.5324622,623.53125,87.52821,639.8491,191.68639
264,0.49085265,1.0,300.55875,344.21808,327.73264,360.0
264,0.9903984,0.52662486,627.96155,91.567154,639.7484,189.58495
264,0.6083523,0.3294023,374.8189,68.77461,403.872,118.58482
265,0.75568676,0.8982293,449.82513,226.91473,517.4539,323.36255
265,0.4960158,0.9013045,273.4428,228.06049,361.4574,324.4696
265,0.23885885,0.89669096,111.875984,220.01578,193.86334,322.80875
265,0.50628424,0.6637153,299.6064,140.94269,348.4374,238.9375
265,0.86390746,0.807499,527.14355,192.47226,578.65796,290.69965
265,0.17314082,0.7623488,84.999756,180.10205,136.6205,274.44556
265,0.39062256,0.79049665,229.8425,174.34897,270.1544,284.5788
265,0.58516055,0.6753269,353.1941,145.25894,395.8114,243.11768
265,0.43942705,0.6553485,261.19583,133.31772,301.27078,235.92545
265,0.37951207,0.5331847,228.4914,126.080124,257.28406,191.94649
265,0.6223372,0.59258467,382.55795,127.07034,414.03372,213.33047
265,0.9871067,0.5319372,623.64886,87.57543,639.8477,191.49738
265,0.99043465,0.52527684,628.01,92.13257,639.74634,189.09967
265,0.4911415,1.0,300.8446,344.29062,327.81653,360.0
266,0.7556406,0.8983805,449.84314,227.06384,517.37683,323.417
266,0.49603146,0.9012805,273.42352,227.83417,361.49677,324.461
266,0.2388699,0.89502496,111.68338,220.03058,194.0701,322.20898
266,0.5061558,0.663732,299.5022,141.3735,348.3772,238.94351
266,0.86349666,0.8071349,526.6283,192.50229,578.64746,290.56857
266,0.17266259,0.76092976,84.67372,180.3812,136.3344,273.93472
266,0.39327016,0.790475,231.00754,174.25934,272.37827,284.571
266,0.5849532,0.67555785,353.092,145.49515,395.6481,243.20084
266,0.44078255,0.65495867,262.94394,133.58548,301.25772,235.78513
266,0.3793775,0.53329575,228.05786,126.02139,257.54535,191.98648
266,0.6223159,0.5900012,382.97235,127.61783,413.59198,212.40045
266,0.98708403,0.53201395,623.6166,88.25348,639.85095,191.52502
266,0.49113044,1.0,300.71613,343.95502,327.93085,360.0
266,0.99041176,0.5257587,627.9784,92.59306,639.74866,189.27312
267,0.75593466,0.89845973,450.1129,227.13971,517.48346,323.4455
267,0.49592906,0.90135026,273.38263,228.15771,361.40656,324.48608
267,0.23862648,0.8945536,111.25085,219.8742,194.19104,322.0393
267,0.86365527,0.8073498,526.9508,192.39471,578.52795,290.64594
267,0.50660115,0.66411674,300.0141,141.57999,348.43536,239.08203
267,0.17312202,0.7586704,85.570114,180.24792,136.02608,273.12134
267,0.3943666,0.7900511,231.22028,174.3158,273.56897,284.4184
267,0.44098186,0.6539859,262.80774,130.05518,301.64905,235.43494
267,0.5849601,0.6750349,353.01288,145.49269,395.73602,243.01256
267,0.37889707,0.5341994,227.25821,125.94507,257.73004,192.3118
267,0.6214681,0.59180486,381.9697,130.89688,413.5095,213.04974
267,0.98669684,0.5319946,623.1179,86.940384,639.854,191.51805
267,0.49130145,1.0,300.847,343.87872,328.01886,360.0
267,0.9903141,0.52578026,627.85547,90.702705,639.7466,189.28088
267,0.607848,0.32838875,373.8233,68.14632,404.2221,118.219955
268,0.7554825,0.89873964,449.5152,226.96399,517.5024,323.54626
268,0.4959318,0.9019274,273.2918,227.86014,361.50092,324.69388
268,0.23921046,0.89488465,111.42262,219.88858,194.76677,322.15848
268,0.50605947,0.6636254,299.38153,138.91547,348.37457,238.90515
268,0.8638109,0.8070679,527.00586,192.1818,578.6721,290.54443
268,0.17340665,0.7571221,85.74869,180.3631,136.21182,272.56396
268,0.58309925,0.6727801,350.40283,139.56891,395.96417,242.20084
268,0.44008136,0.6529312,261.72897,129.04327,301.57516,235.05524
268,0.39341888,0.79017216,230.89352,175.55038,272.68265,284.46198
268,0.6215836,0.5905069,382.1319,131.99954,413.49506,212.58249
268,0.37931278,0.53454834,226.89429,124.74054,258.62607,192.43741
268,0.49089584,1.0,300.72546,343.9308,327.62122,360.0
268,0.98996717,0.52636683,627.4178,96.59645,639.7402,189.49205
268,0.9870674,0.5318267,623.593,90.1983,639.8533,191.45761
268,0.60713655,0.32919854,373.1477,69.03189,403.98706,118.511475
269,0.7554449,0.89862657,449.57642,227.06685,517.39307,323.50555
269,0.4958263,0.90263283,273.28125,228.01855,361.3764,324.9478
269,0.23836827,0.8948443,111.018105,219.7944,194.09329,322.14395
269,0.5055944,0.66410005,298.88727,138.99622,348.2735,239.07602
269,0.863762,0.8074746,526.9153,192.51672,578.7001,290.69086
269,0.17337987,0.7567227,85.54285,180.70935,136.38339,272.42017
269,0.5831655,0.6728992,350.3952,139.64233,396.0567,242.24371
269,0.4399562,0.65435386,261.7705,130.03314,301.3734,235.56738
269,0.38008437,0.5334041,227.3183,124.66879,259.1897,192.02548
269,0.6212865,0.5907419,381.85773,133.80618,413.38898,212.66708
269,0.39379606,0.7913831,230.87857,175.64816,273.1804,284.89792
269,0.98703253,0.532479,623.5541,87.96347,639.84753,191.69244
269,0.4907859,1.0,300.5325,343.8761,327.67343,360.0
269,0.9902546,0.52769744,627.7972,92.21623,639.7287,189.97108
269,0.60753155,0.32878497,373.57452,69.16576,404.06586,118.362595
270,0.7553987,0.89838254,449.5819,227.17328,517.3284,323.41772
270,0.49578324,0.9025744,273.04587,227.97672,361.55667,324.9268
270,0.23845272,0.89499825,111.02539,219.95578,194.19409,322.19937
270,0.50568265,0.664127,298.90857,139.13931,348.36523,239.08572
270,0.8639374,0.80716103,527.21265,192.3754,578.6272,290.57797
270,0.17313068,0.75679505,85.33751,180.72748,136.26976,272.44623
270,0.58292025,0.67293006,350.31476,139.78564,395.82318,242.25482
270,0.4398046,0.6548178,261.60138,130.389,301.3485,235.7344
270,0.39259738,0.79269516,229.81479,174.69882,272.70987,285.37027
270,0.6211729,0.5905972,382.10934,135.57346,412.99197,212.61499
270,0.3805815,0.5309495,226.9737,125.26709,260.17062,191.14182
270,0.98686135,0.53257596,623.3255,88.57434,639.857,191.72736
270,0.49092692,1.0,300.7501,343.86493,327.63638,360.0
270,0.99016696,0.5285469,627.6543,98.27548,639.7594,190.27689
270,0.60678875,0.32884848,372.3974,68.71449,404.29218,118.38545
271,0.75530005,0.8986795,449.49353,227.15842,517.2905,323.52463
271,0.49559698,0.9024309,273.09137,227.8369,361.27277,324.87512
271,0.2392952,0.89576393,111.32571,220.22348,194.97214,322.475
271,0.50565374,0.6638469,299.04456,139.1152,348.19226,238.9849
271,0.86397684,0.8071741,527.22723,192.20126,578.66315,290.58267
271,0.17305413,0.7570536,85.42992,180.45984,136.07938,272.5393
271,0.58325136,0.67309827,350.64038,140.26233,395.92133,242.31537
271,0.43996438,0.65502787,261.54523,130.44086,301.6092,235.81003
271,0.3917269,0.7923225,229.10092,175.77054,272.30954,285.2361
271,0.38199726,0.53048223,226.41052,125.4877,262.54596,190.9736
271,0.6212866,0.58960557,381.7493,138.78943,413.49753,212.258
271,0.9868456,0.5327349,623.303,89.69703,639.8594,191.78455
271,0.4909683,1.0,300.80182,343.8816,327.63757,360.0
271,0.60546494,0.38778618,370.84003,68.81213,404.1551,139.60303
271,0.99019444,0.52933705,627.68604,97.99277,639.7628,190.56134
271,0.6060845,0.33198088,371.72034,68.44614,404.06787,119.51312
271,0.62683266,0.5809495,388.9825,143.20804,413.3633,209.14182
272,0.75539035,0.89884794,449.47296,227.3498,517.4267,323.58527
272,0.4958292,0.90233356,273.002,227.88145,361.65936,324.8401
272,0.23971668,0.895613,111.76415,220.2875,195.07318,322.4207
272,0.5055735,0.6645279,298.80777,139.07101,348.32632,239.23004
272,0.86451566,0.8071696,527.8025,192.69852,578.7776,290.58105
272,0.17349525,0.7572324,85.414154,180.37479,136.65976,272.60367
272,0.5834001,0.6731131,350.91022,140.771,395.84186,242.32071
272,0.43946666,0.6546296,261.00476,129.18246,301.51257,235.66666
272,0.39056718,0.792113,228.56091,176.71805,271.36508,285.16068
272,0.6193714,0.5912797,379.0055,138.95413,413.78992,212.86069
272,0.3826652,0.52979213,226.27472,125.93738,263.5367,190.72516
272,0.6051384,0.39821073,371.10553,69.227905,403.47162,143.35587
272,0.98674214,0.5331174,623.1722,89.2792,639.8577,191.92227
272,0.49095637,1.0,300.81763,343.92285,327.6065,360.0
272,0.60611725,0.33769375,372.6223,68.884384,403.20776,121.56975
272,0.9903945,0.5285246,627.9449,99.975296,639.7601,190.26884
273,0.75545084,0.8989212,449.57648,227.5246,517.4006,323.61163
273,0.4957795,0.9025029,272.94592,227.93857,361.65186,324.90103
273,0.23910055,0.89539444,111.675644,219.93442,194.37306,322.342
273,0.50537527,0.6645257,298.60876,139.08994,348.2716,239.22925
273,0.8640734,0.8075075,527.1991,193.0998,578.8148,290.7027
273,0.17329565,0.7580426,85.44656,180.3393,136.37187,272.89532
273,0.38961536,0.7924666,227.0191,177.65186,271.68857,285.28796
273,0.5833972,0.673211,350.84796,140.27399,395.90045,242.35596
273,0.43952703,0.6557361,260.81305,130.634,301.78156,236.065
273,0.619477,0.5904505,379.13837,139.27393,413.79218,212.5622
273,0.38207537,0.52863693,226.20883,126.75455,262.84766,190.3093
273,0.60482126,0.39588678,371.084,69.82765,403.0872,142.51924
273,0.98679656,0.5334435,623.243,90.12521,639.8566,192.03967
273,0.49083003,1.0,300.7209,343.99152,327.54156,360.0
273,0.99075353,0.5286131,628.4048,102.29296,639.75977,190.30072
274,0.7553421,0.89905345,449.39514,227.57732,517.44275,323.65924
274,0.4958187,0.9021884,272.88336,228.0102,361.7646,324.78784
274,0.23916917,0.89564455,111.71782,219.95047,194.41872,322.43204
274,0.5052099,0.6641201,298.4559,139.24649,348.2128,239.08322
274,0.17333546,0.75902843,84.39821,180.38647,137.47119,273.25024
274,0.8634092,0.8081026,526.47876,193.12762,578.68506,290.91693
274,0.44015923,0.65470743,261.77234,130.61926,301.63147,235.69467
274,0.38901657,0.79218566,226.9036,174.92468,271.03763,285.18683
274,0.5836889,0.6730889,351.26385,140.60846,395.85797,242.31201
274,0.6193732,0.59048134,379.53485,139.33449,413.26282,212.57329
274,0.38092777,0.5293579,226.39978,126.35962,261.18777,190.56885
274,0.9868189,0.5333375,623.26733,88.51262,639.86084,192.00148
274,0.6081424,0.39187038,375.6324,69.90639,402.78986,141.07333
274,0.49084872,1.0,300.79694,344.0595,327.48944,360.0
274,0.99082434,0.52774197,628.4923,101.071915,639.7628,189.9871
275,0.7554164,0.89868504,449.50037,227.67702,517.4326,323.5266
275,0.49581337,0.9021553,272.82593,227.70248,361.8152,324.7759
275,0.23886657,0.89544255,111.429146,220.22253,194.32007,322.3593
275,0.50521135,0.6640045,298.61212,139.18457,348.0584,239.04163
275,0.8637439,0.80761975,526.8405,193.17636,578.75165,290.7431
275,0.17396434,0.7569418,84.277405,180.87222,138.39694,272.49905
275,0.43977728,0.6545972,261.2734,130.43704,301.6415,235.655
275,0.58391434,0.6730242,351.57758,140.23584,395.83276,242.2887
275,0.38730437,0.79244006,225.83286,174.37424,269.91675,285.2784
275,0.6196723,0.5901073,380.20605,139.50417,412.9745,212.43864
275,0.6097623,0.33091763,377.42496,70.33853,403.07077,119.13034
275,0.98676807,0.5334095,623.205,88.56787,639.8581,192.0274
275,0.38031468,0.5336113,226.91342,126.199066,259.88937,192.10007
275,0.4906825,1.0,300.74432,344.09045,327.32928,360.0
276,0.7551693,0.89869934,449.37964,227.39029,517.23706,323.53177
276,0.4960309,0.90211487,273.0454,227.90375,361.87415,324.76135
276,0.2387344,0.8952805,111.47153,220.25183,194.10849,322.30096
276,0.5051711,0.66360086,298.427,139.1828,348.19202,238.8963
276,0.8636526,0.8075867,526.74084,193.29178,578.7345,290.73123
276,0.3860309,0.7927837,224.5839,173.41083,269.53568,285.40213
276,0.17517336,0.7551711,85.10507,181.0835,139.11682,271.8616
276,0.44040555,0.6542375,262.27954,130.4831,301.43958,235.52551
276,0.58412886,0.67288285,351.77478,139.9368,395.91016,242.23782
276,0.6194552,0.5900754,379.85843,139.44273,413.04428,212.42714
276,0.37994987,0.5317672,227.68884,125.749115,258.64697,191.43619
276,0.6105391,0.3306648,378.52582,70.81775,402.96417,119.03934
276,0.98669446,0.5332129,623.10895,88.47837,639.8599,191.95663
276,0.49065286,1.0,300.6246,344.19354,327.41104,360.0
277,0.75506675,0.8985807,449.2657,226.84213,517.2198,323.48904
277,0.49595404,0.9022319,272.9807,228.03369,361.84045,324.80347
277,0.2390693,0.89527714,111.28139,220.34207,194.72731,322.29977
277,0.5052085,0.66367996,298.60522,139.32309,348.06165,238.92477
277,0.86407775,0.8077132,527.244,193.56815,578.7755,290.77676
277,0.38545972,0.79285026,224.23364,174.68732,269.1548,285.4261
277,0.44038343,0.65412384,262.30392,130.6944,301.38687,235.48459
277,0.1757958,0.7559979,85.11606,181.19403,139.90256,272.15924
277,0.5846773,0.673158,352.43127,140.00565,395.95563,242.33688
277,0.62005997,0.5891343,380.71838,139.13284,412.95837,212.08835
277,0.37853757,0.53086406,226.75104,124.94656,257.77704,191.11105
277,0.9867945,0.53294194,623.23425,89.17667,639.8627,191.8591
277,0.6111705,0.32961476,379.40387,71.14691,402.89435,118.661316
277,0.49058533,1.0,300.64087,344.21783,327.30835,360.0
277,0.9908966,0.5291555,628.58875,99.45454,639.7589,190.49597
278,0.75553054,0.8984156,449.87128,227.45764,517.2078,323.42963
278,0.4958923,0.90227747,272.8824,227.99321,361.85974,324.8199
278,0.2389729,0.89526594,111.16758,220.41812,194.71774,322.29575
278,0.50530607,0.6633839,298.81934,139.3403,347.9724,238.8182
278,0.8641575,0.807548,527.45825,193.79813,578.6633,290.7173
278,0.44071588,0.65356684,262.79523,130.93457,301.3211,235.28406
278,0.58563244,0.67485946,353.872,140.02673,395.7375,242.9494
278,0.38601404,0.7929217,225.13449,174.3916,268.96347,285.4518
278,0.17664367,0.7519036,84.5513,180.86295,141.5526,270.6853
278,0.37729517,0.53216743,226.45886,124.6566,256.47894,191.58028
278,0.6202456,0.5886796,380.9779,139.62369,412.9364,211.92465
278,0.9867676,0.53273326,623.2002,88.690475,639.8623,191.78398
278,0.61124086,0.3290331,379.2356,71.73686,403.1527,118.45192
278,0.4903153,1.0,300.13568,344.18176,327.4679,360.0
279,0.7553077,0.8992982,449.14398,229.76944,517.64984,323.74734
279,0.49588212,0.9020033,272.86804,227.86656,361.86108,324.7212
279,0.23897663,0.8958391,111.04698,220.5121,194.8431,322.50208
279,0.5054413,0.6634023,298.93054,139.00366,348.03436,238.82483
279,0.86395836,0.8079261,527.1041,193.71085,578.7626,290.8534
279,0.3857885,0.792623,223.86322,173.79123,269.94604,285.34427
279,0.44025078,0.6535257,262.25806,130.85104,301.26294,235.26926
279,0.58598983,0.67462677,354.2619,139.73569,395.8051,242.86563
279,0.17844109,0.7543606,84.451935,181.04166,143.95267,271.56982
279,0.6207727,0.5887989,381.6474,140.54843,412.9417,211.96759
279,0.986736,0.5330016,623.1588,89.47572,639.8633,191.88057
279,0.37564883,0.535111,225.85626,124.502625,254.97424,192.63995
279,0.49039254,1.0,300.07803,344.14502,327.62442,360.0
279,0.62959146,0.5887244,392.85876,144.63657,413.0183,211.94077
279,0.9904994,0.5293778,628.0764,96.13162,639.7628,190.57602
279,0.61128485,0.32797486,379.21326,73.35477,403.23132,118.07095
280,0.495929,0.9019292,272.88208,227.58855,361.90704,324.69452
280,0.75526935,0.8981933,449.2893,234.41849,517.45544,323.34958
280,0.23874608,0.8957061,110.92186,220.35141,194.67311,322.4542
280,0.5053277,0.66396195,299.0428,139.05716,347.77667,239.0263
280,0.86396235,0.8079933,527.0997,193.43015,578.77216,290.8776
280,0.38601413,0.79294086,224.10852,173.90775,269.98956,285.4587
280,0.18089506,0.75380725,86.430984,179.66422,145.1147,271.3706
280,0.44068566,0.65422004,262.56445,130.52725,301.51318,235.51923
280,0.586779,0.6765936,355.21124,139.8721,395.8659,243.5737
280,0.6198371,0.590512,380.26605,137.99158,413.12543,212.58432
280,0.9866848,0.5332793,623.09375,89.09798,639.8628,191.98055
280,0.37478536,0.53983635,226.1789,124.59265,253.54639,194.3411
280,0.9901972,0.5293936,627.692,95.00372,639.7604,190.5817
280,0.49036556,1.0,300.20346,344.1996,327.46445,360.0
280,0.37488228,0.47141978,225.81773,124.39938,254.03157,169.71112
280,0.6112736,0.32724974,379.56146,74.270935,402.8687,117.809906
281,0.49586487,0.90202045,272.93475,227.38704,361.77228,324.72736
281,0.755144,0.8985266,449.0197,238.48148,517.5646,323.46957
281,0.23868099,0.89606375,110.70575,220.30475,194.80591,322.58295
281,0.5055183,0.6639983,299.21387,139.58762,347.8496,239.0394
281,0.86378527,0.8082643,526.87286,193.64447,578.7723,290.97516
281,0.38639957,0.79300636,224.21414,174.12793,270.3773,285.4823
281,0.18300302,0.75510544,88.20802,178.43655,146.03584,271.83795
281,0.4407157,0.65450495,262.54193,130.66356,301.57416,235.62178
281,0.5889015,0.67366725,356.81848,142.43341,396.97546,242.5202
281,0.62025416,0.5908252,380.5253,139.44812,413.40005,212.69708
281,0.98664397,0.53346246,623.04504,88.85519,639.85925,192.04648
281,0.37396342,0.546336,225.13641,123.726974,253.53677,196.68095
281,0.4901577,1.0,299.51642,344.21442,327.88544,360.0
281,0.37378177,0.48028818,224.84738,123.232086,253.59329,172.90375
281,0.9904359,0.52953476,627.99475,96.59106,639.7632,190.6325
282,0.49577838,0.9021637,272.90128,227.29918,361.69504,324.77893
282,0.7550696,0.8989162,448.9383,241.02011,517.55084,323.60983
282,0.23881252,0.89577264,110.93596,220.23987,194.74406,322.47815
282,0.18394785,0.7593763,91.59381,175.33725,143.85944,273.37546
282,0.50574315,0.66401494,299.33936,140.3725,348.01184,239.04538
282,0.38692123,0.7933126,225.13797,174.37817,270.12122,285.59253
282,0.86374074,0.8085393,526.8247,193.66092,578.7634,291.07413
282,0.5927316,0.67370236,357.90912,143.33937,400.7873,242.53285
282,0.44067279,0.6547147,262.4809,130.74338,301.58026,235.6973
282,0.6206776,0.5909068,381.1701,139.82489,413.29718,212.72644
282,0.3722356,0.5532724,223.59123,123.894714,252.87035,199.17807
282,0.9867241,0.53298736,623.1461,89.03566,639.8607,191.87544
282,0.49022508,1.0,299.62747,344.3032,327.86063,360.0
282,0.990528,0.5289071,628.1126,95.116035,639.76324,190.40656
283,0.49575824,0.90218014,272.96222,227.08406,361.60834,324.78485
283,0.75539875,0.8983623,449.42773,242.09293,517.48267,323.41043
283,0.2389162,0.8957899,111.05125,220.34448,194.7615,322.48438
283,0.18504906,0.7625814,93.89911,172.59949,142.96368,274.5293
283,0.506137,0.66380966,299.82043,140.28543,348.0349,238.97147
283,0.8638226,0.808539,526.90466,193.51782,578.7882,291.07404
283,0.38709348,0.79344374,225.27737,173.90613,270.2023,285.63974
283,0.44097862,0.653279,262.2649,129.51535,302.18774,235.18045
283,0.59531844,0.6740917,359.59402,144.98972,402.4136,242.673
283,0.62215155,0.5912045,383.03107,139.54523,413.32294,212.83362
283,0.37013096,0.55634755,222.67923,124.1615,251.08841,200.28513
283,0.9866869,0.5329381,623.09863,88.937256,639.8606,191.85773
283,0.4901329,1.0,299.64252,344.26947,327.7276,360.0
283,0.9904839,0.5289228,628.0581,95.862564,639.7612,190.41222
284,0.49574,0.901905,272.94693,227.12035,361.60025,324.6858
284,0.7556368,0.89780784,449.37823,242.06232,517.83685,323.21082
284,0.23903473,0.895577,111.22107,220.2879,194.74338,322.4077
284,0.50616753,0.66399246,299.76926,140.14594,348.12515,239.0373
284,0.8636898,0.808486,526.7844,193.58395,578.7385,291.05496
284,0.38735205,0.79334784,225.738,174.55988,270.07263,285.60522
284,0.18377002,0.76163685,94.0134,171.0195,141.21222,274.18927
284,0.59723204,0.6738979,361.3845,141.40865,403.07254,242.60326
284,0.4410302,0.6549669,262.38885,130.34128,302.12982,235.78809
284,0.98663884,0.533208,623.0376,89.27906,639.8601,191.9549
284,0.62357485,0.5905699,385.06036,144.1242,413.11548,212.60516
284,0.3690949,0.5617908,221.51514,124.109985,250.92633,202.24469
284,0.99029815,0.5293284,627.8242,94.75933,639.75745,190.55823
284,0.4900627,1.0,299.55768,344.28168,327.7226,360.0
284,0.6102706,0.39977738,378.46127,74.68643,402.68515,143.91986
285,0.4957235,0.9015162,272.87567,227.05658,361.6504,324.54584
285,0.7552021,0.8981596,449.22638,241.90071,517.4323,323.33746
285,0.23892216,0.8955961,111.11047,220.4559,194.7099,322.41458
285,0.50614214,0.6641449,299.71436,140.17459,348.14758,239.09216
285,0.8635346,0.80873287,526.62854,193.65616,578.6958,291.14383
285,0.18279257,0.76055485,93.946594,168.96759,140.0279,273.79974
285,0.38753593,0.79316425,225.74481,174.42798,270.30118,285.53912
285,0.44096237,0.6543241,262.38992,130.49408,302.0419,235.55667
285,0.59787303,0.67345816,361.62653,139.4635,403.65094,242.44495
285,0.9866365,0.53312176,623.03406,89.68108,639.8607,191.92383
285,0.62983525,0.5924538,392.8713,148.79532,413.31784,213.28336
285,0.36663157,0.56225485,219.63396,123.755554,249.65446,202.41174
285,0.6098629,0.4020405,379.02454,74.53964,401.59998,144.73459
285,0.9904353,0.52957684,628.0028,95.65529,639.7544,190.64766
285,0.49023288,1.0,299.6801,344.2386,327.818,360.0
286,0.49584842,0.90069276,273.02258,227.14557,361.6634,324.2494
286,0.75506,0.8984885,449.10083,241.72186,517.376,323.45587
286,0.23891573,0.89563155,111.145615,220.57532,194.66652,322.42737
286,0.5061385,0.6641944,299.68787,140.2074,348.16943,239.10999
286,0.18205054,0.7596127,93.93898,167.52191,139.08571,273.46057
286,0.86349756,0.8088003,526.56445,193.54437,578.7124,291.1681
286,0.60256946,0.67431307,360.8878,138.85606,410.40115,242.7527
286,0.38803488,0.7931121,226.78589,174.68643,269.89874,285.52036
286,0.44140214,0.65409726,262.87158,130.50314,302.12317,235.475
286,0.9866556,0.5329409,623.0587,89.64908,639.8605,191.85873
286,0.3636891,0.5645363,215.48602,123.41037,250.03601,203.23306
286,0.49031162,1.0,299.67108,344.2115,327.9278,360.0
286,0.9904432,0.52930254,628.01196,95.354164,639.7554,190.54892
286,0.60980475,0.39873847,378.78528,75.07509,401.76477,143.54585
287,0.49614754,0.9002394,273.404,227.02557,361.66486,324.08618
287,0.7548544,0.8983122,449.08905,241.6308,517.1246,323.3924
287,0.23893733,0.8957745,111.12843,220.63818,194.71135,322.47882
287,0.5062145,0.6643618,299.77722,139.92644,348.17737,239.17024
287,0.18156509,0.75897783,93.8737,166.74557,138.52962,273.23203
287,0.86416495,0.8089113,527.1078,193.81793,579.0233,291.20807
287,0.38778102,0.7933742,226.93567,174.61148,269.42404,285.61472
287,0.440982,0.65232956,262.60474,129.4526,301.85223,234.83865
287,0.6005218,0.6748476,360.8512,139.34651,407.8167,242.94514
287,0.9866454,0.5328703,623.04614,89.45531,639.86,191.8333
287,0.36106172,0.57116,211.7338,122.90765,250.4252,205.61761
287,0.6104205,0.39196208,379.10187,75.76312,402.2364,141.10635
287,0.49023885,1.0,299.6112,344.17255,327.89453,360.0
287,0.6329862,0.59298563,396.71014,149.00406,413.5122,213.47482
287,0.99035996,0.52951366,627.9053,94.23832,639.7555,190.62491
288,0.49630108,0.9005813,273.43036,226.75778,361.83502,324.20926
288,0.75483,0.8981347,448.84967,241.51195,517.33276,323.3285
288,0.23860438,0.8958415,110.67633,220.86487,194.73727,322.50293
288,0.506501,0.66444844,300.41388,139.74063,347.9074,239.20145
288,0.8641485,0.80900013,527.1189,194.01465,578.9912,291.24005
288,0.18218012,0.75960135,93.81827,166.75266,139.37228,273.45648
288,0.38798457,0.79360265,227.36798,174.3287,269.25226,285.69696
288,0.4410533,0.6551685,262.64355,130.29768,301.90466,235.86064
288,0.6037401,0.6765109,362.7236,138.5079,410.0637,243.54391
288,0.35906976,0.57064945,208.74294,122.915985,250.86638,205.4338
288,0.98667413,0.53285104,623.08386,89.16908,639.859,191.82637
288,0.4901808,1.0,299.61377,344.17377,327.81763,360.0
288,0.99043787,0.52971625,628.00903,94.889626,639.75146,190.69785
288,0.6108106,0.3811186,379.77158,76.7999,402.06595,137.2027
289,0.49630088,0.90014344,273.44855,226.90623,361.8166,324.05164
289,0.7548585,0.89812994,448.9298,241.60718,517.28906,323.32678
289,0.23883648,0.8958913,110.948944,220.93402,194.76175,322.52087
289,0.5066628,0.6648901,300.65222,139.74991,347.87616,239.36044
289,0.86409664,0.8090999,527.04065,194.05884,579.00305,291.27597
289,0.18265033,0.7596415,93.737656,166.44202,140.05476,273.47095
289,0.38828564,0.79362947,227.39798,173.86725,269.60764,285.7066
289,0.4408358,0.65460914,262.49316,130.32649,301.77667,235.65929
289,0.6080237,0.675831,366.2804,137.37936,411.98993,243.29916
289,0.9867218,0.5329955,623.144,89.10769,639.8599,191.87839
289,0.3586568,0.557576,207.26257,122.75995,251.81812,200.72736
289,0.49016815,1.0,299.569,344.14746,327.84622,360.0
289,0.35856247,0.48090938,207.3786,122.6727,251.58136,173.12738
289,0.9903637,0.5299402,627.9144,95.78335,639.7511,190.77847
290,0.4962082,0.90038264,273.56223,227.04085,361.58426,324.13776
290,0.7552231,0.8977612,449.26154,241.7414,517.424,323.19403
290,0.23885128,0.8957862,110.89432,220.87502,194.83533,322.48303
290,0.5068749,0.6656932,300.6347,139.61606,348.16522,239.64957
290,0.86412543,0.8089461,527.069,194.08594,579.0116,291.22058
290,0.18321681,0.7600094,93.300735,166.07965,141.21678,273.6034
290,0.38840598,0.7935384,227.76843,174.08777,269.39124,285.67383
290,0.44047904,0.6542776,262.62918,130.28458,301.184,235.53995
290,0.6128825,0.6762336,373.00732,137.72711,411.4823,243.44409
290,0.98671514,0.53307444,623.1355,89.33959,639.85986,191.9068
290,0.35892782,0.5554957,207.21466,122.82593,252.21295,199.97845
290,0.49016327,1.0,299.5792,344.1502,327.8298,360.0
290,0.99031276,0.52996385,627.8501,95.84863,639.75024,190.78699
290,0.35886627,0.47221145,207.35587,122.70224,251.99295,169.99612
290,0.68826073,0.32883704,429.84454,93.82709,451.1292,118.38133
291,0.4963991,0.9000738,273.8919,227.3071,361.49896,324.02658
291,0.7549826,0.8978826,449.26367,241.56683,517.114,323.23773
291,0.23862834,0.89602315,110.66237,220.42307,194.7819,322.56833
291,0.50708926,0.6663963,300.62616,139.83096,348.44806,239.90268
291,0.8637885,0.8090194,526.4982,193.99423,579.15106,291.24698
291,0.18423295,0.76128423,93.57201,165.6991,142.24617,274.06232
291,0.38777152,0.7938556,227.43008,173.8075,268.91745,285.78802
291,0.4404199,0.6547006,262.8711,130.26094,300.8664,235.69221
291,0.6132759,0.67681384,374.49243,137.69565,410.50073,243.65298
291,0.9867306,0.53300834,623.1556,89.38556,639.85956,191.883
291,0.36111134,0.5589001,209.3576,123.12018,252.86493,201.20404
291,0.4902628,1.0,299.63086,344.17682,327.90552,360.0
291,0.9903504,0.52994335,627.9004,95.93112,639.74817,190.7796
291,0.3611587,0.46863684,209.56146,122.99109,252.72168,168.70926
292,0.4967578,0.900481,274.00256,227.22485,361.8474,324.17316
292,0.7547893,0.8979053,449.11224,240.49324,517.01807,323.2459
292,0.2386345,0.89574087,110.73968,220.12119,194.71246,322.4667
292,0.50683963,0.6663827,300.4367,139.92099,348.31805,239.89777
292,0.8636646,0.8091869,526.34985,193.75278,579.14087,291.30728
292,0.18547127,0.76128066,93.34729,165.66846,144.05594,274.06104
292,0.6146461,0.6775447,376.0666,137.78036,410.68042,243.9161
292,0.38607568,0.7936506,225.28494,173.75562,268.89194,285.71423
292,0.44032106,0.6553299,262.67676,130.1839,300.9342,235.91876
292,0.9866945,0.53327715,623.1084,90.60879,639.8606,191.97977
292,0.3636467,0.56895614,212.4558,123.32794,253.01195,204.82422
292,0.49027437,1.0,299.62656,344.1938,327.92465,360.0
292,0.9902746,0.5298421,627.80237,96.0161,639.74915,190.74315
293,0.4964506,0.9004761,273.69122,226.5838,361.76556,324.1714
293,0.7548856,0.898128,448.99274,239.68631,517.26086,323.32608
293,0.2382879,0.8959975,110.6086,219.89664,194.39992,322.5591
293,0.50693405,0.6664677,300.52588,139.98611,348.34967,239.92838
293,0.8629919,0.80895066,525.9333,193.04523,578.69635,291.22223
293,0.18641886,0.75995517,93.60684,165.7927,145.00931,273.58386
293,0.44010028,0.65549207,262.27332,130.36368,301.05505,235.97714
293,0.6145914,0.6767128,376.26868,136.82425,410.40833,243.61661
293,0.38525388,0.7936044,224.18964,173.61765,268.93533,285.69757
293,0.3659331,0.56460667,216.68515,123.18326,251.7092,203.25839
293,0.98693883,0.53267,623.412,90.49412,639.86975,191.7612
293,0.49050316,1.0,299.85098,344.18146,327.99307,360.0
293,0.9908167,0.52789634,628.5034,94.344826,639.74194,190.0427
293,0.6163108,0.3293507,382.65015,75.06885,406.22766,118.56625
294,0.49631882,0.90048987,273.688,224.83609,361.6001,324.17636
294,0.75507736,0.8993,449.1112,238.03072,517.3878,323.748
294,0.23820329,0.8962396,110.4674,219.34424,194.4328,322.64624
294,0.5067353,0.66575086,300.1142,140.03793,348.50702,239.67032
294,0.8631837,0.80829275,526.17865,192.92703,578.6965,290.98538
294,0.6147151,0.67665505,376.39624,136.29169,410.4391,243.59583
294,0.43997297,0.6554245,262.66925,131.46973,300.49615,235.95282
294,0.3851981,0.79350877,223.61395,173.84949,269.4396,285.66315
294,0.19015475,0.7593976,95.94368,166.18085,147.45439,273.38315
294,0.366011,0.5572681,218.48071,121.03165,250.01337,200.61652
294,0.98692816,0.53265727,623.3989,90.43284,639.86914,191.75662
294,0.49074763,1.0,300.16196,344.16046,327.99503,360.0
294,0.99082595,0.5281107,628.5158,94.56076,639.7414,190.11984
295,0.49593297,0.90011734,273.10345,222.20583,361.69073,324.04224
295,0.7552726,0.89796543,449.54242,236.52866,517.20654,323.26755
295,0.23819833,0.89605707,110.5324,218.60757,194.36145,322.58054
295,0.505581,0.66467583,298.43726,140.08817,348.70642,239.2833
295,0.6147787,0.6764393,376.5437,134.70183,410.37305,243.51814
295,0.86312616,0.80785555,526.3094,192.20663,578.4921,290.828
295,0.38655192,0.7930338,225.0993,174.0044,269.68713,285.49216
295,0.1947469,0.7609538,100.11894,166.20258,149.15709,273.94336
295,0.43992028,0.65349174,262.77148,131.52893,300.32648,235.25702
295,0.98697436,0.5325878,623.4569,90.1895,639.87024,191.73161
295,0.3646298,0.5592258,218.53052,120.188995,248.19562,201.32129
295,0.49049434,1.0,300.1234,344.10736,327.70935,360.0
295,0.9908905,0.528426,628.5952,93.94594,639.7446,190.23335
296,0.49603805,0.89953274,273.02155,219.20392,361.90717,323.8318
296,0.751636,0.89615387,445.1081,235.70438,516.986,322.6154
296,0.23828845,0.89628744,110.890816,217.2438,194.11841,322.66348
296,0.50523627,0.66296244,298.4159,139.97653,348.28656,238.66647
296,0.6142891,0.6767146,376.1192,134.10883,410.17084,243.61725
296,0.38806954,0.79308987,227.6293,174.22958,269.0997,285.51236
296,0.8634693,0.8076589,526.91455,191.64392,578.3262,290.7572
296,0.43954706,0.6510759,263.00256,131.68102,299.61768,234.38731
296,0.19728339,0.762764,102.25734,166.18915,150.2654,274.59503
296,0.36189973,0.55624604,217.95085,119.84973,245.2808,200.24857
296,0.9869318,0.5326888,623.40186,89.48629,639.87085,191.76797
296,0.48878318,1.0,299.72632,344.18323,325.91614,360.0
296,0.99079454,0.5288265,628.4712,93.06771,639.74585,190.37753
297,0.23859839,0.89549863,111.02394,216.47841,194.382,322.37952
297,0.4966999,0.8977581,274.0918,216.03284,361.68408,323.19293
297,0.74219936,0.89330536,433.5033,234.03989,516.5119,321.58994
297,0.5056922,0.66281754,299.11652,140.00793,348.1695,238.61432
297,0.38957366,0.79336554,228.7883,173.86761,269.866,285.6116
297,0.19804485,0.76629,103.08238,166.33295,150.41502,275.8644
297,0.86291206,0.8077967,526.21716,191.39624,578.3103,290.80682
297,0.61390543,0.6769177,375.82794,136.4007,409.971,243.69037
297,0.43913907,0.6513617,262.7744,130.95322,299.3236,234.4902
297,0.36097783,0.5735022,217.73785,122.56326,244.31378,206.46078
297,0.98691434,0.53304344,623.3778,89.75678,639.87256,191.89563
297,0.9907608,0.5292101,628.42664,93.790085,639.7472,190.51564
298,0.73831797,0.8973611,428.26727,232.13635,516.7797,323.05
298,0.49925166,0.8968731,277.07422,214.17522,361.9679,322.87433
298,0.23938322,0.8975715,111.65431,214.10793,194.75621,323.12573
298,0.50558215,0.6610017,299.51434,139.89499,347.6308,237.9606
298,0.38950104,0.7931521,228.23792,173.63626,270.3234,285.53476
298,0.19845739,0.7688854,102.93779,166.45993,151.08766,276.79874
298,0.86249715,0.8080787,525.7954,191.37872,578.2009,290.90833
298,0.61465377,0.676135,376.01495,134.12701,410.74188,243.4086
298,0.43851852,0.6508117,262.57745,130.78952,298.72626,234.2922
298,0.35919774,0.5734414,216.84146,120.80301,242.93164,206.4389
298,0.9868739,0.5331594,623.3246,89.67767,639.874,191.93738
298,0.99080026,0.52939045,628.47675,93.363464,639.7476,190.58057
299,0.7365528,0.8978335,427.44897,229.97159,515.33856,323.22006
299,0.50132954,0.896245,279.9906,214.50417,361.71118,322.6482
299,0.23992583,0.89723694,111.83537,212.79231,195.2697,323.0053
299,0.5062384,0.66165096,300.08984,140.07063,347.89532,238.19435
299,0.19897489,0.76839083,103.182724,166.35986,151.50514,276.6207
299,0.38905734,0.79307574,227.34705,173.90063,270.64633,285.50726
299,0.86265755,0.80768764,526.0123,191.26224,578.18933,290.76755
299,0.61497235,0.6764636,376.5374,134.86424,410.6272,243.5269
299,0.43886566,0.6526531,262.34576,132.55685,299.40228,234.95511
299,0.35732898,0.57810104,216.70389,123.860596,240.67722,208.11636
299,0.9868578,0.53306264,623.30457,89.21866,639.8734,191.90256
299,0.9908062,0.52963,628.4823,92.269104,639.74963,190.66681
300,0.24101631,0.8984814,113.625336,210.9582,194.87555,323.4533
300,0.734669,0.8984464,428.95898,227.12967,511.41736,323.4407
300,0.5022974,0.8954222,281.0171,215.34863,361.92358,322.352
300,0.19824566,0.7680391,103.171844,166.06805,150.5826,276.49408
300,0.5068928,0.6618937,300.32608,140.15503,348.49667,238.28174
300,0.388803,0.7923991,225.80032,173.32996,271.86752,285.26367
300,0.86176145,0.80824816,525.0807,190.639,577.974,290.96933
300,0.6158012,0.675129,377.5102,134.34308,410.7154,243.04645
300,0.4390955,0.64985037,261.5645,134.79068,300.47772,233.94614
300,0.35432118,0.5815385,215.61298,124.5941,237.91815,209.35387
300,0.98681295,0.53328127,623.2477,89.19817,639.8729,191.98126
300,0.9908384,0.5297971,628.5231,92.781815,639.7501,190.72694
301,0.7250911,0.89622116,428.78204,224.13467,499.3346,322.63962
301,0.5018778,0.89336973,280.83954,215.1073,361.56403,321.6131
301,0.24365692,0.8969808,118.19889,207.69005,193.68198,322.9131
301,0.19639006,0.76948106,102.76344,165.7926,148.61583,277.01318
301,0.50694954,0.6603889,300.67386,139.85379,348.2216,237.73999
301,0.39181647,0.79265934,228.71545,172.75107,272.80963,285.35736
301,0.86199063,0.8081269,525.1789,190.35242,578.1691,290.9257
301,0.61601067,0.6753879,377.08978,134.89984,411.40387,243.13965
301,0.43741336,0.6506691,259.51105,133.81076,300.37805,234.24088
301,0.35464248,0.57745254,214.051,123.58646,239.89139,207.8829
301,0.9868425,0.5334742,623.2864,89.38216,639.8721,192.0507
301,0.9908341,0.5298715,628.5184,93.38084,639.7493,190.75375
301,0.05582384,0.68440205,24.772642,140.4736,46.68187,246.38474
302,0.50185287,0.8892162,280.96515,214.36307,361.40656,320.11783
302,0.7172367,0.895913,428.724,220.55138,489.339,322.5287
302,0.24890931,0.89715743,124.92021,205.13695,193.6837,322.97668
302,0.19482516,0.7717158,102.07286,165.5108,147.30334,277.8177
302,0.5069531,0.6601993,300.53867,139.70346,348.36136,237.67175
302,0.86096126,0.80972236,523.8687,188.9,578.1617,291.50006
302,0.6170115,0.67554295,376.51877,133.72006,413.25595,243.19547
302,0.39667702,0.79322875,233.8439,175.03186,273.90268,285.56235
302,0.43528247,0.64916164,257.11005,132.5268,300.0515,233.69818
302,0.35399723,0.58061826,213.71722,123.12909,239.39923,209.02258
302,0.9868417,0.53292024,623.28156,89.34788,639.8758,191.85129
302,0.6174242,0.40943426,381.7387,93.88211,408.56427,147.39633
302,0.9907346,0.5294664,628.3888,92.20929,639.75146,190.60791
303,0.7128005,0.89759225,428.28174,218.00845,484.1029,323.1332
303,0.50336945,0.8823778,280.89795,215.39687,363.41492,317.656
303,0.25682002,0.8972124,134.26968,203.83018,194.45993,322.99646
303,0.5068946,0.6598782,300.49915,140.04163,348.32593,237.55615
303,0.19283631,0.7743037,102.134705,165.64285,144.69577,278.74933
303,0.61814976,0.6736725,375.94128,135.19409,415.2904,242.5221
303,0.8615529,0.8106201,523.96857,188.10754,578.81915,291.82324
303,0.39896822,0.7923469,233.32233,174.91943,277.357,285.24487
303,0.35413486,0.5835393,213.624,121.727295,239.66864,210.07416
303,0.4312021,0.6422103,254.61563,131.98721,297.3231,231.19571
303,0.98682725,0.5331854,623.2621,89.543884,639.87683,191.94675
303,0.42624006,0.58826447,255.05864,132.34064,290.52863,211.7752
303,0.9906963,0.5296141,628.3379,91.88227,639.7534,190.66107
303,0.617272,0.40874046,379.72095,95.93239,410.3872,147.14656
304,0.7116288,0.8972756,428.19977,217.41899,482.68512,323.01923
304,0.50575286,0.88344234,281.51804,215.07161,365.8456,318.03925
304,0.2626788,0.89665276,141.00175,203.53546,195.22713,322.79498
304,0.50759345,0.66025746,301.54584,139.91748,348.17377,237.69269
304,0.19077614,0.7744903,101.70416,165.90833,142.48929,278.8165
304,0.861788,0.81101716,524.0825,187.36194,579.0061,291.9662
304,0.6232027,0.6744599,376.96014,136.02608,420.73926,242.80556
304,0.40189028,0.7917762,234.3681,175.40485,280.05145,285.03943
304,0.35482758,0.5825063,212.44788,122.062195,241.73141,209.70227
304,0.98687506,0.5329934,623.3232,89.04986,639.8769,191.87762
304,0.4228453,0.637908,250.50336,131.24426,290.73865,229.64688
304,0.990667,0.5294341,628.3025,91.7722,639.7512,190.59627
304,0.42103776,0.5626965,250.30649,130.63869,288.62186,202.57076
305,0.7120784,0.8933459,428.6638,217.4819,482.79654,321.60452
305,0.50677526,0.88353884,281.4265,218.14293,367.24585,318.07397
305,0.26503772,0.8975531,144.79391,204.45425,194.45438,323.1191
305,0.507508,0.6654488,300.27594,139.85837,349.3343,239.56155
305,0.8618778,0.8110125,523.9352,186.40186,579.26843,291.9645
305,0.19040783,0.7731807,101.62979,166.39548,142.09222,278.34506
305,0.62443244,0.6749555,377.01703,132.63528,422.25653,242.98398
305,0.4050325,0.79304284,235.00049,175.28976,283.4411,285.49542
305,0.3497684,0.5836964,207.3342,121.07614,240.36935,210.1307
305,0.98694706,0.5332321,623.416,88.91588,639.8762,191.96355
305,0.4181959,0.53303856,248.84933,131.14877,286.44144,191.89389
305,0.99051476,0.52948374,628.1078,91.31259,639.7511,190.61414
306,0.70838976,0.8896242,423.83493,219.24414,482.90396,320.2647
306,0.5061722,0.66839814,299.32935,139.45541,348.57104,240.62332
306,0.50788563,0.879688,280.0201,221.39484,370.07352,316.68768
306,0.8629304,0.808138,525.7615,184.9021,578.7894,290.9297
306,0.26535589,0.89838225,145.96713,204.10052,193.68842,323.4176
306,0.1925143,0.7741444,101.88837,166.19601,144.52994,278.692
306,0.6289972,0.6724894,381.15216,137.41089,423.9643,242.09619
306,0.41054744,0.79123044,236.54604,179.94156,288.9547,284.84296
306,0.35037902,0.5831429,204.13406,119.032104,244.35107,209.93143
306,0.4172434,0.55094975,248.50536,130.37994,285.56616,198.34192
306,0.98695546,0.5335537,623.4304,88.37591,639.87256,192.07935
306,0.9904846,0.5290533,628.074,91.39337,639.74634,190.45917
307,0.7059935,0.88760954,420.53992,222.55035,483.1317,319.53943
307,0.5084591,0.878204,280.9345,222.94102,369.89313,316.15344
307,0.50413847,0.6675333,297.4632,140.7803,347.83405,240.31198
307,0.8605491,0.8034021,523.0637,183.34338,578.4391,289.22476
307,0.417248,0.7907337,238.95554,176.09805,295.12192,284.66412
307,0.2653914,0.8936458,146.01692,204.33633,193.6841,321.7125
307,0.20058075,0.773839,102.02549,167.89783,154.71786,278.58203
307,0.62894404,0.6735183,381.56723,138.67093,423.4811,242.46658
307,0.3532436,0.5833582,205.92508,119.033875,246.22672,210.00897
307,0.4163209,0.56350714,248.91397,134.83719,283.97678,202.86258
307,0.9868843,0.5329428,623.37134,88.966515,639.8406,191.8594
307,0.6025656,0.5774134,373.90063,136.19164,397.3833,207.86882
308,0.7068181,0.8857427,421.70227,225.2254,483.0249,318.86737
308,0.50517,0.8767301,277.2493,224.09628,369.36832,315.62283
308,0.20567866,0.7746677,102.821724,168.54211,160.44696,278.88037
308,0.8565639,0.8022278,518.88135,183.48053,577.5205,288.802
308,0.26908818,0.8862162,146.80319,205.82007,197.62967,319.03784
308,0.43130502,0.78971237,249.48291,176.83194,302.58752,284.29645
308,0.50482595,0.66786194,298.78406,141.02756,347.39313,240.4303
308,0.35524377,0.5819173,207.02788,119.56218,247.68416,209.49022
308,0.6307151,0.6726544,382.8982,141.43604,424.4171,242.15558
308,0.41509733,0.5997403,248.01286,133.23895,283.3117,215.90652
308,0.6029802,0.5761834,375.1646,138.60196,396.65002,207.42603
308,0.98687327,0.53369784,623.3425,89.58115,639.8552,192.13123
308,0.63176584,0.4156937,391.72897,98.46101,416.9313,149.64973
308,0.055944316,0.685995,24.92134,142.06192,46.687386,246.95819
309,0.70960474,0.88595736,422.00354,225.62578,486.29053,318.94464
309,0.5033101,0.87785506,274.77972,226.1413,369.4572,316.02783
309,0.85558796,0.80034316,518.7568,183.73013,576.3958,288.12354
309,0.27604693,0.88043976,146.39395,207.22334,206.94614,316.9583
309,0.5049308,0.66824603,299.23218,141.58102,347.07922,240.56857
309,0.4383738,0.7896945,255.96912,180.34009,305.14935,284.29
309,0.20365039,0.7747343,102.73606,171.40005,157.93643,278.90436
309,0.63216,0.6714795,384.2237,140.87106,424.9411,241.73264
309,0.35957438,0.5822381,213.5712,122.46289,246.68399,209.60571
309,0.41639358,0.6551475,250.21767,134.82822,282.7661,235.85309
309,0.60267067,0.5800779,374.57822,141.59343,396.84024,208.82805
309,0.9869564,0.5336953,623.4453,89.07006,639.8589,192.13031
309,0.055802055,0.6855958,24.815693,139.19913,46.610935,246.81448
310,0.7149917,0.8840246,419.48068,226.87881,495.70865,318.24887
310,0.85677356,0.79921216,520.032,184.22595,576.6382,287.71637
310,0.5038454,0.87711513,275.33575,227.95645,369.58636,315.76144
310,0.28599668,0.8753325,145.59439,211.14693,220.48135,315.1197
310,0.44834834,0.78641295,258.7744,176.99411,315.11145,283.10867
310,0.20487805,0.77522635,102.46622,172.99377,159.77768,279.08148
310,0.5069293,0.6652242,301.31012,141.49072,347.5594,239.48071
310,0.6325777,0.6717769,383.72705,138.43948,425.9724,241.83969
310,0.36425048,0.582137,218.39725,123.75812,247.84338,209.5693
310,0.4092605,0.6537157,244.86197,134.61043,278.9915,235.33766
310,0.60298824,0.57673275,374.2179,143.31941,397.60706,207.6238
310,0.98691463,0.53386563,623.3876,88.77202,639.86316,192.19164
310,0.055759232,0.6852541,24.756977,138.59427,46.61484,246.69147
311,0.71478087,0.8839605,415.29965,230.46417,499.61984,318.22577
311,0.5045884,0.8771668,275.95337,229.33658,369.9198,315.78006
311,0.29005662,0.8778622,145.60571,213.53564,225.66675,316.0304
311,0.85712403,0.7978526,521.1917,185.61154,575.92706,287.22693
311,0.21843803,0.7751864,102.12419,174.41208,177.47649,279.0671
311,0.40845817,0.6573512,242.41522,131.25452,280.41125,236.64642
311,0.6331252,0.6727339,383.78638,137.17633,426.6139,242.1842
311,0.5118071,0.6613053,307.97388,141.54825,347.13922,238.06992
311,0.36443704,0.5817487,219.09195,119.83438,247.38748,209.42953
311,0.46627933,0.7486412,277.4452,174.37778,319.39233,269.51083
311,0.60343087,0.57686555,373.3673,143.82281,399.02417,207.6716
311,0.9868952,0.534063,623.3639,87.98584,639.86194,192.26266
311,0.055999734,0.68459094,24.772196,136.98788,46.907463,246.45273
312,0.71611255,0.8838491,416.91104,235.49193,499.71304,318.18567
312,0.5040056,0.87725997,275.70752,229.1781,369.41968,315.8136
312,0.29490897,0.88034827,146.00621,216.64352,231.47728,316.92538
312,0.85651124,0.79641765,521.74036,189.25204,574.594,286.71036
312,0.22433162,0.77466744,108.17939,174.31372,178.96509,278.88028
312,0.40143877,0.65972143,235.32489,130.75479,278.51672,237.49973
312,0.6350002,0.671519,385.17474,139.00494,427.62555,241.74683
312,0.51189935,0.6612341,307.95667,141.19792,347.27454,238.04427
312,0.485184,0.7101394,291.32733,175.18845,329.7082,255.65018
312,0.36436772,0.5817644,219.81271,118.05673,246.57797,209.43518
312,0.6032409,0.5852949,373.66003,143.15858,398.48834,210.70616
312,0.9868574,0.5343437,623.3168,88.733986,639.8607,192.36374
312,0.0560189,0.685102,24.766432,137.14453,46.93776,246.63672
313,0.715524,0.8832668,416.26025,237.49045,499.61047,317.97604
313,0.29799074,0.8804912,147.38618,219.63242,234.04198,316.97684
313,0.5056941,0.8781835,276.98145,229.5293,370.307,316.14606
313,0.8547207,0.7968047,520.62195,192.9974,573.42053,286.8497
313,0.40035397,0.6614737,233.40564,132.22488,279.04742,238.13052
313,0.2359349,0.7711291,116.969086,173.37177,185.02759,277.60648
313,0.6361731,0.6710982,386.2392,141.8323,428.06238,241.59534
313,0.36414522,0.58248997,220.34879,120.259125,245.75711,209.69638
313,0.60373104,0.5828418,372.77118,144.03992,400.00452,209.82306
313,0.9875418,0.5340113,624.1902,89.87055,639.8633,192.24408
313,0.50622886,0.6884167,302.1649,171.4368,345.80807,247.83002
313,0.50696576,0.5170067,308.61902,140.75754,340.29712,186.1224
314,0.71582747,0.88331,416.26965,238.02798,499.9895,317.9916
314,0.2990009,0.8813503,147.70844,221.5458,235.0127,317.2861
314,0.24732873,0.77409124,127.88042,172.98059,188.70036,278.67285
314,0.5047897,0.877601,276.13196,233.22018,369.99884,315.93637
314,0.8553729,0.7969989,520.474,198.97119,574.4033,286.91962
314,0.3982103,0.6627673,233.80423,132.61618,275.90494,238.59622
314,0.6367863,0.67181975,385.95468,139.84839,429.13174,241.8551
314,0.5205797,0.74451894,303.28436,166.34793,363.05768,268.02682
314,0.60380876,0.58364505,372.9126,143.57993,399.9626,210.11221
314,0.66339225,0.42142165,400.82483,63.934006,448.31726,151.71179
314,0.3635171,0.581389,219.89752,118.479904,245.40436,209.30003
314,0.9875895,0.53415513,624.2473,90.38435,639.8672,192.29585
314,0.50047046,0.66351646,300.9685,140.9189,339.63367,238.86592
314,0.50586057,0.5461902,307.48535,140.33118,340.01617,196.62848
314,0.6559826,0.40826127,402.2198,62.722534,437.43793,146.97406
315,0.7149994,0.8835349,416.11182,236.6718,499.0874,318.07257
315,0.24967012,0.77379644,130.59035,173.68112,188.98741,278.5667
315,0.50504893,0.8781682,276.56903,229.15862,369.89362,316.14056
315,0.3019709,0.8813726,147.79428,219.54033,238.72845,317.29413
315,0.855584,0.7952365,521.18695,203.18459,573.96063,286.28516
315,0.3963667,0.66222864,233.92355,133.31345,273.4258,238.40231
315,0.6368817,0.6717371,385.19775,139.96182,430.0108,241.82535
315,0.54152614,0.74982387,323.09534,167.16586,370.0581,269.93658
315,0.49894023,0.6586307,299.29642,140.80829,339.34708,237.10706
315,0.6042172,0.57510376,373.81677,143.52338,399.58118,207.03735
315,0.9876627,0.53409374,624.3363,89.88093,639.87195,192.27374
315,0.36342284,0.58066005,220.18143,116.95952,244.99982,209.03761
315,0.36800116,0.58214766,224.41272,127.86305,246.62878,209.57317
316,0.712942,0.8844651,415.45847,235.68234,497.10727,318.40744
316,0.3059537,0.8767302,151.2203,218.83917,240.40045,315.62286
316,0.5052044,0.87623984,276.50836,226.75288,370.15326,315.44635
316,0.85505164,0.7972368,519.88293,207.40741,574.5831,287.00525
316,0.24726951,0.77073526,130.3757,171.33304,186.12927,277.4647
316,0.39599505,0.6606833,234.98141,134.47711,271.89224,237.84598
316,0.6382844,0.67107874,385.55255,143.33597,431.45148,241.58835
316,0.49923402,0.66869855,298.65942,140.85712,340.3601,240.73148
316,0.5492012,0.7480867,330.39978,166.48615,372.57776,269.31122
316,0.9876602,0.533789,624.33765,90.25455,639.86743,192.16403
316,0.6058467,0.5761687,374.81226,140.58347,400.6715,207.42075
317,0.69585687,0.88513786,409.76495,237.47769,480.93182,318.64963
317,0.31085885,0.8743357,153.12402,218.35963,244.7753,314.76086
317,0.5024226,0.87635076,275.71722,226.16187,367.38367,315.48627
317,0.5090364,0.669548,298.79858,140.37296,352.76807,241.03726
317,0.8559516,0.7953176,521.491,208.25275,574.127,286.31433
317,0.24587393,0.7579641,129.26361,170.86633,185.45502,272.86707
317,0.39262685,0.66006285,233.41922,133.83408,269.14316,237.62262
317,0.56113136,0.73932266,335.3611,164.1305,382.887,266.15616
317,0.6373192,0.67312133,385.12323,140.40298,430.64532,242.32367
317,0.9875978,0.5340119,624.2551,89.99121,639.8701,192.2443
318,0.5073125,0.66754395,299.1781,140.54465,350.1819,240.31583
318,0.681773,0.8867847,393.34076,239.59753,479.32867,319.2425
318,0.31000847,0.880023,150.965,219.69843,245.84583,316.8083
318,0.24804373,0.7600511,132.29358,172.03787,185.2024,273.61838
318,0.85638106,0.7961131,521.69653,208.07886,574.4712,286.6007
318,0.5025999,0.87694025,275.6203,226.91388,367.70758,315.6985
318,0.57919896,0.73400724,348.18832,165.66815,393.18637,264.2426
318,0.3883884,0.66200477,229.96994,133.08887,267.1672,238.32172
318,0.6349789,0.6710743,384.5651,140.6543,428.20786,241.58673
318,0.98748577,0.5341903,624.11145,89.03688,639.87036,192.30852
318,0.502483,0.8771348,275.55386,270.54904,367.62436,315.76852
318,0.502715,0.7581719,305.58905,228.23492,337.88617,272.9419
319,0.6810382,0.8860102,392.6098,242.43999,479.11908,318.96368
319,0.31150427,0.8826645,152.5144,221.83539,246.21106,317.75922
319,0.5075223,0.6674919,299.3758,140.11917,350.25275,240.29709
319,0.24713096,0.76286054,129.80145,175.4007,186.52618,274.6298
319,0.85748494,0.7953822,520.4147,205.54314,577.166,286.3376
319,0.502141,0.8771639,275.15808,228.89384,367.5824,315.779
319,0.3868451,0.66452706,228.86624,133.61856,266.2955,239.22974
319,0.6035121,0.7312241,357.78638,166.59866,414.7091,263.2407
319,0.6379518,0.67149335,390.0188,139.17639,426.5595,241.73761
319,0.98750734,0.5334834,624.14404,89.40903,639.86536,192.05402
319,0.69088256,0.54168415,408.91016,101.4436,475.41956,195.00629
320,0.31356946,0.883038,154.26698,222.09373,247.10191,317.89368
320,0.67984277,0.8874627,390.54028,237.4358,479.65845,319.48657
320,0.24815011,0.763354,129.59375,181.47998,188.03839,274.80743
320,0.5081531,0.6689706,300.31592,140.28845,350.12006,240.8294
320,0.8596822,0.7962383,519.74335,200.75699,580.64984,286.64578
320,0.3859797,0.6645224,228.0098,133.27246,266.04422,239.22806
320,0.5031924,0.8775006,275.6701,230.47273,368.4162,315.9002
320,0.6063479,0.72801113,361.68826,167.3609,414.43704,262.084
320,0.9875067,0.53306687,624.14197,88.56444,639.8666,191.90407
320,0.63447046,0.64126015,389.51947,137.49983,422.60272,230.85365
320,0.67247033,0.55210197,411.8763,120.98044,448.8857,198.75671
320,0.6335041,0.5839064,391.15442,136.22992,419.73083,210.2063
321,0.67499745,0.88865846,388.9074,233.52849,475.0893,319.91705
321,0.31643182,0.88454545,156.11719,220.87943,248.91553,318.43637
321,0.50007105,0.87860245,273.67447,229.80858,366.41647,316.29688
321,0.86217153,0.7973924,518.57495,195.45111,585.00464,287.06128
321,0.24864852,0.7629457,129.35442,181.79282,188.9157,274.66046
321,0.5093082,0.66744256,302.0275,139.41415,349.887,240.27933
321,0.38515306,0.66479117,227.40317,133.09741,265.59274,239.32483
321,0.6074249,0.72833437,367.69263,168.65036,409.81128,262.20038
321,0.9875563,0.5326414,624.20557,89.02176,639.86646,191.75092
321,0.6869675,0.56220853,412.72864,125.42796,466.58972,202.39507
321,0.6326896,0.570236,390.7685,135.48969,419.07416,205.28497
321,0.6371313,0.6480896,390.42142,136.23627,425.1066,233.31226
321,0.49049503,1.0,299.53778,346.29407,328.29584,360.0
322,0.3143006,0.8827091,153.9762,217.38744,248.32858,317.77527
322,0.24691848,0.7613287,129.17508,179.6531,186.88058,274.07834
322,0.65721434,0.8898021,378.3704,227.89297,462.86398,320.32877
322,0.49203482,0.87911487,268.62958,227.29959,361.175,316.48135
322,0.50973415,0.66823584,302.53296,139.56473,349.92676,240.56491
322,0.3839838,0.66226685,226.1344,133.26375,265.36484,238.41606
322,0.88104564,0.7883726,539.22876,192.11584,588.50964,283.81412
322,0.6810969,0.5698778,411.7126,127.77704,460.09143,205.156
322,0.63418883,0.562546,391.07184,134.61874,420.68988,202.51657
322,0.62065446,0.68420184,377.81485,166.1846,416.62283,246.31265
322,0.98760635,0.5331445,624.26904,89.431366,639.86707,191.932
322,0.48943073,1.0,299.96802,345.3932,326.5033,360.0
323,0.3016282,0.8715808,153.49377,210.76486,232.59033,313.76907
323,0.47796875,0.8819339,260.76956,225.79918,351.03043,317.49622
323,0.37670442,0.6642745,218.18115,134.8251,264.00052,239.13882
323,0.5070198,0.66680044,299.7989,139.56314,349.18646,240.04816
323,0.6396524,0.89162344,378.76746,228.12244,439.9876,320.98444
323,0.2497457,0.7601324,132.59442,176.43866,187.08008,273.64764
323,0.88906145,0.8018685,547.6313,187.05225,590.3674,288.67267
323,0.62828404,0.67329186,383.13055,162.94281,421.073,242.38507
323,0.9863825,0.53311276,622.71704,88.34075,639.85254,191.9206
323,0.49002552,1.0,300.52914,345.6162,326.70352,360.0
324,0.46620113,0.88602704,257.5243,226.1914,339.21313,318.96973
324,0.37158576,0.6650676,213.11713,136.98557,262.51263,239.42435
324,0.50661445,0.6667109,299.4397,138.63394,349.0268,240.01593
324,0.29324523,0.868048,153.51448,206.12674,221.8394,312.49728
324,0.6301109,0.89647067,379.79434,232.0102,426.74765,322.72943
324,0.89477384,0.80283415,552.688,184.61923,592.62256,289.0203
324,0.25087756,0.76045823,134.6189,172.1951,186.5044,273.76495
324,0.68787205,0.5729654,417.5202,138.01163,462.956,206.26755
324,0.98644096,0.5330604,622.7934,88.20252,639.851,191.90173
324,0.49168906,1.0,301.6275,345.88156,327.7345,360.0
324,0.3497766,0.88278574,214.16576,304.8723,233.5483,317.80286
324,0.9355793,0.4081337,589.2084,126.8721,608.3331,146.92813
324,0.6358569,0.67288816,389.61658,188.3431,424.28027,242.23973
325,0.5066151,0.66699433,299.1638,138.38461,349.30356,240.11795
325,0.28282443,0.87437,148.74353,204.37408,213.27173,314.7732
325,0.62179357,0.90977013,374.5079,226.4346,421.38785,327.51724
325,0.36915737,0.66505045,211.33365,138.04195,261.18777,239.41817
325,0.90521574,0.8126525,554.24805,183.47543,604.4281,292.5549
325,0.45084324,0.8888817,251.26454,233.26205,325.81482,319.9974
325,0.25054663,0.7645631,135.15793,172.93094,185.54178,275.2427
325,0.6833986,0.57151395,413.0703,128.64139,461.67993,205.74503
325,0.64918965,0.7176808,388.52158,164.47641,442.4412,258.36508
325,0.9865201,0.5330501,622.9013,89.945885,639.8444,191.89804
325,0.63142216,0.48200148,389.74896,127.9523,418.47137,173.52054
325,0.49221143,1.0,301.70496,346.08072,328.32568,360.0
325,0.9347664,0.40576917,589.02405,127.02637,607.4769,146.0769
325,0.65563667,0.71664387,397.26318,179.7915,441.95178,257.9918
325,0.63493866,0.53262573,390.50354,127.97827,422.21796,191.74527
326,0.5061555,0.66757095,298.52167,138.84879,349.35736,240.32553
326,0.36780852,0.66762364,211.1023,137.10309,259.6926,240.34451
326,0.2720597,0.8775825,141.83476,204.33168,206.40166,315.9297
326,0.90868646,0.8162306,553.6626,182.51828,609.45605,293.84302
326,0.614365,0.91764855,369.24536,227.95773,417.14185,330.3535
326,0.3999316,0.89036,228.71933,242.50146,283.19315,320.5296
326,0.25206938,0.7654174,135.49377,169.33163,187.15503,275.55026
326,0.6785005,0.5695421,408.61688,114.83485,459.8637,205.03516
326,0.6569945,0.71702933,394.28833,170.56036,446.66467,258.13055
326,0.42563742,0.887143,227.8992,242.56198,316.91672,319.3715
326,0.9864885,0.5333469,622.8595,90.184875,639.8458,192.00488
326,0.49269542,1.0,301.60144,346.4328,329.0487,360.0
326,0.26230386,0.73520255,148.0267,168.30164,187.72223,264.6729
327,0.5068716,0.6673909,298.53918,139.55789,350.25647,240.26071
327,0.3676334,0.66438234,211.19223,138.19125,259.3785,239.17764
327,0.6161847,0.9384385,372.93918,230.1539,415.77725,337.83786
327,0.39901462,0.8933704,229.25418,253.74042,281.48453,321.61334
327,0.91331655,0.81737113,558.4353,179.85104,610.60986,294.2536
327,0.2660068,0.8764538,137.08386,205.40202,203.40485,315.52338
327,0.6541251,0.7171336,391.78156,172.37659,445.4986,258.1681
327,0.67793727,0.56839097,414.8233,147.68163,452.9364,204.62074
327,0.98660165,0.532712,623.0011,89.72005,639.849,191.77632
327,0.49350387,1.0,301.9179,345.35095,329.76703,360.0
327,0.63173753,0.63034743,386.8086,137.75351,421.81543,226.92508
327,0.27765226,0.6345478,156.92001,168.54672,198.47488,228.43723
328,0.5092718,0.666114,298.60443,139.9495,353.2635,239.80103
328,0.36861202,0.6642112,211.29712,137.70697,260.52628,239.11603
328,0.26373973,0.87609726,134.51016,202.3762,203.07669,315.39502
328,0.66040576,0.71705246,399.20825,172.65012,446.11108,258.1389
328,0.6109371,0.94380414,365.85132,231.30917,416.1482,339.7695
328,0.92140675,0.818202,565.8711,179.90842,613.52954,294.55273
328,0.62798667,0.6418202,385.52838,141.38284,418.29456,231.05527
328,0.42150927,0.89577323,233.0299,262.53293,306.50195,322.47836
328,0.28595474,0.62933636,164.13565,169.95465,201.88641,226.5611
328,0.98651725,0.5334618,622.89655,90.0775,639.8455,192.04625
328,0.40297335,0.89688796,232.72993,262.45816,283.076,322.87967
328,0.49291468,1.0,301.54266,346.35443,329.38812,360.0
328,0.37595612,0.7750254,234.71837,263.71735,246.50548,279.00916
329,0.51402867,0.66619,298.4713,140.54544,359.48535,239.8284
329,0.3692168,0.66598046,211.09256,137.46951,261.50494,239.75296
329,0.602751,0.9406805,362.06647,230.1514,409.45483,338.645
329,0.6730753,0.7177775,410.0327,172.09274,451.50366,258.3999
329,0.93445855,0.8198571,577.725,179.63174,618.38196,295.14856
329,0.24145856,0.85919374,133.41028,196.8221,175.65668,309.30975
329,0.41490936,0.9224886,226.2877,272.6054,304.79626,332.0959
329,0.98628366,0.5325679,622.6031,90.478775,639.84,191.72444
329,0.62832224,0.6571414,386.84808,141.29471,417.40436,236.57089
329,0.27675444,0.7790148,159.94174,210.77286,194.30392,280.44534
329,0.28654167,0.63441837,166.54726,171.04079,200.22609,228.39061
329,0.39806488,0.9186465,226.47778,273.58835,283.04526,330.71274
329,0.4932459,1.0,301.2198,346.34665,330.13495,360.0
329,0.6287182,0.6472543,386.29956,173.08032,418.45972,233.01154
330,0.59249914,0.9389151,357.4859,224.10434,400.91296,338.00943
330,0.5165944,0.6671498,298.53394,142.76334,362.7069,240.17392
330,0.36912817,0.6662842,210.8458,136.48737,261.63828,239.8623
330,0.40665808,0.92019045,225.74884,272.7202,294.7735,331.26855
330,0.23071165,0.86379904,123.336494,191.24782,171.97443,310.96765
330,0.95655125,0.8224561,589.3296,180.27289,635.056,296.0842
330,0.6761261,0.71889985,411.11847,173.61578,454.32294,258.80396
330,0.28469703,0.78082603,163.4207,169.93402,200.9915,281.09738
330,0.6310115,0.64545304,387.14893,138.25153,420.54578,232.3631
330,0.98656225,0.5315632,622.96387,91.259674,639.8358,191.36276
330,0.4936536,1.0,300.2638,346.22974,331.6128,360.0
331,0.5195087,0.66684175,299.18134,142.82425,365.78986,240.06302
331,0.36945513,0.6663015,210.92014,133.55542,261.98242,239.86853
331,0.96301126,0.82605255,592.9428,185.68878,639.7116,297.3789
331,0.58368576,0.92039526,354.49506,219.8574,392.62268,331.3423
331,0.2754665,0.7822971,151.17868,168.0773,201.41843,281.62695
331,0.68470573,0.73283666,417.39423,171.94565,459.0291,263.8212
331,0.22023177,0.8378055,114.48873,186.67023,167.40793,301.61
331,0.39230287,0.9192476,220.77979,271.9333,281.3679,330.92914
331,0.6340309,0.66647977,387.40082,140.49773,424.1587,239.93272
331,0.39203522,0.9187159,220.83963,272.20734,280.96545,330.73773
331,0.98641336,0.53128576,622.771,90.91473,639.83813,191.26288
331,0.615167,0.468283,382.12677,107.31067,405.287,168.58188
331,0.49404162,1.0,300.8095,346.52435,331.56378,360.0
331,0.65484077,0.47189713,405.55518,123.68619,432.641,169.88297
332,0.5238453,0.66413015,299.91852,144.75116,370.60345,239.08685
332,0.3712167,0.6640356,211.8852,133.16977,263.2722,239.05283
332,0.57546437,0.9216234,349.63095,219.20288,386.9634,331.78442
332,0.68862295,0.7500073,418.7564,170.56543,462.68097,270.00262
332,0.6332342,0.67047757,384.96997,141.58054,425.56982,241.37192
332,0.28319055,0.78173864,157.89917,167.96057,204.58472,281.4259
332,0.38795826,0.92231846,216.79828,269.6837,279.7883,332.03464
332,0.9645735,0.8221072,594.97424,183.13364,639.6798,295.9586
332,0.20018175,0.8415947,102.01228,184.48071,154.22035,302.9741
332,0.98617727,0.52957803,622.4607,91.67091,639.8462,190.64809
332,0.657532,0.46955678,406.97214,123.23291,434.6688,169.04044
332,0.49821624,1.0,306.04318,346.4463,331.6736,360.0
333,0.52318305,0.6620897,302.04324,144.475,367.63107,238.3523
333,0.56842405,0.920145,341.61865,220.9707,385.9641,331.2522
333,0.37574846,0.66487086,216.80179,134.67767,264.15622,239.35352
333,0.6956414,0.747711,423.1499,172.52463,467.27112,269.17596
333,0.6321366,0.67174774,383.61526,140.9798,425.51956,241.8292
333,0.1788986,0.85436463,83.46376,184.3641,145.52644,307.57126
333,0.96563566,0.8209789,596.30756,177.56134,639.7061,295.5524
333,0.29853702,0.7797559,173.93341,166.8627,208.19397,280.71213
333,0.37825808,0.9176108,212.02603,267.61346,272.14432,330.3399
333,0.60292643,0.5615097,367.08624,104.898125,404.6596,202.1435
333,0.98684675,0.52120537,623.3115,91.41434,639.8523,187.63394
333,0.4997282,1.0,308.04443,345.88153,331.60767,360.0
333,0.6004139,0.52458334,373.8258,131.63531,394.70398,188.85
333,0.60262805,0.5156465,374.38992,106.746,396.97397,185.63275
334,0.5321662,0.661851,313.50146,143.7508,367.67126,238.26636
334,0.55472076,0.91334534,325.8386,216.09198,384.204,328.80432
334,0.7068111,0.7514306,429.20053,172.31873,475.5176,270.515
334,0.63256407,0.6750174,383.25433,141.28069,426.42767,243.00627
334,0.30534843,0.7791104,177.23407,167.52069,213.61191,280.47974
334,0.38158906,0.66593987,223.33115,133.11023,265.10284,239.73834
334,0.15619543,0.8554751,67.05737,187.9299,132.87277,307.97104
334,0.9721001,0.8309418,604.6041,177.22833,639.68396,299.13904
334,0.3725729,0.9202168,213.32153,269.718,263.57178,331.27805
334,0.59572095,0.5621265,366.58966,107.097336,395.93317,202.36555
334,0.37188053,0.92126244,212.56781,269.4911,263.43927,331.65448
334,0.98693573,0.52747524,623.43805,91.795616,639.83966,189.89108
334,0.5926943,0.5545994,366.39755,126.342316,392.25113,199.65579
334,0.500192,1.0,308.6388,345.68655,331.60693,360.0
334,0.66380847,0.47400376,409.0375,128.49487,440.6373,170.64136
334,0.9814037,0.7645429,616.4282,182.80908,639.76855,275.23544
334,0.9904354,0.51653284,628.02075,91.5098,639.7366,185.95181
335,0.71885395,0.7579,428.16144,172.63916,491.97162,272.844
335,0.5366557,0.670424,316.503,143.61826,370.41632,241.35263
335,0.13992788,0.8555921,54.184265,189.03384,124.923416,308.01315
335,0.5523778,0.89722323,327.15805,213.98668,379.88553,323.00037
335,0.63412124,0.67123455,385.63757,139.8854,426.0376,241.64444
335,0.3830036,0.6662084,225.33594,133.94821,264.90866,239.83502
335,0.31246066,0.7820762,176.5874,167.71008,223.36224,281.54742
335,0.98405474,0.83808523,619.7507,178.56363,639.8394,301.7107
335,0.3735686,0.9252848,219.0448,272.0039,259.123,333.10254
335,0.58654726,0.55748427,362.02377,126.49304,388.75674,200.69434
335,0.58905995,0.5572948,360.58563,109.64169,393.41113,200.62613
335,0.98721474,0.51562566,623.78687,91.55236,639.848,185.62524
335,0.5005389,1.0,309.0985,345.98392,331.59125,360.0
335,0.1896789,0.59704804,108.79393,180.72252,133.99507,214.9373
336,0.7323884,0.76892895,433.46136,173.21988,503.99573,276.81442
336,0.12772653,0.8537192,50.276047,189.03122,113.2139,307.3389
336,0.5380806,0.6715048,317.2605,145.16025,371.48267,241.74173
336,0.3184474,0.7820396,176.69745,167.87082,230.91522,281.53424
336,0.5378545,0.88465863,318.14197,209.62996,370.31177,318.4771
336,0.38164434,0.6659928,224.84073,134.06337,263.66403,239.7574
336,0.63619435,0.6730623,387.6098,141.49146,426.71893,242.30243
336,0.36889902,0.93416715,212.4403,272.6803,259.75043,336.30017
336,0.5845308,0.5567493,360.90793,128.229,387.29147,200.42975
336,0.9861258,0.53660244,622.36597,90.927826,639.8751,193.17688
336,0.68700725,0.5589297,421.8399,131.0752,457.52936,201.21469
336,0.5001027,1.0,309.12335,345.96704,331.00812,360.0
336,0.9863882,0.7768459,622.7414,179.66492,639.8355,279.66452
337,0.53932226,0.6696187,319.62805,144.44061,370.70447,241.06274
337,0.32541484,0.7819519,180.99185,167.89038,235.53915,281.5027
337,0.75208426,0.77623725,456.20966,177.57736,506.4582,279.4454
337,0.11580644,0.85065264,50.981224,187.86752,97.251015,306.23495
337,0.5300599,0.8838321,317.35895,203.33434,361.11768,318.17957
337,0.38203314,0.6657953,225.5477,133.25992,263.4547,239.68631
337,0.6356602,0.6756352,387.45538,142.79605,426.18964,243.22867
337,0.57757646,0.5576838,350.89795,103.292046,388.3999,200.76617
337,0.3717109,0.93369055,213.0163,268.95844,262.77365,336.1286
337,0.68607295,0.564831,421.3511,127.24245,456.82224,203.33916
337,0.9859188,0.5340978,622.1013,90.77762,639.87476,192.2752
337,0.5005453,1.0,309.77136,345.9234,330.92664,360.0
337,0.9680551,0.6838088,599.3198,90.66708,639.7908,246.17117
338,0.10811353,0.85483515,48.365932,185.12236,90.01938,307.74066
338,0.755839,0.77663517,460.06384,179.55954,507.41003,279.58865
338,0.36861053,0.9341323,208.2912,264.9069,263.53027,336.28763
338,0.3269208,0.7699362,183.83725,168.32529,234.62137,277.17703
338,0.63568604,0.67548496,387.64215,141.8902,426.03595,243.17459
338,0.38066798,0.66122997,224.66397,133.7904,262.59103,238.04279
338,0.5265683,0.8819531,312.86597,199.25117,361.14148,317.5031
338,0.54199755,0.6687256,322.86298,145.02737,370.89392,240.74121
338,0.68947154,0.5609819,420.8123,127.94293,461.71127,201.95349
338,0.57711715,0.5547128,350.97546,102.87369,387.7345,199.6966
338,0.98578393,0.53436005,621.93066,90.77054,639.8728,192.36963
338,0.9643711,0.68367004,594.62085,91.949646,639.7742,246.12122
339,0.09053554,0.8545532,33.664314,184.7788,82.22117,307.63916
339,0.7611507,0.7834443,463.81244,179.1047,510.46045,282.03995
339,0.6355883,0.67549795,387.27118,142.29156,426.2818,243.17926
339,0.36316895,0.93388623,203.87646,259.62018,260.9798,336.19904
339,0.52411216,0.87840116,308.99548,196.02551,361.8681,316.22443
339,0.54646987,0.66579795,328.37604,145.44266,371.1054,239.68726
339,0.37766466,0.6649736,220.59778,134.38199,262.813,239.3905
339,0.69168013,0.56351525,422.5207,129.66621,462.8299,202.8655
339,0.9859214,0.53247696,622.10657,90.41623,639.8728,191.69171
339,0.57311046,0.55435884,348.8427,102.8244,384.7387,199.56918
339,0.33681387,0.73660624,196.9892,171.86432,234.13254,265.17825
339,0.96345794,0.68446624,593.45483,90.18259,639.77136,246.40784
340,0.76693565,0.79508317,467.23328,177.79837,514.44434,286.22995
340,0.63602287,0.6749465,387.8555,143.0234,426.25375,242.98074
340,0.5182115,0.8721703,306.23914,196.80304,357.0716,313.98132
340,0.35982364,0.9341142,202.20743,247.42065,258.36685,336.28113
340,0.07762774,0.85543907,21.535986,182.14702,77.82752,307.95807
340,0.5471717,0.66873974,328.58673,144.65454,371.79303,240.7463
340,0.38003126,0.66364837,223.85107,134.28497,262.58893,238.91342
340,0.69214743,0.56370765,422.49683,131.90826,463.4519,202.93475
340,0.9859334,0.5335645,622.1146,90.57785,639.8801,192.08322
340,0.35659003,0.7132312,214.13681,169.14444,242.29843,256.76324
340,0.9644054,0.68520355,594.67816,90.1608,639.7608,246.67328
340,0.5673663,0.44781053,347.66553,104.24976,378.56335,161.21179
341,0.77201474,0.8056273,468.5785,181.73547,519.6004,290.02582
341,0.06658519,0.8542533,13.19178,185.82214,72.03726,307.5312
341,0.6385996,0.6750388,387.8769,143.8595,429.53058,243.01398
341,0.5148278,0.8638509,306.8871,197.51727,352.09247,310.98633
341,0.5492057,0.67061037,328.6778,145.35144,374.30554,241.41974
341,0.3535022,0.93496245,201.6297,254.90741,250.85315,336.5865
341,0.6907989,0.5656194,420.68323,132.12329,463.5393,203.62299
341,0.37979618,0.66231495,224.52762,133.78708,261.61148,238.43338
341,0.98585194,0.533869,622.0131,90.6981,639.8774,192.19284
341,0.36913544,0.7236188,220.45433,169.99878,252.03902,260.50278
341,0.96406,0.6883611,594.2246,91.19412,639.7722,247.81
341,0.056608785,0.64353454,25.936808,141.39624,46.522438,231.67242
341,0.5585782,0.4416893,343.5163,104.16495,371.4638,159.00815
341,0.9896925,0.52647716,627.0602,92.23557,639.7462,189.53177
342,0.06182936,0.8511935,10.200216,186.4083,68.94136,306.42966
342,0.64460593,0.6752261,387.74463,144.25848,437.35095,243.08139
342,0.78237134,0.8057454,472.43097,183.43121,529.00433,290.06836
342,0.51427364,0.85938144,307.21655,195.88109,351.0537,309.37732
342,0.34802067,0.9338572,201.33011,241.98146,244.13635,336.1886
342,0.5503371,0.6702228,330.99542,145.58734,373.43604,241.28021
342,0.6898177,0.5620809,420.71585,130.79181,462.25082,202.34912
342,0.9858662,0.5343031,622.0343,90.2565,639.8744,192.34912
342,0.056631565,0.6006365,25.990465,142.11249,46.49794,216.22913
342,0.37926918,0.6623021,223.64835,134.50351,261.81622,238.42874
342,0.96430457,0.68606824,594.5358,89.69656,639.774,246.98456
342,0.37554026,0.75277007,220.67569,168.46133,260.01584,270.99722
342,0.4924507,1.0,302.36896,345.47174,327.96796,360.0
342,0.9896757,0.5278085,627.0359,91.6756,639.749,190.01105
343,0.64794165,0.67625755,387.62775,143.8775,441.73755,243.45273
343,0.05764661,0.8514661,8.953918,184.17715,64.83374,306.5278
343,0.7929853,0.81388956,480.15906,183.88867,534.8622,293.00024
343,0.34743118,0.9256146,202.66779,229.86273,242.04413,333.22125
343,0.5108011,0.85615015,307.9486,194.1436,345.87677,308.21405
343,0.55083334,0.6703778,331.50128,145.96155,373.56537,241.336
343,0.6894061,0.56134516,420.7348,131.27621,461.70502,202.08426
343,0.9858786,0.5341897,622.05383,90.47144,639.8707,192.30829
343,0.05673011,0.5728141,26.25877,137.8587,46.35577,206.21307
343,0.38976842,0.73569673,226.80417,158.83527,272.0994,264.85083
343,0.9652441,0.685716,595.7356,90.29938,639.77686,246.85776
343,0.76241153,0.6094425,480.18866,203.5989,495.69812,219.39929
343,0.5513683,0.42862573,336.6207,104.49701,369.1307,154.30527
343,0.49103576,1.0,301.65778,345.21887,326.86798,360.0
343,0.3569963,0.46476364,213.10606,112.46885,243.8492,167.31491
344,0.64788705,0.67667365,387.3319,143.09077,441.9635,243.60252
344,0.053840816,0.8483315,8.625343,182.742,60.2909,305.39935
344,0.7979333,0.8204111,485.12238,183.51419,536.23224,295.348
344,0.508345,0.8546787,307.12762,193.74365,343.55402,307.68433
344,0.5483629,0.6722792,329.2893,146.00104,372.61523,242.02051
344,0.34913403,0.92066514,204.22104,212.81117,242.6705,331.43945
344,0.40022835,0.7534579,229.21976,169.92801,283.07254,271.24484
344,0.056952722,0.56084114,26.375973,137.4786,46.52351,201.9028
344,0.68996465,0.56156623,421.8506,130.83311,461.30414,202.16383
344,0.98591673,0.5341162,622.10156,90.55499,639.8718,192.28183
344,0.37580967,0.5682068,220.56378,135.20319,260.4726,204.55444
344,0.9641863,0.6858097,594.38324,91.103035,639.7752,246.89148
344,0.5521875,0.4428121,337.5214,103.36738,369.2786,159.41235
344,0.4909335,1.0,302.3529,344.4983,326.042,360.0
345,0.6442567,0.6783017,384.6067,143.05005,440.04187,244.1886
345,0.5035796,0.8476071,305.3791,194.13744,339.20282,305.13855
345,0.049166534,0.84797394,9.400936,182.73792,53.532227,305.27063
345,0.8007687,0.82702816,488.3039,182.36905,536.68,297.73013
345,0.40719017,0.7558072,235.68277,165.32492,285.52066,272.0906
345,0.54628485,0.6708819,326.8957,146.29999,372.34894,241.51749
345,0.35056442,0.90843946,203.87302,202.58392,244.84946,327.0382
345,0.69041806,0.5605183,421.21832,129.87503,462.51678,201.78659
345,0.98590153,0.53398085,622.0766,90.418015,639.8774,192.23311
345,0.3790012,0.5655737,226.66245,137.26779,258.45908,203.60654
345,0.057195015,0.5529465,26.466087,137.29524,46.74353,199.06075
345,0.3559956,0.5628732,211.19736,112.84576,244.47702,202.63434
345,0.964522,0.6856298,594.81757,90.857124,639.77057,246.82672
345,0.5509508,0.44019157,336.31885,103.20426,368.8982,158.46896
345,0.9898863,0.52870303,627.30176,91.49453,639.7527,190.3331
346,0.6422866,0.6785224,381.5827,143.84299,440.54413,244.26807
346,0.5013854,0.8448562,304.10297,191.2958,337.67035,304.14822
346,0.046415843,0.8464781,9.948532,182.4653,49.463745,304.73212
346,0.5476529,0.6708457,328.41803,146.05457,372.5777,241.50446
346,0.80317897,0.8259432,491.44528,181.44354,536.6238,297.33954
346,0.41124052,0.7569225,238.49957,163.82016,287.8883,272.4921
346,0.69234836,0.55944437,422.53305,130.72966,463.67288,201.39998
346,0.3439269,0.90257025,202.88406,212.04689,237.34238,324.9253
346,0.9858591,0.5346846,622.0263,90.41131,639.87335,192.48645
346,0.37695092,0.6374841,223.53351,136.12741,258.96365,229.49426
346,0.96444607,0.6855238,594.72595,91.051544,639.765,246.78857
346,0.35719714,0.5642622,212.65369,113.78405,244.55865,203.1344
346,0.057111688,0.55056816,26.375317,138.29834,46.727642,198.20453
346,0.5504191,0.43363428,336.26993,103.634186,368.2665,156.10834
346,0.35706672,0.46643168,213.25467,114.487915,243.79074,167.9154
346,0.9898718,0.5287319,627.28455,91.332184,639.75134,190.34348
347,0.64184064,0.6792034,380.95117,145.63959,440.60486,244.51321
347,0.50106657,0.83317685,304.18378,187.85944,337.18146,299.94366
347,0.046584368,0.8483517,10.5870285,182.58142,49.040962,305.40662
347,0.339823,0.899408,197.70584,201.91138,237.26761,323.78687
347,0.5476896,0.66962,328.0,146.52872,373.04272,241.0632
347,0.42580003,0.756558,255.07924,160.4321,289.94482,272.36087
347,0.69377184,0.5601826,424.67224,128.82613,463.3557,201.66573
347,0.8060813,0.8259392,495.47388,176.46811,536.3102,297.3381
347,0.9860018,0.5347768,622.20667,90.37975,639.8756,192.51965
347,0.35510617,0.5630354,210.35596,113.73605,244.17993,202.69275
347,0.9642927,0.68648267,594.5394,90.86617,639.75525,247.13376
347,0.3816056,0.65682757,226.61124,137.5707,261.84393,236.45793
347,0.37934303,0.5943822,227.1727,136.40714,258.38638,213.9776
347,0.05662047,0.5512229,25.7753,142.63574,46.698906,198.44025
347,0.49125606,1.0,300.56125,345.0263,328.2465,360.0
347,0.80268353,0.66504973,494.0515,176.302,533.3834,239.41791
347,0.98999596,0.5288569,627.44116,91.355576,639.75366,190.38847
348,0.6417861,0.6795154,380.78323,146.31122,440.70297,244.62555
348,0.33716372,0.9043192,192.74721,204.06696,238.82234,325.55493
348,0.5016645,0.8257422,304.11023,186.33151,338.0204,297.26718
348,0.046346862,0.8468433,10.4133,182.72845,48.910683,304.8636
348,0.5491072,0.67171156,327.6628,145.21869,375.19437,241.81616
348,0.8074816,0.8272856,497.21588,171.81555,536.36053,297.8228
348,0.4348608,0.75733787,260.42035,158.95633,296.20148,272.64163
348,0.38099432,0.6597191,225.488,135.78056,262.18472,237.49889
348,0.694543,0.5601429,425.4751,126.937744,463.53998,201.65143
348,0.9859783,0.5349746,622.1725,90.348785,639.87976,192.59085
348,0.3528201,0.55697465,207.62091,113.1414,243.9888,200.51088
348,0.96459734,0.68628234,594.92554,90.15756,639.75903,247.06165
348,0.3476264,0.55278736,207.93779,129.57004,237.02397,199.00345
348,0.6801076,0.47230673,424.51416,128.08682,446.02356,170.03043
348,0.99000186,0.5292064,627.4463,91.29059,639.7561,190.51431
349,0.64201367,0.67928076,380.4682,145.58746,441.30933,244.54108
349,0.33653587,0.90096366,191.68039,203.76611,239.08551,324.34692
349,0.4414688,0.7556313,265.81836,157.08148,299.26172,272.02728
349,0.50371313,0.8247661,303.9613,186.14932,340.7915,296.9158
349,0.3803265,0.66181904,224.05429,136.6398,262.76364,238.25485
349,0.046075407,0.8455164,10.473118,183.361,48.503403,304.3859
349,0.5460353,0.6711287,325.8145,145.63606,373.11066,241.60634
349,0.8097008,0.82686156,499.98297,168.91644,536.434,297.67017
349,0.6967535,0.5626153,428.13116,129.66144,463.71332,202.5415
349,0.3500046,0.5530641,204.52142,113.89473,243.4845,199.10307
349,0.98594856,0.53495145,622.13513,90.600525,639.879,192.58252
349,0.9655565,0.6860735,596.15454,90.29847,639.7578,246.98645
349,0.68126726,0.47341073,426.20316,126.33594,445.81894,170.42786
349,0.99003917,0.5294454,627.4928,91.68417,639.7573,190.60034
350,0.64232266,0.677187,380.22406,144.0745,441.94897,243.78732
350,0.33842507,0.8999371,191.96124,201.78679,241.22284,323.97736
350,0.44751588,0.75731385,265.93268,157.91223,306.88763,272.633
350,0.38066053,0.6622658,224.0892,136.07227,263.15628,238.41568
350,0.5045602,0.8272528,302.73907,186.29315,343.09796,297.811
350,0.045873344,0.84421605,9.507099,184.08781,49.21078,303.9178
350,0.81365794,0.8299959,504.6578,163.65921,536.82434,298.79852
350,0.5437055,0.6661715,324.933,146.96616,371.01004,239.82175
350,0.69593334,0.5618625,427.10406,132.53198,463.6906,202.27051
350,0.34345084,0.55097854,200.2742,116.64273,239.3429,198.35226
350,0.9859417,0.53522974,622.12866,90.52814,639.8767,192.68271
350,0.9661735,0.68661535,596.93207,90.2283,639.7701,247.18152
350,0.6822916,0.47090572,426.72253,126.55652,446.61072,169.52606
350,0.55478036,0.4287616,336.41656,105.97954,373.70227,154.35417
350,0.9901163,0.52902174,627.5902,91.05278,639.75867,190.44783
351,0.64220124,0.676972,380.1093,146.427,441.90826,243.7099
351,0.34320775,0.88752306,196.4324,198.52539,242.8735,319.5083
351,0.8179056,0.832318,509.5659,159.87958,537.3533,299.6345
351,0.50347674,0.821207,301.20667,185.2716,343.24353,295.63452
351,0.44876146,0.75583667,267.09076,159.5953,307.3239,272.1012
351,0.04636869,0.8450116,10.560242,189.21089,48.79168,304.20416
351,0.38149437,0.66176766,222.74655,137.09607,265.56625,238.23636
351,0.5443902,0.6668734,325.4264,148.89268,371.39307,240.07442
351,0.55422074,0.44340548,335.67056,105.02615,373.73196,159.62598
351,0.34029287,0.5505597,197.34003,116.21794,238.23486,198.20149
351,0.6882917,0.5623876,416.74838,126.91412,464.26505,202.45953
351,0.9859537,0.53507316,622.14246,90.61453,639.8783,192.62634
351,0.96526945,0.6866829,595.78674,91.147095,639.7582,247.20584
351,0.9901495,0.52886367,627.631,91.9496,639.7604,190.39091
352,0.6422118,0.6762799,380.21094,145.82089,441.8202,243.46075
352,0.3462557,0.8748731,200.51013,194.29166,242.69714,314.9543
352,0.049345545,0.839092,10.957096,186.38232,52.205204,302.07312
352,0.45202368,0.75651777,268.13763,160.03854,310.4527,272.3464
352,0.38949236,0.66031367,223.401,144.06369,275.14923,237.71292
352,0.3358794,0.54907155,193.85141,117.45378,236.07419,197.66576
352,0.68985736,0.557051,420.052,126.17734,462.96545,200.53836
352,0.54429835,0.6671767,326.15637,152.4537,370.54553,240.18362
352,0.49827227,0.8051717,299.32025,182.06238,338.46826,289.86182
352,0.8170413,0.82581556,506.71014,158.54474,539.1027,297.2936
352,0.55228436,0.46307757,334.5207,104.1678,372.40326,166.70793
352,0.98803645,0.5358669,624.81635,91.4142,639.8703,192.9121
352,0.7721402,0.40000576,485.79193,127.22107,502.54755,144.00208
353,0.6406944,0.6756501,378.81573,152.54666,441.27307,243.23404
353,0.35160965,0.867334,204.19765,190.14418,245.86269,312.24023
353,0.33024555,0.5481658,188.77664,114.53485,233.93765,197.33969
353,0.051994704,0.8344912,12.205414,189.87161,54.34781,300.41684
353,0.5424204,0.66390634,324.37567,152.89043,369.92242,239.00627
353,0.6902197,0.5589716,420.6754,126.483795,462.8058,201.22977
353,0.4923234,0.8022058,298.59433,177.02841,331.57962,288.7941
353,0.45787317,0.75354326,274.50983,159.78632,311.5678,271.27557
353,0.39704806,0.6716854,230.33987,147.61824,277.88162,241.80675
353,0.8131856,0.8207126,501.77075,152.6912,539.1068,295.45654
353,0.9862396,0.5345293,622.53674,91.21187,639.85,192.43056
353,0.55023444,0.47032368,334.3558,105.54819,369.9443,169.31653
354,0.6371261,0.6748222,374.34534,156.41574,441.17603,242.936
354,0.35673577,0.8644507,206.77568,185.80344,249.84608,311.20224
354,0.815313,0.81040627,502.79578,158.85208,540.8048,291.74625
354,0.49054593,0.7981895,293.87485,176.1954,334.02396,287.34824
354,0.3266303,0.5461732,187.51184,114.382706,230.57492,196.62236
354,0.6901725,0.5622246,420.5466,126.872696,462.87418,202.40086
354,0.057965785,0.83345294,15.634712,190.35397,58.561493,300.04306
354,0.54061717,0.6616621,321.778,156.08026,370.21198,238.19836
354,0.39825645,0.6728204,229.95975,152.49814,279.8085,242.21533
354,0.9866816,0.5347391,623.06396,90.94602,639.8884,192.50607
354,0.46415395,0.73204666,281.79126,155.84265,312.3258,263.5368
354,0.5462675,0.53727937,331.5713,107.1519,367.65112,193.42058
354,0.97025585,0.68604803,602.1389,88.25397,639.7886,246.9773
355,0.63738155,0.67240524,375.6327,155.84555,440.2157,242.06589
355,0.81563914,0.81837225,502.2605,170.85953,541.75757,294.614
355,0.6870122,0.55855113,415.9319,128.40207,463.44373,201.0784
355,0.32142216,0.5469009,186.35396,117.930176,225.06642,196.88434
355,0.06629181,0.83222944,22.029533,189.85274,62.823982,299.6026
355,0.5376563,0.6656479,315.93915,155.55022,372.26093,239.63326
355,0.54643744,0.5340456,331.75726,108.60499,367.68268,192.25641
355,0.48367223,0.78794545,285.53845,175.82,333.562,283.66037
355,0.37363267,0.86225927,210.89136,193.26805,267.35846,310.41333
355,0.39055318,0.67078096,221.66486,153.89673,278.24323,241.48114
355,0.98690856,0.54119486,623.35913,90.34016,639.8838,194.83014
355,0.96668816,0.6872323,597.5901,89.06414,639.77075,247.40363
356,0.47961274,0.79656756,280.45703,176.36478,333.44727,286.7643
356,0.37825608,0.8613922,214.07932,192.97748,270.08847,310.1012
356,0.8181602,0.83621895,500.5606,181.69534,546.6844,301.03882
356,0.69693804,0.56002784,422.6385,130.11862,469.4422,201.61002
356,0.07908157,0.8237604,24.682388,189.87064,76.54202,296.55374
356,0.31171912,0.546914,179.7975,119.68237,219.20296,196.88904
356,0.6121527,0.6606677,363.46683,152.13887,420.0886,237.84038
356,0.5113664,0.6567746,287.49457,151.99591,367.05444,236.43884
356,0.54823613,0.53559774,332.66464,113.6477,369.0776,192.81519
356,0.9875938,0.5322155,624.2316,90.99581,639.8885,191.59756
356,0.5309829,0.6572916,312.97687,170.0521,366.68127,236.62497
356,0.056739263,0.5979169,25.9889,143.61221,46.63736,215.25009
356,0.3792437,0.6962624,212.36377,150.89835,273.06818,250.65448
357,0.37768304,0.8569039,216.27856,192.42651,267.15573,308.4854
357,0.7062236,0.56613135,424.01205,132.24503,479.95413,203.80728
357,0.8269089,0.8375289,509.13712,185.52014,549.3063,301.5104
357,0.07519974,0.7924309,25.775688,189.67197,70.47997,285.27512
357,0.47296304,0.78933877,272.553,181.97165,332.8397,284.16196
357,0.5781449,0.6709834,341.51196,152.51685,398.51355,241.55402
357,0.3028946,0.5461806,174.16476,118.6487,213.54031,196.62502
357,0.35157162,0.624308,208.92136,147.12534,241.0903,224.75089
357,0.508423,0.66567826,288.2787,156.44232,362.5027,239.64417
357,0.5477561,0.52784634,333.00946,118.62497,368.11835,190.02469
357,0.9876383,0.5221188,624.30273,91.89265,639.87427,187.96277
357,0.41204828,0.6661407,253.54224,221.46121,273.87958,239.81064
357,0.056675594,0.6077706,25.979794,144.29669,46.56497,218.79742
357,0.5781665,0.63448656,348.90802,153.6879,391.14508,228.41516
357,0.47407898,1.0,294.0454,344.23383,312.7757,360.0
358,0.07534452,0.80393684,24.142044,190.69366,72.29894,289.41727
358,0.37927723,0.8432417,219.37396,191.893,266.1009,303.56702
358,0.70685756,0.5694861,420.5224,134.71704,484.2553,205.01498
358,0.82583094,0.8388338,507.36487,189.33441,549.6987,301.98016
358,0.46324462,0.7779732,269.5531,183.89609,323.40002,280.07034
358,0.5726937,0.67353666,335.55087,153.70093,397.4971,242.4732
358,0.05648288,0.6264546,25.619621,143.76413,46.678467,225.52365
358,0.3397283,0.6362433,200.29404,144.87582,234.5582,229.04758
358,0.2953375,0.47259268,171.77396,118.860016,206.25803,170.13336
358,0.4904182,0.7166102,291.1817,160.67557,336.5536,257.97968
358,0.9888029,0.52334404,625.82166,93.53761,639.84607,188.40385
358,0.9722687,0.76335037,604.646,177.15305,639.8579,274.80612
358,0.45325184,0.5459344,278.43042,152.49377,301.73193,196.53638
358,0.54995996,0.48298776,335.66855,121.40758,368.28018,173.8756
359,0.082896955,0.7995222,26.704796,191.82819,79.403305,287.828
359,0.7113954,0.5734095,422.7811,132.6087,487.80496,206.42743
359,0.83313525,0.8385503,512.77905,189.04182,553.63403,301.8781
359,0.56168383,0.6714425,324.2835,155.95624,394.6718,241.7193
359,0.37986866,0.8368732,219.61942,188.0301,266.61246,301.27435
359,0.4898657,0.7362926,289.8011,160.01392,337.227,265.06534
359,0.9669941,0.7777532,597.99036,180.95605,639.7621,279.99115
359,0.45044526,0.7749221,263.7603,179.69241,312.80963,278.97195
359,0.55599576,0.53129417,332.64526,117.13315,379.0293,191.2659
359,0.3292792,0.6082459,194.06769,148.05482,227.4097,218.96852
359,0.28439093,0.47494915,165.3458,120.50705,198.67459,170.98169
359,0.98876876,0.5285089,625.77856,93.65287,639.84546,190.26321
359,0.28334823,0.5467975,164.80304,120.402466,197.88269,196.8471
359,0.43730265,0.54754823,265.3782,153.9424,294.36917,197.11736
359,0.05677445,0.6314208,25.892857,142.79594,46.77844,227.31148
360,0.3796001,0.83195674,219.99536,185.85776,265.89276,299.50443
360,0.838778,0.83604324,516.2189,189.7244,557.417,300.97556
360,0.5611602,0.53639466,337.6222,118.11511,380.66284,193.10208
360,0.091571406,0.79514414,31.772501,192.50049,85.438896,286.2519
360,0.72182685,0.571495,436.06186,131.6973,487.8765,205.73819
360,0.9597082,0.78033555,588.6841,174.25656,639.74243,280.9208
360,0.43629974,0.77145004,257.03482,174.7662,301.42886,277.72202
360,0.5389514,0.67511463,310.4835,150.82172,379.3743,243.04126
360,0.2761476,0.54917693,156.84042,121.92316,196.62851,197.7037
360,0.4861905,0.71064013,286.80536,159.3482,335.5185,255.83044
360,0.3221825,0.6594849,185.07321,148.40851,227.3204,237.41458
360,0.9878991,0.5319637,624.65466,92.55823,639.8562,191.50693
360,0.27743715,0.49127647,158.93655,121.9718,196.18301,176.85953
360,0.45810795,0.7655602,257.2823,172.07086,329.0959,275.60168
360,0.4155492,0.5558449,255.27136,154.61545,276.6316,200.10416
360,0.5227686,0.6838957,310.08643,151.3772,359.05737,246.20245
361,0.37781492,0.83070314,215.28467,187.0722,268.31842,299.05313
361,0.7369086,0.5741862,452.57745,128.60162,490.6656,206.70703
361,0.5604368,0.5379318,336.21506,121.410645,381.144,193.65546
361,0.8393402,0.83275217,516.5571,190.93634,557.79834,299.79077
361,0.106315814,0.7732671,40.06096,184.36133,96.023285,278.37616
361,0.9463913,0.77866286,577.78705,171.24841,633.5938,280.31863
361,0.42727184,0.7556655,253.88757,175.70169,293.0204,272.03958
361,0.46824312,0.7112847,280.76044,158.82886,318.59076,256.0625
361,0.4960021,0.68944025,299.45325,150.57797,335.42944,248.19849
361,0.056008488,0.67193943,25.179039,140.79266,46.511826,241.8982
361,0.26522523,0.47609985,149.01384,124.52272,190.47447,171.39595
361,0.30019316,0.63252926,172.50165,148.93204,211.7456,227.71054
361,0.9872993,0.53269804,623.8912,93.31999,639.852,191.77129
361,0.2995326,0.66558564,165.84717,148.19843,217.55457,239.61084
362,0.55562484,0.53601515,330.31497,123.36063,380.8848,192.96545
362,0.37258947,0.82915235,209.33615,189.23148,267.57837,298.49484
362,0.93475664,0.77463496,564.31274,166.10498,632.1758,278.8686
362,0.746414,0.565555,457.0619,128.64203,498.34802,203.5998
362,0.8347391,0.8368707,511.23407,192.10378,557.232,301.27344
362,0.12066481,0.76538223,52.788795,183.39645,101.66216,275.5376
362,0.28291196,0.6723864,151.92761,152.53146,210.1997,242.05911
362,0.4668146,0.72012043,277.42572,159.35168,320.097,259.24335
362,0.41069737,0.7450504,245.90422,175.7417,279.7884,268.21814
362,0.056298424,0.6785029,24.550182,141.75745,47.5118,244.26105
362,0.25416523,0.4755282,144.0441,127.35886,181.28741,171.19016
362,0.38141447,0.5630853,231.97299,155.54178,256.23752,202.71072
362,0.987054,0.53236777,623.5768,93.61964,639.8523,191.6524
362,0.42185003,0.7268466,247.14433,174.73575,292.82367,261.66476
363,0.37277204,0.8290512,207.44998,190.06892,269.69824,298.45844
363,0.13523388,0.76752776,68.578384,178.41293,104.52098,276.31
363,0.5493835,0.53633523,321.96887,124.37134,381.24207,193.08069
363,0.91460943,0.75615185,552.05615,164.4607,618.6439,272.21466
363,0.7537807,0.5702765,458.9481,142.66849,505.8912,205.29953
363,0.8339535,0.8394119,507.40408,193.24675,560.0564,302.1883
363,0.39946175,0.7410415,240.25693,180.07211,271.0541,266.77493
363,0.4554781,0.7141898,269.2292,153.88965,313.78278,257.10834
363,0.2645026,0.6760642,148.95746,170.91681,189.6059,243.38312
363,0.36418837,0.57109064,219.51738,155.5278,246.64372,205.59262
363,0.056094896,0.68398005,24.301363,140.89023,47.500107,246.23282
363,0.9869857,0.53343326,623.47174,92.08563,639.86993,192.03598
363,0.24973738,0.47807482,139.58524,130.01031,180.07861,172.10693
363,0.7354423,0.4684464,460.1971,131.2723,481.16898,168.6407
364,0.36677855,0.82109094,205.01016,186.8605,264.46637,295.59274
364,0.14107129,0.76381457,73.459946,172.84344,107.11131,274.97324
364,0.54615754,0.5363487,317.9027,124.65271,381.17896,193.08554
364,0.44546843,0.72634906,256.29205,153.53741,313.90753,261.48566
364,0.8315767,0.84087175,505.07095,196.17831,559.3473,302.71384
364,0.87504876,0.7486318,540.56537,165.40106,579.497,269.50745
364,0.2629729,0.67608696,146.66864,174.03601,189.93665,243.3913
364,0.755823,0.57003963,456.28204,137.45938,511.17145,205.21426
364,0.056126464,0.68393147,24.396019,139.83557,47.445854,246.21533
364,0.9869254,0.5332633,623.3938,91.44599,639.8707,191.9748
364,0.25352454,0.4739362,146.41187,131.55551,178.09955,170.61703
364,0.38829756,0.66929704,234.54324,179.24496,262.47763,240.94693
364,0.7566818,0.5652805,461.06183,149.23499,507.49084,203.50098
364,0.25045976,0.51822436,142.69916,131.7777,177.88934,186.56078
364,0.5168626,0.5264337,314.30978,154.91222,347.27432,189.51613
364,0.35324422,0.5653718,210.41351,157.85318,241.73907,203.53384
365,0.4501249,0.7230708,258.28143,162.52829,317.87842,260.30548
365,0.35393256,0.8114509,195.0242,188.48602,258.00946,292.1223
365,0.54647285,0.53592426,318.35278,123.684326,381.13245,192.93274
365,0.83109534,0.8430232,504.35046,196.43962,559.45154,303.48834
365,0.7540375,0.5745013,453.3141,140.34433,511.85388,206.82047
365,0.1503584,0.76458865,78.17351,158.76529,114.28523,275.25192
365,0.511876,0.52613735,313.265,158.29445,341.93628,189.40944
365,0.3312112,0.66133523,193.71559,151.81503,230.23476,238.08069
365,0.33867064,0.5830747,203.3667,152.08884,230.13171,209.90689
365,0.412407,0.61822295,249.0112,150.87053,278.86978,222.56026
365,0.85246307,0.62371975,527.5436,163.94884,563.60913,224.53911
365,0.38310155,0.6905436,228.89774,183.85004,261.47226,248.5957
365,0.24360943,0.67687804,135.94144,163.45839,175.87863,243.6761
365,0.9626632,0.6890486,596.7073,107.41623,635.5016,248.0575
365,0.50683415,0.5266907,312.66876,164.60527,336.07898,189.60866
365,0.24544534,0.4745569,138.38248,135.1542,175.78757,170.84048
365,0.8612876,0.7392349,526.9123,164.3678,575.5358,266.12457
365,0.98788834,0.53403336,624.6619,88.469185,639.83514,192.25201
366,0.4511849,0.7224906,258.82635,167.45801,318.6903,260.09662
366,0.5445086,0.53507936,316.7301,123.723206,380.24084,192.62857
366,0.35087276,0.80563235,196.28027,187.0774,252.83685,290.02765
366,0.8312712,0.8446565,503.39795,209.38275,560.62915,304.07635
366,0.14677164,0.7175144,75.3952,140.8475,112.4725,258.30518
366,0.75322545,0.5718727,454.84875,143.93622,509.2798,205.87418
366,0.83062536,0.6006745,512.41187,160.40277,550.7886,216.24283
366,0.23804455,0.67701316,133.6282,136.95593,171.06882,243.72473
366,0.9849876,0.5333451,620.9359,89.08331,639.84827,192.00424
366,0.39773846,0.6678398,237.85788,150.08267,271.24734,240.42233
366,0.32418007,0.6674644,189.63217,140.81152,225.31833,240.28717
366,0.99072635,0.52501315,628.376,90.6687,639.7538,189.00473
367,0.54282695,0.53461176,315.61008,122.7305,379.2084,192.46024
367,0.45008197,0.7227037,257.2705,167.00757,318.8344,260.17334
367,0.34787458,0.8025727,195.21307,183.38547,250.0664,288.92618
367,0.82797134,0.8432953,501.89,197.85156,557.9133,303.5863
367,0.7430503,0.5665845,449.411,141.2464,501.69336,203.97043
367,0.31460756,0.6112839,183.9623,113.60831,218.73537,220.0622
367,0.23488855,0.6746673,134.33398,133.3959,166.32336,242.88022
367,0.3840722,0.6821349,229.09683,121.80267,262.5156,245.56857
367,0.8083523,0.59663415,498.11316,160.31606,536.57776,214.78828
367,0.9872158,0.53377855,623.771,91.35809,639.86523,192.16028
367,0.14423744,0.6506847,68.27629,132.0107,116.34764,234.2465
367,0.38437423,0.5833449,229.63559,120.022156,262.36343,210.00415
368,0.5411801,0.5329419,314.73383,122.31268,377.97668,191.85907
368,0.44986477,0.72358066,257.0946,167.26425,318.7323,260.48904
368,0.8290783,0.8433255,503.43185,198.24461,557.7883,303.59717
368,0.34670258,0.798789,199.42761,181.03183,244.35168,287.56406
368,0.7880334,0.7366389,477.47174,161.09888,531.21106,265.19
368,0.30863065,0.59181017,185.65973,128.75931,209.38751,213.05167
368,0.7294246,0.55671024,444.88123,137.34921,488.7823,200.41568
368,0.23142715,0.6239229,134.72699,128.51227,161.49976,224.61224
368,0.37627864,0.6670745,226.05615,113.84611,255.5805,240.14682
368,0.9869196,0.5320286,623.4077,89.05331,639.84937,191.5303
368,0.96795815,0.68969625,599.2119,84.728424,639.77454,248.29065
368,0.15570727,0.61916834,75.8024,125.69034,123.5029,222.9006
369,0.4479246,0.72373986,256.51746,166.41086,316.82605,260.54636
369,0.8296608,0.84322596,503.927,197.86914,558.0388,303.56134
369,0.5359117,0.52808464,312.68066,122.66284,373.28625,190.11047
369,0.34162465,0.7971342,189.58075,180.98898,247.69879,286.96832
369,0.75509393,0.73734385,463.41504,159.72815,503.10522,265.4438
369,0.15054941,0.6267547,71.19998,118.42532,121.503265,225.63168
369,0.3011531,0.6076598,180.00963,128.35818,205.46632,218.75754
369,0.7180816,0.556737,436.54028,135.74118,482.60413,200.42532
369,0.98628867,0.5326292,622.58826,89.1906,639.8612,191.7465
369,0.22550063,0.6211902,131.10445,121.2041,157.53636,223.62848
369,0.37022567,0.64250714,223.95894,102.04399,249.92992,231.30257
369,0.3714648,0.60633427,226.37054,128.48541,249.10437,218.28033
370,0.44552764,0.7206433,255.0058,166.08524,315.2696,259.43158
370,0.53008586,0.5269116,308.84448,121.82024,369.6654,189.68819
370,0.829648,0.8423709,504.2552,197.4101,557.6943,303.25354
370,0.3384387,0.79876167,185.71338,181.35333,247.48816,287.5542
370,0.72436416,0.7339078,435.03442,159.94855,492.15173,264.20682
370,0.16270733,0.61200726,86.56421,111.17955,121.70117,220.32262
370,0.29545388,0.5771545,176.85968,124.97595,201.32129,207.77563
370,0.36648318,0.5645662,222.60063,127.80463,246.49785,203.24384
370,0.9858162,0.53220785,621.9852,89.27273,639.8595,191.59482
370,0.2530078,0.47512326,149.25351,131.32169,174.59647,171.04437
370,0.22091815,0.58866495,127.84926,124.95007,154.92598,211.91937
370,0.989666,0.52910316,627.0204,91.73358,639.7521,190.47714
371,0.32446593,0.7959412,172.32425,179.83173,242.99213,286.53882
371,0.52461654,0.52798647,301.51984,122.32965,369.98932,190.07513
371,0.8300152,0.83988035,504.87384,196.08678,557.5456,302.35693
371,0.4466916,0.72268057,255.92128,166.62424,315.844,260.165
371,0.7130396,0.7311103,431.42114,161.0297,481.26953,263.1997
371,0.287115,0.59388256,169.88449,123.55029,197.62271,213.79773
371,0.17578289,0.62093824,97.091644,137.99892,127.91046,223.53777
371,0.35881206,0.5662261,215.82602,124.71829,243.45343,203.8414
371,0.98582447,0.53350043,622.0006,88.72374,639.85474,192.06017
371,0.24995437,0.4712097,148.19447,131.63104,171.74712,169.6355
371,0.70513976,0.5451713,431.87573,132.81493,470.70312,196.26167
371,0.7063824,0.4842186,432.82166,133.54306,471.34784,174.3187
372,0.31900114,0.79585904,168.03778,180.24545,240.28369,286.50925
372,0.8293586,0.8384408,503.73138,193.40242,557.8476,301.83868
372,0.4475626,0.72342896,255.99538,168.77475,316.88477,260.43442
372,0.52317417,0.52780735,300.10028,122.55777,369.56268,190.01065
372,0.7003419,0.7315044,425.39676,163.16843,471.04086,263.34158
372,0.35469666,0.5795298,207.20514,126.33588,246.80658,208.63074
372,0.17767653,0.62673825,93.547134,129.45377,133.87881,225.62576
372,0.2802561,0.5940422,165.77875,125.03421,192.94904,213.8552
372,0.9859041,0.53485435,622.1009,88.59066,639.8564,192.54758
372,0.18108737,0.60903245,98.447845,142.0502,133.344,219.25168
372,0.69107133,0.5520694,420.84753,135.18958,463.72375,198.745
372,0.29193425,0.21887565,179.26581,65.62646,194.41003,78.795235
373,0.82731944,0.8369637,500.7154,193.21452,558.2535,301.30695
373,0.3153868,0.7966846,165.23378,181.32141,238.46132,286.80646
373,0.44762272,0.723435,255.72202,170.7669,317.23508,260.43658
373,0.52191037,0.52736115,299.80505,122.50598,368.24023,189.85
373,0.6916283,0.73032725,414.3866,161.50522,470.89758,262.91782
373,0.1883339,0.6451922,99.675064,144.07993,141.39232,232.2692
373,0.27157655,0.59826803,158.40494,129.27945,189.21304,215.3765
373,0.9857546,0.5326656,621.91766,89.35098,639.8482,191.75961
373,0.35387787,0.54521936,198.50075,121.43715,254.46294,196.27898
373,0.38830695,0.5712208,236.97833,178.63345,260.05457,205.6395
373,0.16718984,0.45606855,92.666504,131.7076,121.33649,164.18468
373,0.6803974,0.5480105,415.04224,138.9921,455.8664,197.28378
373,0.24648976,0.47416866,148.96753,132.20535,166.53937,170.70071
373,0.9900907,0.52977437,627.55676,92.025696,639.7594,190.71878
373,0.717085,0.33183226,449.48297,92.43036,468.3858,119.45961
374,0.8269622,0.8370926,500.73157,192.11247,557.78,301.35333
374,0.314714,0.79669166,164.47714,181.21182,238.35678,286.809
374,0.44699365,0.72235656,254.9855,170.48935,317.16635,260.04837
374,0.6855129,0.7216371,406.89798,153.53745,470.5585,259.78937
374,0.19278772,0.69465995,101.62219,154.5434,145.14609,250.07758
374,0.26537088,0.6206593,147.8444,131.2789,191.8303,223.43735
374,0.98499507,0.5353754,620.92944,89.139145,639.86426,192.73515
374,0.52276814,0.52807933,300.58643,123.004,368.55676,190.10855
374,0.5224298,0.5273101,300.27643,142.64847,368.43378,189.83163
374,0.69144595,0.55562556,415.05038,146.15823,470.00046,200.0252
374,0.98946553,0.5304154,626.75635,90.820335,639.7595,190.94955
375,0.82741535,0.8354777,501.11127,191.7005,557.9804,300.77197
375,0.31359866,0.7972663,162.91043,181.07574,238.49585,287.01587
375,0.44703856,0.7233025,254.6698,170.10757,317.53955,260.3889
375,0.6581718,0.7235828,397.596,171.48416,444.86383,260.4898
375,0.18749309,0.7152353,100.80777,154.20215,139.18338,257.4847
375,0.6951822,0.55567014,420.05475,136.23431,469.7785,200.04126
375,0.2506048,0.6611244,133.0841,140.49991,187.69003,238.00479
375,0.98521864,0.5339821,621.21545,86.90619,639.8644,192.23355
375,0.31019464,0.542758,186.43134,126.612,210.6178,195.39288
375,0.5112537,0.42288783,316.4742,123.339966,337.9305,152.23962
375,0.96893406,0.6836124,600.44495,82.71642,639.79065,246.10046
375,0.98957235,0.5295172,626.8927,90.47821,639.7599,190.62619
376,0.82484806,0.8303341,498.6996,185.27301,557.10596,298.9203
376,0.44757548,0.7210252,255.74225,159.21289,317.15436,259.5691
376,0.31443107,0.79641944,164.92053,179.51422,237.55124,286.711
376,0.65394706,0.7260665,397.18372,157.56534,439.86853,261.38394
376,0.19176847,0.69727546,104.73375,162.73248,140.72989,251.01917
376,0.69653004,0.554719,421.56265,129.56412,469.99582,199.69882
376,0.24894795,0.68132985,136.59961,129.86029,182.05377,245.27875
376,0.9849308,0.5333181,620.84863,88.551254,639.8628,191.99452
376,0.5197875,0.52130985,300.29944,123.09447,365.02856,187.67155
376,0.9684447,0.68363255,599.8219,83.46234,639.78735,246.10773
376,0.989385,0.5295972,626.65137,90.526215,639.7615,190.655
377,0.8209139,0.83313835,496.41095,185.483,554.3588,299.9298
377,0.44578344,0.7158687,255.61034,151.97342,314.99243,257.71274
377,0.31474575,0.79617566,165.83505,177.21643,237.03952,286.62323
377,0.6825501,0.55256456,411.36148,123.32974,462.30264,198.92325
377,0.65040284,0.7250248,396.34573,153.21423,436.1699,261.00894
377,0.19332893,0.71626335,103.43919,162.30609,144.02184,257.8548
377,0.9849947,0.534518,620.9342,88.640236,639.859,192.42648
377,0.30231985,0.5473236,175.25275,147.94745,211.71667,197.0365
377,0.25012618,0.67868984,141.38391,137.52994,178.77759,244.32834
377,0.43685788,0.37541842,273.39532,122.8226,285.78278,135.15063
377,0.5235238,0.5253436,302.05753,123.45157,368.05295,189.12369
377,0.9896377,0.5302057,626.9767,91.47274,639.7595,190.87405
377,0.9686655,0.68387043,600.0918,83.874084,639.80005,246.19336
378,0.8165167,0.83119625,494.71252,184.38113,550.42883,299.23065
378,0.4500002,0.7193413,261.7182,147.12744,314.28204,258.96286
378,0.31504565,0.79659736,164.51822,176.97375,238.74023,286.77505
378,0.67735845,0.54826957,412.33978,121.80017,454.67902,197.37704
378,0.64674723,0.72280544,395.06992,150.70428,432.7665,260.20996
378,0.19901049,0.7045178,104.01128,160.89337,150.72215,253.6264
378,0.984975,0.5330084,620.912,88.88912,639.85596,191.88303
378,0.6642343,0.72496027,395.15018,146.7016,455.06967,260.9857
378,0.54528826,0.52460855,332.63812,162.47003,365.33087,188.85907
378,0.9894737,0.5299177,626.76733,90.86102,639.75903,190.77039
378,0.96380234,0.6850094,597.07336,102.87991,636.5936,246.6034
379,0.8039134,0.8333096,485.63312,182.25769,543.37604,299.99146
379,0.45105872,0.7184115,262.94598,148.16254,314.40918,258.62814
379,0.31633607,0.79688907,167.11743,177.29874,237.79272,286.88007
379,0.64252806,0.7232476,392.47424,149.46103,429.96167,260.36914
379,0.19395626,0.70221424,105.32208,161.77667,142.94193,252.79712
379,0.9851391,0.5331949,621.12195,88.933556,639.8561,191.95016
379,0.51938486,0.5288237,301.92792,107.298615,362.8847,190.37653
379,0.6680323,0.5437869,408.68463,118.299286,446.39667,195.76328
379,0.23397298,0.6811983,136.8252,174.88281,162.66022,245.23138
379,0.9641851,0.68643993,597.06055,100.6868,637.09644,247.11838
379,0.98936635,0.52932644,626.629,90.03042,639.7599,190.55753
379,0.23215628,0.6849414,132.59149,158.5997,164.56854,246.57892
379,0.2858703,0.6560334,167.89478,149.51743,198.01923,236.17203
380,0.7898424,0.83214945,475.9599,181.52414,535.0384,299.5738
380,0.44751137,0.7190311,256.9513,151.32211,315.86328,258.8512
380,0.6399939,0.72136533,389.99658,148.26062,429.19562,259.69153
380,0.31632987,0.7957276,169.51524,177.61688,235.38698,286.46194
380,0.50870645,0.5228243,297.45312,96.45419,353.69116,188.21674
380,0.98610365,0.5343136,622.344,87.65231,639.86865,192.3529
380,0.19479206,0.7134191,107.978546,160.84875,141.35529,256.83087
380,0.22606245,0.68191206,128.86319,145.66867,160.49673,245.48834
380,0.96204746,0.6839844,591.70667,83.9383,639.7141,246.23438
380,0.2895137,0.61733043,170.25885,162.90146,200.3187,222.23895
380,0.6677036,0.541205,407.24512,115.539,447.41553,194.8338
380,0.21421428,0.69106007,113.82766,146.49136,160.36661,248.78162
380,0.6580079,0.46300107,405.7161,111.59143,436.53403,166.68039
380,0.98977315,0.53005767,627.15234,89.7358,639.7573,190.82077
380,0.6789468,0.54091316,422.0467,155.57645,447.0052,194.72873
381,0.44809398,0.72054833,257.32904,154.17908,316.23126,259.3974
381,0.31580502,0.7968282,168.62123,175.44147,235.6092,286.85815
381,0.7740595,0.83273554,469.52496,179.82837,521.2712,299.7848
381,0.63698035,0.7228614,388.5316,147.80817,426.80325,260.2301
381,0.50166494,0.5204954,298.04327,96.82415,344.08783,187.37836
381,0.1954039,0.7209842,107.607895,162.33911,142.5091,259.55432
381,0.6651329,0.54047734,403.8905,117.071655,447.4796,194.57184
381,0.22994308,0.6800064,132.13963,147.66428,162.18752,244.8023
381,0.9857233,0.5342031,621.8794,86.7965,639.84644,192.31311
381,0.29085833,0.6711793,167.71959,156.49637,204.57906,241.62454
381,0.96383107,0.6838302,594.0025,82.62463,639.70123,246.17886
381,0.98971826,0.5296275,627.09106,90.20849,639.7483,190.6659
382,0.44834918,0.7222665,257.7135,155.29156,316.17346,260.01593
382,0.76119053,0.8331784,460.46246,179.93616,513.86145,299.9442
382,0.3200677,0.79582435,174.43307,172.3458,235.25357,286.49677
382,0.6350876,0.72557414,387.47134,149.56769,425.44083,261.2067
382,0.5003465,0.5208983,302.01544,111.195,338.42804,187.52338
382,0.66195565,0.54348654,400.18585,122.10364,447.11737,195.65515
382,0.19290482,0.72173613,106.111465,160.41663,140.8067,259.825
382,0.28649575,0.6629578,166.32477,138.414,200.3898,238.6648
382,0.2315013,0.6803226,133.97461,145.4581,162.34705,244.91614
382,0.9854368,0.53402466,621.50354,88.12741,639.8556,192.24887
382,0.96462536,0.6835664,594.9835,83.60384,639.73694,246.0839
383,0.4435494,0.7240633,253.41321,154.5925,314.33002,260.66278
383,0.75840217,0.8314961,455.5288,180.79361,515.22595,299.3386
383,0.6322099,0.7298963,385.37567,150.06921,423.85303,262.76266
383,0.3302818,0.79451567,187.38132,172.81195,235.37936,286.02563
383,0.49993238,0.52178353,301.4201,102.930115,338.49335,187.84207
383,0.6554904,0.5384443,395.61935,124.819305,443.40836,193.83994
383,0.19662333,0.7231574,106.66914,154.97809,145.00871,260.33667
383,0.9862692,0.53394866,622.577,89.454315,639.84753,192.22153
383,0.2871899,0.75104326,165.64052,157.02399,201.96257,270.37558
383,0.2884134,0.67871976,168.24487,157.08603,200.92429,244.33911
383,0.23195584,0.6814294,136.2663,149.06754,160.63718,245.31458
383,0.96336126,0.68654597,596.23193,108.85834,636.8705,247.15656
384,0.43636027,0.72103465,250.59535,154.32285,307.9458,259.57248
384,0.75411093,0.8307188,450.39972,179.85709,514.86224,299.05878
384,0.3320465,0.7978618,190.20581,171.89813,234.81372,287.23026
384,0.6272394,0.7247858,382.07867,155.30914,420.78778,260.92288
384,0.49883756,0.522492,300.54352,102.126785,337.96857,188.09712
384,0.20429757,0.7220011,106.80493,154.10257,154.69595,259.92038
384,0.9867546,0.53363603,623.1819,89.55815,639.864,192.10896
384,0.64444524,0.5349832,390.79956,120.435974,434.09033,192.59396
384,0.28661194,0.75407887,164.14972,162.85333,202.71356,271.46838
384,0.99029744,0.5287095,627.8345,94.859634,639.7462,190.3354
384,0.19029662,0.5587567,110.35246,128.4793,133.22722,201.15242
384,0.29238304,0.50119025,172.91232,119.58879,201.33798,180.42848
384,0.29967088,0.51445746,172.86086,119.69928,210.71788,185.20468
385,0.7482584,0.8300261,444.58087,179.18192,513.1899,298.8094
385,0.4285167,0.7218176,249.9486,153.3357,298.55273,259.85434
385,0.33207354,0.79983366,189.8563,172.24188,235.19785,287.94012
385,0.6183543,0.72530913,373.75464,150.02463,417.7389,261.1113
385,0.2094874,0.72565365,106.591194,159.1719,161.55267,261.23532
385,0.49985394,0.52184,300.57593,93.93298,339.23712,187.8624
385,0.054537237,0.6863946,22.444239,131.86237,47.363426,247.10205
385,0.9864321,0.5328738,622.7732,89.1348,639.85986,191.83456
385,0.62753356,0.4641596,390.3105,119.55122,412.93243,167.09746
385,0.29324722,0.6671683,166.35425,145.52533,209.0022,240.1806
385,0.99051476,0.5279612,628.11597,92.74226,639.7429,190.06602
385,0.96340287,0.6859039,596.4628,114.73868,636.6928,246.92542
386,0.7424647,0.83133805,440.5495,179.17538,509.80536,299.2817
386,0.41826612,0.7247078,248.29869,152.87906,287.0819,260.8948
386,0.33220577,0.797911,190.30722,173.22995,234.91617,287.24796
386,0.6109343,0.72535384,371.89667,149.05222,410.09924,261.12738
386,0.21288642,0.72118706,107.74082,160.60391,164.75381,259.62735
386,0.49999923,0.5220856,300.06848,93.50395,339.93054,187.95082
386,0.054455746,0.686159,22.363827,131.86044,47.339527,247.01724
386,0.19019929,0.63506573,108.23064,137.91559,135.22444,228.62366
386,0.61504185,0.45874152,378.9571,118.10446,408.29645,165.14694
386,0.98670673,0.5332084,623.12085,90.29794,639.8638,191.95502
386,0.9901544,0.5274786,627.6593,95.51213,639.7383,189.89229
386,0.9635717,0.68525493,596.60156,115.60147,636.77026,246.69177
386,0.29559565,0.6598515,168.45062,146.55484,209.9118,237.54654
387,0.4138061,0.7225657,245.92755,152.68726,283.74426,260.12366
387,0.73320794,0.8239003,442.22974,177.20645,496.27643,296.6041
387,0.22450113,0.7208684,109.64843,153.9931,177.71301,259.51263
387,0.33184186,0.79861605,189.74042,172.21967,235.01715,287.50177
387,0.6113268,0.7287852,375.40247,151.17914,407.09583,262.36267
387,0.054463632,0.68827283,22.74392,130.96179,46.96953,247.77823
387,0.5037945,0.52180713,304.84845,96.91527,340.00848,187.85057
387,0.18904307,0.6236601,107.43657,134.10693,134.53857,224.51764
387,0.98764545,0.53330594,624.34564,88.89907,639.8405,191.99014
387,0.6086899,0.4587059,375.8187,119.44333,403.3044,165.13412
387,0.963209,0.6853919,596.5761,115.14269,636.33136,246.74109
388,0.40451565,0.7209798,235.22787,152.49515,282.55215,259.55273
388,0.7265126,0.81847364,445.2635,172.81192,484.67267,294.6505
388,0.3308069,0.8004582,188.30533,174.85806,235.12753,288.16495
388,0.22304392,0.7202423,116.45185,141.55215,169.04437,259.28723
388,0.60370237,0.7275929,365.53754,144.68427,407.20148,261.93344
388,0.053925358,0.6875028,21.93533,131.0669,47.08913,247.501
388,0.18753572,0.6364694,105.956635,130.9659,134.08908,229.12898
388,0.50766194,0.52313036,309.04224,94.20816,340.765,188.32693
388,0.987282,0.5319561,623.8591,88.515076,639.8619,191.50418
388,0.5962356,0.45486587,366.0138,104.52741,397.16772,163.75171
389,0.4024969,0.7227863,233.46225,153.70538,281.7338,260.20306
389,0.7143415,0.8194253,440.18866,173.63516,474.16852,294.9931
389,0.33065724,0.798484,188.22554,173.97208,235.01573,287.45425
389,0.24376789,0.72107553,125.01464,154.62564,187.00824,259.5872
389,0.59993565,0.72938013,362.56345,148.95291,405.35422,262.57684
389,0.053961076,0.687149,22.044426,132.77072,47.02575,247.37363
389,0.5110322,0.5195254,313.41928,98.06607,340.70193,187.02914
389,0.19341548,0.655048,107.34071,130.7239,140.2311,235.81729
389,0.9870512,0.5324167,623.5687,89.64889,639.8568,191.67001
389,0.3223943,0.53153616,187.94489,128.73999,224.71985,191.35303
389,0.9901171,0.5268714,627.6039,94.16949,639.746,189.6737
390,0.4002053,0.72980696,230.7262,154.72165,281.53662,262.7305
390,0.32928833,0.79899055,186.27762,172.75052,235.21146,287.6366
390,0.5942222,0.7331352,355.19977,151.59042,405.40466,263.92868
390,0.7075497,0.82243687,431.19147,175.39331,474.4721,296.07727
390,0.2555569,0.7216803,138.55463,152.89404,188.55823,259.8049
390,0.0541325,0.68688256,22.219963,132.57477,47.069633,247.27771
390,0.5116302,0.5178643,314.36444,98.07245,340.52222,186.43115
390,0.18972817,0.6463634,105.621,129.62196,137.23106,232.69081
390,0.9869814,0.5330003,623.469,89.35251,639.8672,191.8801
390,0.5803649,0.46167576,356.65002,120.35245,386.21704,166.20328
390,0.3219716,0.5294548,190.2245,134.83713,221.89915,190.60373
391,0.6903173,0.8199578,409.40094,172.24335,474.20514,295.1848
391,0.39003533,0.7298161,219.23413,156.82852,280.0111,262.7338
391,0.5882423,0.73735493,349.61594,151.71143,403.3342,265.44778
391,0.33121476,0.7989395,188.91104,173.9527,235.04385,287.61823
391,0.22792515,0.6568792,126.35744,131.84918,165.38676,236.4765
391,0.1894111,0.6450472,105.39465,129.22406,137.05156,232.21698
391,0.053810917,0.68538666,21.86049,132.60022,47.017487,246.7392
391,0.26610246,0.7063781,154.1434,149.06479,186.46774,254.29611
391,0.5109974,0.5174852,314.27246,99.99049,339.8042,186.29466
391,0.98827344,0.5321274,625.1439,89.621635,639.84607,191.56586
391,0.5815622,0.47081536,362.99548,124.35535,381.40417,169.49353
392,0.69151795,0.82119745,411.57675,176.16248,473.5662,295.63107
392,0.3863173,0.7307161,218.23193,157.0144,276.25424,263.0578
392,0.578925,0.73863274,344.6461,150.24277,396.37796,265.90778
392,0.33191833,0.79952663,189.7511,171.845,235.10437,287.8296
392,0.19085576,0.6504569,105.7858,128.86069,138.50957,234.16449
392,0.05300065,0.685841,20.940556,131.9227,46.90028,246.90277
392,0.23086894,0.65404826,127.44455,132.94284,168.06769,235.45737
392,0.51118946,0.5165013,314.29785,99.09422,340.02466,185.94048
392,0.27434975,0.7213149,158.06389,147.86227,193.10378,259.67337
392,0.9868663,0.5332539,623.3197,89.156044,639.86914,191.9714
392,0.57146156,0.45187306,354.30435,122.360275,377.1664,162.6743
392,0.32681918,0.526118,191.7905,127.379395,226.53806,189.40247
393,0.683386,0.81768733,408.40762,176.07019,466.3265,294.36743
393,0.38528016,0.7328071,218.60068,155.48492,274.55792,263.81055
393,0.57554245,0.738748,347.19324,149.2669,389.5011,265.94928
393,0.33316737,0.7985244,190.47392,171.52118,235.9803,287.46878
393,0.19160852,0.64939755,105.3416,128.73105,139.9173,233.78311
393,0.23193435,0.6544705,125.162476,131.37637,171.7135,235.60938
393,0.27959618,0.72109103,160.67856,150.48514,197.20456,259.59277
393,0.053414464,0.686353,21.485348,132.59631,46.885166,247.0871
393,0.5113484,0.51900375,314.04126,99.979324,340.48474,186.84135
393,0.9873034,0.5328292,623.88086,90.34426,639.86743,191.81851
394,0.6733921,0.8127953,408.61597,174.5524,453.32593,292.6063
394,0.38759866,0.73344857,219.92096,154.86694,276.20532,264.04147
394,0.33409384,0.7987161,191.02142,167.228,236.61868,287.5378
394,0.57028294,0.7382197,347.73883,150.86835,382.22333,265.7591
394,0.1913164,0.6505284,105.95915,128.87625,138.92583,234.19022
394,0.05387079,0.6863931,22.022587,132.28528,46.932026,247.1015
394,0.24793248,0.62265843,139.54144,132.55914,177.81213,224.15704
394,0.5117626,0.5176617,313.807,94.97588,341.24915,186.35822
394,0.28528708,0.7295247,161.91415,144.23904,203.2533,262.62888
394,0.98913634,0.5283105,626.3523,95.469635,639.7422,190.19177
395,0.39752522,0.7364667,228.83505,155.56332,279.99722,265.12802
395,0.6519127,0.8137621,397.22144,175.87051,437.2268,292.95438
395,0.33412895,0.7992992,191.07794,163.3937,236.60712,287.7477
395,0.5694044,0.74484557,348.5418,152.71112,380.29584,268.1444
395,0.19166659,0.6475382,104.19368,127.66409,141.13956,233.11374
395,0.25206652,0.6401808,140.23431,130.26117,182.41083,230.46509
395,0.053997494,0.68689835,22.19106,132.44351,46.92573,247.28342
395,0.5079625,0.51782066,313.97055,100.35736,336.22147,186.41544
395,0.28840712,0.72999895,163.69083,150.90509,205.47028,262.79962
395,0.9892618,0.5285666,626.51074,95.62456,639.7444,190.28398
395,0.58322585,0.5533154,366.8312,183.4809,379.69785,199.19354
396,0.633156,0.8145328,383.89145,174.85379,426.54825,293.2318
396,0.40420142,0.73524016,233.66637,156.08426,283.71143,264.68646
396,0.26520014,0.6403859,150.51288,127.62665,188.9433,230.53894
396,0.19301605,0.63937944,104.5067,127.30521,142.55385,230.1766
396,0.564603,0.74921477,344.3801,153.307,378.31168,269.71732
396,0.33516327,0.8003181,191.93954,165.72348,237.06943,288.11453
396,0.054247975,0.68560374,22.491331,132.5575,46.946075,246.81735
396,0.31683046,0.80200815,168.1889,163.62292,237.35406,288.72293
396,0.5070237,0.5290379,313.48505,96.31266,335.5053,190.45364
396,0.9897774,0.5283289,627.15967,98.02731,639.7554,190.1984
396,0.96273965,0.68764716,596.2679,119.17752,636.0389,247.55298
396,0.5293675,0.50348246,327.50577,128.34177,350.08463,181.2537
397,0.40734252,0.7371099,236.8016,157.83215,284.59683,265.35956
397,0.623645,0.81034285,373.44092,174.6843,424.8247,291.72342
397,0.5579969,0.75052017,338.6042,153.79065,375.6319,270.18726
397,0.2706613,0.63701344,152.79443,126.07269,193.65204,229.32483
397,0.19657096,0.6339115,105.37796,127.475006,146.23286,228.20813
397,0.32835168,0.80124587,183.45074,171.47205,236.83942,288.44852
397,0.053813778,0.68593395,21.923635,132.40085,46.958,246.93622
397,0.51748145,0.5674637,315.76196,130.2348,346.61426,204.28693
397,0.98853844,0.52785295,625.5617,106.62368,639.7675,190.02707
398,0.61542255,0.81345654,362.48334,175.0097,425.2575,292.84436
398,0.40684876,0.7367694,236.19421,158.09601,284.5722,265.23697
398,0.33670336,0.8027968,192.31888,170.13022,238.6614,289.00684
398,0.5531128,0.75459635,335.01086,155.13852,372.9735,271.6547
398,0.2800979,0.6404447,157.6287,127.59863,200.89664,230.56009
398,0.19775784,0.6279731,107.1436,126.50458,145.98643,226.07031
398,0.05398468,0.68560845,22.19867,132.74579,46.90172,246.81903
398,0.5089363,0.57080144,313.66898,139.41437,337.76944,205.48853
398,0.98881036,0.5278589,625.9016,111.426414,639.77563,190.0292
398,0.5037695,0.56868,306.3781,128.48761,338.44684,204.7248
398,0.987556,0.53338355,624.23694,88.1602,639.8347,192.01808
399,0.6114588,0.8074775,362.8551,174.34909,419.81213,290.6919
399,0.411735,0.7355846,242.42416,158.98233,284.59665,264.81046
399,0.28618985,0.63490397,161.85846,126.77347,204.46454,228.56543
399,0.20408621,0.62740767,108.68481,125.96997,152.54553,225.86676
399,0.5504418,0.75763315,333.87222,154.66376,370.69327,272.74792
399,0.34368327,0.7992184,195.5784,125.63617,244.33618,287.71863
399,0.053880204,0.68565494,22.000715,132.72824,46.965942,246.83578
399,0.49975577,0.5713561,305.40332,125.184906,334.28406,205.6882
399,0.98975563,0.52803636,627.1173,104.06934,639.7699,190.09308
399,0.9875426,0.53195167,624.21344,90.226036,639.8411,191.5026
400,0.54399043,0.7614424,329.32886,154.37808,366.97888,274.11926
400,0.4175454,0.7367409,248.99165,158.46442,285.4665,265.2267
400,0.60608304,0.80596757,364.6089,175.20154,411.17737,290.14832
400,0.20942847,0.61840767,111.49963,126.05319,156.56882,222.62677
400,0.2905962,0.63342863,164.72461,126.567505,207.23853,228.0343
400,0.0536428,0.6860303,21.675655,132.48721,46.987125,246.97092
400,0.3488151,0.8003813,195.71436,158.92584,250.76898,288.13727
400,0.985939,0.53135175,622.1354,90.641785,639.8666,191.28662
400,0.4913272,0.561774,302.36185,134.76685,326.53696,202.23865
400,0.99051,0.52676153,628.08875,91.57779,639.76404,189.63416
401,0.5844393,0.805273,351.95636,174.18167,396.12592,289.8983
401,0.5370825,0.7624689,324.49,153.975,362.9756,274.4888
401,0.21471731,0.6229063,114.227554,126.642944,160.61061,224.24628
401,0.41910067,0.73933053,250.15471,158.41547,286.29413,266.159
401,0.053666342,0.6858718,21.71494,132.31705,46.977978,246.91385
401,0.30045095,0.62977684,170.57404,124.3432,214.00317,226.71967
401,0.9841173,0.5304676,619.8121,90.19791,639.8581,190.96835
401,0.3504097,0.80201465,196.05994,142.92142,252.46445,288.72528
401,0.9904499,0.52685463,628.0222,89.169495,639.75366,189.66766
402,0.6598372,1.0,398.48236,262.2752,446.10925,360.0
402,0.49732685,0.70497125,295.91797,131.92435,340.6604,253.78964
402,0.2362215,0.78436387,130.67972,169.82053,171.6838,282.371
402,0.6720859,0.7074689,404.6717,147.83633,455.5982,254.68881
402,0.4438273,0.8081986,257.30713,208.26776,310.7918,290.95148
402,0.4199844,0.6655827,243.42523,144.77762,294.1548,239.60977
402,0.3237615,0.5409143,181.89084,124.63089,232.52386,194.72916
402,0.254254,0.61249703,144.25525,122.9404,181.18988,220.49893
402,0.6842691,0.52414566,417.0651,126.59515,458.7993,188.69244
402,0.9875949,0.53307265,624.2804,88.46271,639.84106,191.90616
402,0.9639654,0.6851829,596.97644,122.552704,636.8993,246.66586
402,0.32462382,0.4836269,183.81802,125.64905,231.70047,174.10568
402,0.6877553,0.32823452,429.69006,93.51807,450.63672,118.16443
403,0.6601492,1.0,398.7188,262.26898,446.27216,360.0
403,0.49886855,0.7037414,295.67896,131.71484,342.8728,253.3469
403,0.23597732,0.7838908,130.413,169.51105,171.63797,282.20068
403,0.44433004,0.80821323,257.52423,205.90402,311.2182,290.95676
403,0.67218107,0.7087878,404.57614,149.7157,455.81564,255.1636
403,0.41840416,0.6635745,243.11685,145.21834,292.44046,238.88683
403,0.32347673,0.5409468,181.4711,123.768036,232.57913,194.74084
403,0.25453183,0.6135011,144.8005,123.1423,181.00024,220.86038
403,0.684385,0.52322876,417.30463,126.49591,458.7082,188.36237
403,0.9872335,0.5335492,623.81085,88.673416,639.8481,192.07771
403,0.68786067,0.32874098,429.73663,93.57106,450.72504,118.346756
403,0.9640695,0.68507886,596.9553,121.730774,637.0536,246.62839
404,0.6606,1.0,398.6966,262.46088,446.8714,360.0
404,0.44384313,0.80777955,257.3384,202.6287,310.7808,290.80063
404,0.49993306,0.70804775,295.6729,131.46872,344.2414,254.89719
404,0.23539715,0.7840313,130.06099,169.36252,171.24736,282.25125
404,0.6709061,0.7092732,404.5772,146.09238,454.18262,255.33835
404,0.41785294,0.6613547,244.18039,144.60077,290.67136,238.0877
404,0.25356597,0.613617,144.99362,123.340485,179.57083,220.90213
404,0.32317835,0.54103035,181.44104,124.46028,232.22726,194.77092
404,0.98752344,0.5336643,624.1953,88.04291,639.8347,192.11914
404,0.68343943,0.5288669,415.45697,127.13478,459.34552,190.39207
404,0.68788147,0.32867533,429.75757,93.34555,450.7307,118.32312
404,0.9635666,0.685179,596.55225,122.231445,636.813,246.66443
405,0.6607493,1.0,398.67456,262.24072,447.08453,360.0
405,0.44369397,0.80802757,257.12064,202.7391,310.80765,290.88992
405,0.5007318,0.70927703,295.904,132.52036,345.03278,255.33972
405,0.23434988,0.7839911,129.24338,169.18594,170.72446,282.2368
405,0.67493856,0.7095653,404.33087,130.6352,459.5905,255.44351
405,0.406442,0.66268265,234.09366,144.83054,286.15207,238.56577
405,0.2528929,0.6076247,144.57251,123.80643,179.13043,218.7449
405,0.32359987,0.5424979,181.33575,124.35379,232.87207,195.29922
405,0.98753035,0.53368175,624.20306,88.13203,639.83575,192.12543
405,0.68213654,0.53111523,413.21802,127.087555,459.91675,191.20148
405,0.68783003,0.32879665,429.7527,93.25134,450.66974,118.36679
405,0.96354234,0.68508625,596.501,122.05295,636.83325,246.63104
406,0.6605751,1.0,398.38312,261.63327,447.153,360.0
406,0.4434269,0.80429417,256.73083,201.99083,310.8556,289.5459
406,0.23365021,0.78333175,129.05666,167.3472,170.01561,281.99942
406,0.502938,0.70792586,298.12817,137.84244,345.63245,254.8533
406,0.3241597,0.53921163,181.54965,123.35608,233.37479,194.11618
406,0.67432415,0.707507,404.7741,130.99838,458.36078,254.70251
406,0.25200155,0.609181,143.52757,123.397385,179.03441,219.30516
406,0.41556373,0.6621688,246.91422,143.91,285.00735,238.38077
406,0.6815671,0.53046733,412.1229,126.653625,460.28293,190.96823
406,0.987442,0.5329143,624.0698,87.870224,639.85596,191.84914
406,0.9638361,0.68409085,596.5721,119.79437,637.1381,246.2727
406,0.37964135,0.62982094,230.8323,170.80121,255.10861,226.73553
406,0.64720744,0.5328289,407.26578,145.85547,421.15976,191.81842
407,0.66047823,1.0,398.54834,261.99872,446.86383,360.0
407,0.44358617,0.808833,257.09515,203.29634,310.69513,291.17987
407,0.23538992,0.7851966,129.46799,168.09195,171.83112,282.67078
407,0.5031231,0.7094753,298.10046,144.25253,345.8971,255.4111
407,0.41639337,0.65972966,248.60858,145.41757,284.37494,237.50269
407,0.67418176,0.7086248,404.62817,132.4086,458.32446,255.10492
407,0.2520179,0.6020935,143.65689,124.05774,178.926,216.75366
407,0.3247999,0.5407099,181.5872,123.93945,234.15666,194.65558
407,0.37918615,0.62807584,229.70355,167.8147,255.65472,226.1073
407,0.9874741,0.5337616,624.13586,88.095245,639.83093,192.15417
407,0.6858254,0.53179306,417.8244,127.89397,460.0321,191.44551
407,0.96301746,0.6879754,595.9713,122.54932,636.69104,247.67114
407,0.687932,0.32978588,429.9408,93.335556,450.61218,118.722916
408,0.66060627,1.0,398.46088,262.0556,447.11517,360.0
408,0.44363728,0.80991036,257.12628,203.40433,310.72943,291.56772
408,0.51098144,0.70899504,307.29807,147.14935,346.75815,255.23822
408,0.67500067,0.70921284,404.70654,130.05472,459.2943,255.31662
408,0.22888441,0.7876565,129.11166,167.46768,163.86038,283.55634
408,0.41771084,0.6633108,250.09268,146.84894,284.57718,238.7919
408,0.25157458,0.59309345,143.41022,123.925415,178.60522,213.51364
408,0.32538933,0.54078275,181.77802,123.81064,234.72034,194.6818
408,0.9874078,0.53446645,624.0501,87.964645,639.83185,192.40791
408,0.3804513,0.6285109,229.8967,165.70601,257.08096,226.26393
408,0.96306056,0.68868196,595.90857,122.12454,636.80896,247.9255
408,0.6878215,0.3296824,429.91583,93.20924,450.49567,118.68567
408,0.6807257,0.532333,411.32983,128.11035,459.99902,191.6399
409,0.66105765,1.0,398.3545,262.0791,447.79932,360.0
409,0.44362506,0.8085144,257.0702,202.98988,310.7699,291.0652
409,0.5133071,0.7088376,308.75806,148.0737,348.27502,255.18155
409,0.41990823,0.6595734,250.80656,146.78143,286.67596,237.44641
409,0.22790174,0.7880293,129.16516,167.47089,162.54907,283.69055
409,0.25131708,0.60744154,142.94128,124.556274,178.74457,218.67896
409,0.6715285,0.70922524,404.49176,134.18668,455.06476,255.32108
409,0.32503036,0.5417719,181.23361,123.80051,234.80524,195.03787
409,0.6802503,0.5357219,410.5205,128.60748,460.19983,192.8599
409,0.98746985,0.53411406,624.1306,88.453545,639.8308,192.28107
409,0.3825961,0.6294596,229.88696,169.6438,259.83606,226.60547
409,0.9631144,0.6886514,596.1655,122.34021,636.62085,247.91449
409,0.48985586,0.5241741,295.43463,128.40134,331.58087,188.70267
409,0.68773925,0.32969663,429.90494,93.47829,450.40134,118.69078
410,0.661764,0.99982995,399.14667,262.25488,447.91132,359.93878
410,0.51530135,0.70958936,309.67163,148.76129,349.91406,255.45218
410,0.4436637,0.80980396,257.19348,203.13531,310.69604,291.52942
410,0.6697833,0.7099151,404.48865,144.57178,452.83398,255.56943
410,0.42303857,0.6620953,252.98674,146.88696,288.50262,238.35431
410,0.2264899,0.7916868,129.77936,167.1135,160.12772,285.00723
410,0.2519146,0.62121284,143.746,125.05432,178.70468,223.63663
410,0.3256058,0.54252607,181.32236,122.50247,235.4531,195.30939
410,0.6829523,0.53798497,414.52362,128.67288,459.65533,193.67459
410,0.385323,0.63009626,230.1449,169.30954,263.06854,226.83466
410,0.98716974,0.53458744,623.7369,89.0513,639.8404,192.45148
410,0.9622089,0.69134325,595.0919,120.26303,636.5355,248.88358
410,0.49192,0.51444566,296.48334,127.44702,333.17426,185.20044
410,0.6876215,0.3296585,429.85715,93.48839,450.2983,118.67706
411,0.6621475,0.99896395,399.27118,262.29376,448.27765,359.627
411,0.51696175,0.7091352,310.35504,148.84842,351.35602,255.28867
411,0.42323023,0.69467425,250.66748,146.75711,291.0672,250.08273
411,0.67016613,0.71055317,404.4967,142.51743,453.31598,255.79913
411,0.25107235,0.6220743,142.65445,125.92136,178.71817,223.94675
411,0.22563668,0.793398,130.1135,167.87097,158.70145,285.6233
411,0.44375578,0.8100435,257.15482,211.20667,310.85257,291.61566
411,0.32494715,0.5436135,181.0925,122.68991,234.83984,195.70087
411,0.6812012,0.53763777,412.1987,128.4029,459.73886,193.54959
411,0.38733917,0.62997437,230.38388,167.98468,265.41028,226.79077
411,0.9873651,0.5346914,623.9867,89.00824,639.8407,192.48889
411,0.96284807,0.69026726,595.8589,120.81256,636.5867,248.49622
411,0.49118248,0.512833,296.27255,127.771545,332.441,184.61987
411,0.6872912,0.33001256,429.4446,93.42642,450.28812,118.80452
412,0.5181566,0.70845896,311.28082,147.9425,351.9596,255.04523
412,0.6614219,0.99921453,399.1045,261.82428,447.51556,359.71722
412,0.6693983,0.7098015,404.3371,142.55185,452.49274,255.52853
412,0.44376573,0.80995864,257.04462,211.86618,310.97552,291.5851
412,0.42677212,0.6927797,250.12729,144.83313,296.14102,249.4007
412,0.22425091,0.79448324,130.66168,168.53412,156.37949,286.01398
412,0.2514514,0.62066406,143.48303,125.89926,178.37476,223.43906
412,0.6812971,0.5354945,412.71017,126.77423,459.35013,192.77802
412,0.3884782,0.6285099,230.47559,167.27121,266.7765,226.26355
412,0.32382512,0.5432028,181.39633,125.30655,233.09982,195.55301
412,0.98755586,0.5344037,624.2279,89.316986,639.8436,192.38531
412,0.9629545,0.688318,596.3307,120.815704,636.2511,247.7945
412,0.49324903,0.4836242,299.56625,127.84439,331.7925,174.1047
412,0.6874343,0.32882228,429.51764,92.94389,450.39825,118.37602
413,0.51735795,0.706967,309.52374,146.91003,352.6944,254.50812
413,0.6616091,0.99904656,398.63678,261.2568,448.2229,359.65677
413,0.4435934,0.80914,256.70984,209.03099,311.08972,291.2904
413,0.67124647,0.7095518,404.44165,147.67883,454.75385,255.43866
413,0.22449914,0.79536474,131.21024,169.82855,156.14865,286.3313
413,0.42972022,0.69225466,251.9255,144.65253,298.11636,249.21167
413,0.251233,0.62277824,143.60349,125.73386,177.97476,224.20016
413,0.38860694,0.6282512,230.36014,168.07687,267.05673,226.17044
413,0.6858221,0.53248674,418.00754,125.63718,459.84482,191.69522
413,0.3235728,0.541277,181.97043,124.475464,232.20279,194.85971
413,0.9908389,0.53097075,628.43365,88.21091,639.84015,191.14948
413,0.9869426,0.53327817,623.4328,88.20268,639.8537,191.98015
413,0.9632759,0.68822116,596.6012,118.26486,636.39197,247.75961
413,0.49494115,0.47736648,301.88382,127.52429,331.64084,171.85193
414,0.66362846,1.0,398.6311,260.74274,450.8133,360.0
414,0.5181669,0.7054694,310.29404,147.4161,352.95963,253.969
414,0.6690656,0.7081184,404.2048,147.05872,452.1992,254.9226
414,0.44422418,0.8085612,257.06702,206.76654,311.53992,291.08203
414,0.22759362,0.79458374,132.21078,170.24078,159.10904,286.05014
414,0.3234269,0.53957313,181.9838,126.368164,232.00266,194.24634
414,0.25069612,0.6083948,142.54286,125.613434,178.34819,219.02213
414,0.4354824,0.6762625,256.2292,145.46854,301.1883,243.4545
414,0.3888978,0.6272573,230.17706,168.3053,267.61212,225.81262
414,0.68770003,0.5327335,420.2862,125.15167,459.96985,191.78406
414,0.9639074,0.6872842,596.36755,120.02161,637.43396,247.4223
414,0.990987,0.53032464,628.6217,87.3356,639.8417,190.91687
414,0.98717725,0.53223413,623.74744,90.41177,639.8395,191.60428
414,0.49440354,0.48483226,300.9715,126.369385,331.86505,174.53961
415,0.66405404,1.0,399.45422,260.8789,450.5349,360.0
415,0.6689003,0.7092568,404.1914,146.96356,452.00098,255.33246
415,0.51690465,0.707647,308.73035,147.87756,352.9076,254.75293
415,0.2273126,0.7949831,131.79234,170.8628,159.16777,286.1939
415,0.44391927,0.80851406,256.87445,206.79723,311.34222,291.06506
415,0.32367414,0.53927314,181.98404,124.87265,232.31888,194.13834
415,0.25049266,0.6180512,141.94022,125.48468,178.6904,222.49841
415,0.43973297,0.6832091,258.8296,145.49255,304.02863,245.95529
415,0.38909394,0.62774634,230.22913,168.16081,267.8111,225.9887
415,0.6871248,0.53241795,420.6119,125.115204,458.9078,191.67047
415,0.9831158,0.53287023,618.52734,89.8927,639.86084,191.83328
415,0.4429118,0.8101066,257.65857,145.9389,309.26855,291.63837
415,0.990458,0.5307336,627.93585,89.323975,639.8504,191.06409
415,0.96400917,0.6881555,596.5846,119.2005,637.34717,247.73596
416,0.668972,0.70961696,403.9715,147.38019,452.31268,255.4621
416,0.66399324,0.9997106,400.41428,261.4787,449.49704,359.8958
416,0.5169568,0.70923036,309.13837,147.3125,352.56635,255.32294
416,0.444005,0.80999076,256.9835,202.22601,311.34293,291.59668
416,0.22695827,0.7965877,131.4383,171.23373,159.0683,286.77158
416,0.32391366,0.5408272,181.96259,125.84871,232.64691,194.6978
416,0.25084633,0.6218468,142.21739,125.50011,178.86592,223.86485
416,0.38950902,0.6282327,230.19962,168.22696,268.37192,226.16379
416,0.44110173,0.6728442,260.3501,147.47095,304.26013,242.2239
416,0.6872191,0.5330724,421.28406,125.8244,458.35638,191.90607
416,0.98601514,0.533659,622.2429,89.81969,639.85645,192.11723
416,0.99079096,0.5311904,628.364,89.20407,639.8484,191.22855
416,0.96400815,0.68985844,596.59973,120.75482,637.3307,248.34903
416,0.45937958,0.58341324,282.36682,147.116,305.63904,210.02878
416,0.44339305,0.8107376,257.96906,147.93921,309.57404,291.86554
417,0.66919506,0.70964634,404.06177,147.41147,452.50793,255.47269
417,0.51743615,0.70973563,310.45752,147.87927,351.86072,255.50482
417,0.22882113,0.79751426,132.03674,171.7594,160.85431,287.10513
417,0.32361197,0.5399238,181.56375,126.05641,232.65958,194.37257
417,0.6643886,0.9987249,401.4521,261.20544,448.96533,359.54095
417,0.44399333,0.808967,257.16693,201.62894,311.14453,291.22812
417,0.25082022,0.61114454,142.20648,125.53691,178.84341,220.01204
417,0.38883826,0.6282839,229.91016,169.0905,267.80283,226.1822
417,0.44359535,0.8097119,258.2129,148.50375,309.58917,291.49628
417,0.68697625,0.53319734,420.22858,125.756134,459.101,191.95105
417,0.44239122,0.68636286,260.3714,148.07034,305.88934,247.09064
417,0.9875268,0.53483504,624.19104,89.15884,639.84326,192.54062
417,0.9630289,0.6898637,595.7207,119.9512,636.9563,248.35092
418,0.66950923,0.7093669,404.14838,147.85806,452.82343,255.3721
418,0.51563954,0.7073933,309.64847,148.20212,350.37015,254.66159
418,0.66385394,0.9997221,401.29385,261.42902,448.43918,359.89996
418,0.23039922,0.7964895,132.17734,171.7597,162.73367,286.7362
418,0.32359287,0.5395962,181.50958,124.67743,232.6893,194.25464
418,0.4437562,0.81132305,256.87714,200.8319,311.1308,292.0763
418,0.38957614,0.6282054,230.4975,166.47513,268.15994,226.15396
418,0.25133497,0.60665226,142.8382,126.00012,178.87054,218.3948
418,0.44357544,0.8093282,258.0201,150.54468,309.75644,291.35815
418,0.6876793,0.5348643,420.83185,125.491394,459.39764,192.55115
418,0.4426179,0.6893291,259.8522,150.78073,306.6987,248.15848
418,0.9869378,0.5350121,623.4281,89.21838,639.8523,192.60437
418,0.9904629,0.52997905,628.0611,90.54873,639.7314,190.79245
418,0.9636194,0.690312,596.3082,123.01907,637.12463,248.51233
418,0.68778,0.32899183,429.84363,93.440445,450.51477,118.43706
419,0.6688405,0.7092147,404.07733,148.20447,452.0385,255.31729
419,0.66365445,0.99969906,401.10175,261.4276,448.37592,359.89166
419,0.51482904,0.7096144,309.87317,148.0138,349.10797,255.46118
419,0.32378957,0.5392614,182.0285,125.09857,232.42215,194.1341
419,0.23419735,0.7968515,133.22989,172.90775,166.54272,286.86655
419,0.44422024,0.8090649,257.0273,201.27592,311.57462,291.26337
419,0.25142595,0.5906247,143.03906,126.37207,178.78616,212.62488
419,0.38921005,0.62742007,230.47342,167.30865,267.71545,225.87122
419,0.44357586,0.80944806,257.91745,150.0321,309.85965,291.4013
419,0.6872342,0.53486335,420.19427,124.97562,459.4655,192.55081
419,0.4426412,0.6780933,260.47513,150.93811,306.10562,244.11359
419,0.98397034,0.5334288,619.6249,88.80854,639.8572,192.03436
419,0.99050045,0.5311632,627.9973,88.72228,639.84326,191.21875
420,0.66896546,0.70915484,404.18823,148.1221,452.08752,255.29575
420,0.6635366,0.99892163,400.9611,261.6193,448.36575,359.6118
420,0.51168555,0.7094368,308.17627,148.06842,346.78125,255.39725
420,0.23892336,0.7980384,134.1773,175.28424,171.64459,287.29382
420,0.32380334,0.5398234,182.17645,125.053955,232.29181,194.33643
420,0.3891371,0.6271364,230.50629,167.3183,267.58917,225.7691
420,0.44407648,0.8104435,257.0994,198.10757,311.3185,291.75967
420,0.4436223,0.8088548,257.74957,149.44736,310.08698,291.18774
420,0.25035042,0.5775569,142.86916,128.68944,177.57939,207.92049
420,0.6874503,0.53461635,420.28503,125.1438,459.65137,192.46188
420,0.44298154,0.68661845,260.29883,150.60458,306.71753,247.18265
420,0.9866392,0.5336515,623.0442,88.65973,639.854,192.11453
420,0.99080867,0.53114843,628.3966,88.706184,639.8385,191.21344
420,0.4433573,0.61866397,262.95355,152.55399,304.54376,222.71902
420,0.9645339,0.6887474,596.89954,119.365265,637.70386,247.94907
420,0.49446282,0.47740453,302.22205,128.26126,330.69037,171.86563
421,0.6689426,0.70923877,404.45203,148.13107,451.7945,255.32596
421,0.6631276,0.9992792,400.63733,261.82272,448.16602,359.7405
421,0.2441204,0.79894793,135.49588,175.5615,176.97824,287.62125
421,0.32404923,0.539681,182.52367,125.02179,232.25935,194.28516
421,0.5089305,0.7093586,306.00354,147.34802,345.4275,255.36908
421,0.38882175,0.62717736,230.27069,167.26181,267.42114,225.78384
421,0.44403815,0.8100128,257.07617,191.09943,311.29266,291.6046
421,0.44363913,0.8091364,257.59763,148.82468,310.26047,291.2891
421,0.25178912,0.5816079,144.33853,127.89662,177.95154,209.37883
421,0.6877347,0.5346929,420.62738,125.08545,459.67303,192.48944
421,0.9876615,0.53413975,624.35986,88.56137,639.8468,192.29031
421,0.44322357,0.69224083,259.74915,149.41422,307.57703,249.2067
421,0.96418923,0.6886836,596.4518,120.02161,637.71045,247.92612
421,0.44413152,0.6179994,263.81665,151.67673,304.6717,222.47977
422,0.66896975,0.7092161,404.48993,148.13321,451.79132,255.31781
422,0.662654,0.99892324,400.2767,261.8366,447.92038,359.61237
422,0.24586745,0.8029528,136.31189,175.56992,178.39844,289.06302
422,0.32395858,0.5398073,182.40471,124.758545,232.26225,194.33063
422,0.50743186,0.70979935,305.3222,145.04282,344.1906,255.52777
422,0.44397622,0.80991143,256.8808,147.9826,311.40875,291.5681
422,0.38849488,0.62600446,230.29398,167.16934,266.97946,225.3616
422,0.25231975,0.5776681,145.17561,127.62393,177.79366,207.96051
422,0.44411153,0.811002,256.68,200.76248,311.78278,291.96072
422,0.6876752,0.5320477,421.0415,125.08826,459.18274,191.53717
422,0.986324,0.53382266,622.6406,88.653305,639.8541,192.17616
422,0.99076813,0.5312831,628.3456,88.6093,639.83765,191.26192
422,0.9644121,0.6882836,596.687,119.45297,637.7605,247.7821
422,0.32554227,0.48608902,184.75616,124.32521,231.93793,174.99205
423,0.6687714,0.7090132,404.4417,147.81448,451.5857,255.24475
423,0.6622174,0.9999703,400.01526,261.81177,447.623,359.98932
423,0.32408682,0.5391519,182.52328,124.85483,232.30783,194.0947
423,0.2471834,0.80360997,137.70341,183.19946,178.69133,289.2996
423,0.50796306,0.7086958,304.73395,137.56885,345.4588,255.1305
423,0.25259146,0.57262963,144.7092,127.159485,178.60788,206.14667
423,0.3886703,0.62624824,230.29092,167.46924,267.20706,225.44937
423,0.44393998,0.80856645,257.56055,147.71646,310.68262,291.08392
423,0.44419813,0.81013167,256.93793,194.66165,311.63568,291.6474
423,0.6874464,0.5324887,420.52866,124.52429,459.40274,191.69592
423,0.99010736,0.5333445,627.49146,88.65821,639.84595,192.00403
423,0.44402638,0.69179195,259.96158,147.9094,308.39218,249.0451
423,0.96404284,0.687485,596.36755,119.3634,637.6073,247.4946
424,0.6688313,0.70878965,404.40884,147.89902,451.69522,255.16428
424,0.6614333,0.999949,399.97003,262.0703,446.66455,359.98163
424,0.24854393,0.80733573,137.22147,179.2273,180.91476,290.64087
424,0.3235817,0.53883487,182.11398,124.49271,232.07059,193.98056
424,0.50481814,0.70629776,303.48355,132.70459,342.6837,254.26718
424,0.25254962,0.5519938,144.3718,127.09488,178.89172,198.71777
424,0.38837478,0.62603176,229.97897,167.86154,267.14075,225.37143
424,0.44421822,0.80856305,258.06277,148.31464,310.53653,291.0827
424,0.44445053,0.8104815,257.1742,193.89618,311.72247,291.77335
424,0.6868459,0.53232026,419.7002,125.09729,459.46252,191.63528
424,0.44415998,0.6887837,260.75928,148.40308,307.7655,247.96213
424,0.99070776,0.53126687,628.2665,88.393715,639.8395,191.25607
424,0.9636286,0.6874337,596.25867,118.2666,637.1859,247.47614
424,0.44491848,0.62040716,264.5554,151.47308,304.94028,223.34659
425,0.6693691,0.70973164,404.63416,147.87875,452.15833,255.50339
425,0.66085875,1.0,399.9858,262.31824,445.91336,360.0
425,0.24951005,0.80918497,138.9122,178.35684,180.46066,291.30658
425,0.3239355,0.5397335,182.74219,125.23285,231.89526,194.30408
425,0.50282115,0.7050071,304.28717,134.20068,339.3239,253.80255
425,0.3882562,0.6272687,229.89304,167.71405,267.0749,225.81671
425,0.44414634,0.8086936,257.7295,148.55899,310.77783,291.1297
425,0.44421452,0.81039494,257.02307,199.54095,311.57153,291.7422
425,0.25297126,0.5469442,144.87164,127.421265,178.93158,196.8999
425,0.68710756,0.53218555,420.22363,125.41931,459.27405,191.58679
425,0.3252418,0.48602244,184.42722,125.44318,231.8823,174.96808
425,0.9906616,0.53145033,628.21094,88.99539,639.83594,191.32211
425,0.9635302,0.6878041,596.41626,121.04263,636.90234,247.60947
425,0.4438486,0.6819177,259.54675,147.87756,308.57947,245.49039
425,0.44561607,0.6193119,264.98953,150.92851,305.39902,222.95229
425,0.25836658,0.4753873,152.00122,127.14511,178.70801,171.13943
426,0.66940403,0.7097869,404.65897,147.62143,452.1782,255.52328
426,0.6608173,1.0,399.86093,262.6759,445.98526,360.0
426,0.2529058,0.8069604,143.09668,176.08966,180.62271,290.50574
426,0.50286674,0.70712095,304.12247,134.2995,339.54697,254.56354
426,0.3238771,0.54137546,182.89032,125.35129,231.67236,194.89517
426,0.38844255,0.62762386,230.00058,167.88057,267.20587,225.9446
426,0.4441638,0.80872184,257.78986,148.80344,310.7398,291.13986
426,0.44433242,0.8104649,256.9923,201.1312,311.75317,291.76736
426,0.6874758,0.5324903,420.86356,125.95555,459.10544,191.69652
426,0.2529605,0.5480374,144.78885,127.5437,179.00058,197.29346
426,0.9877483,0.5337854,624.47034,89.28934,639.84753,192.16275
426,0.32533526,0.4834654,184.62369,125.720215,231.80545,174.04755
426,0.9632778,0.6879935,595.9592,121.04184,637.0364,247.67767
426,0.4441659,0.6938194,260.19257,149.15314,308.33978,249.775
426,0.44538337,0.6215023,264.67645,150.46335,305.41425,223.74081
426,0.056164064,0.6856498,24.732622,136.18674,47.15738,246.83392
426,0.259626,0.47509995,153.61266,127.3425,178.70863,171.03598
427,0.6694258,0.7101117,404.65283,147.70456,452.21216,255.6402
427,0.6602184,1.0,399.86407,263.17596,445.2155,360.0
427,0.2553506,0.80952895,146.06842,178.78659,180.78033,291.43042
427,0.5029637,0.70712936,303.8813,135.03683,339.9123,254.56656
427,0.32406312,0.5374257,183.02371,125.09129,231.77707,193.47325
427,0.38828197,0.6280058,229.94617,168.05515,267.05475,226.08209
427,0.4444047,0.8109281,257.03998,201.63553,311.79803,291.9341
427,0.44438475,0.80868167,258.18234,148.83224,310.63016,291.1254
427,0.44432402,0.6858218,261.40393,149.3215,307.3308,246.89584
427,0.68695927,0.5326572,420.08862,126.29614,459.21924,191.75659
427,0.3253663,0.48646614,184.83368,124.37314,231.63516,175.1278
427,0.98794377,0.5337623,624.7257,89.494026,639.8423,192.15442
427,0.25332722,0.5572297,144.9856,127.54617,179.27325,200.60269
427,0.9634587,0.68776536,596.1148,122.82861,637.11237,247.59552
427,0.056160428,0.68586266,24.778128,134.37234,47.107216,246.91055
427,0.44514474,0.62293905,264.87585,150.96735,304.90942,224.25806
427,0.68762743,0.32959405,429.53915,92.67311,450.62393,118.653854
428,0.6692115,0.7096762,404.6961,147.88672,451.8946,255.48343
428,0.6600641,1.0,399.98407,264.0499,444.89795,360.0
428,0.25898162,0.81177723,148.90732,176.00513,182.58914,292.2398
428,0.5034812,0.7066936,304.26556,135.42703,340.19037,254.4097
428,0.323646,0.5306065,182.29402,125.48526,231.97289,191.01834
428,0.38854703,0.6281841,230.00848,168.25113,267.33173,226.14627
428,0.44452828,0.8103577,257.1288,197.89648,311.8674,291.72876
428,0.4442889,0.808607,258.02274,148.87402,310.66708,291.0985
428,0.6873558,0.5331091,420.63464,126.578766,459.1808,191.91928
428,0.25348124,0.59947526,145.02011,127.64697,179.43588,215.8111
428,0.44369978,0.6893704,260.56912,149.23169,307.3666,248.17334
428,0.9802669,0.53360784,614.88574,90.66468,639.85596,192.09882
428,0.99036825,0.5312182,627.83057,89.61189,639.8408,191.23854
428,0.4451561,0.6241265,264.88904,150.74817,304.91077,224.68555
428,0.25945354,0.50121504,153.12201,127.94992,178.97852,180.43741
428,0.96410733,0.68618774,597.0097,125.424866,637.04767,247.02759
428,0.32544774,0.48196563,184.60307,125.581604,231.97005,173.50763
429,0.6691053,0.70968086,404.6459,148.03699,451.80887,255.4851
429,0.6599176,1.0,399.91687,264.63324,444.77765,360.0
429,0.2635941,0.82170224,149.81525,175.38818,187.5852,295.8128
429,0.504374,0.7081419,304.75793,136.60468,340.84082,254.93109
429,0.38851446,0.6283076,229.99524,167.65369,267.30328,226.19073
429,0.32514584,0.49258482,184.09285,125.71307,232.09383,177.33054
429,0.4444717,0.80823684,258.37878,148.06845,310.54498,290.96527
429,0.44457477,0.8101232,257.2825,200.75545,311.77322,291.64435
429,0.2534335,0.610626,145.17384,127.46036,179.22102,219.82535
429,0.44452268,0.68064135,261.6467,148.09625,307.34232,245.03088
429,0.6871813,0.53361577,420.25684,126.593475,459.3352,192.10168
429,0.25670883,0.5336972,149.6241,127.5331,178.96321,192.131
429,0.98575383,0.5339713,621.9093,90.64808,639.8556,192.22968
429,0.99082077,0.53150916,628.4155,89.87738,639.8351,191.34329
429,0.4453291,0.62275016,264.73523,150.09598,305.286,224.19006
430,0.6691264,0.7101531,404.68304,148.2121,451.7987,255.65512
430,0.65994287,1.0,400.25052,265.47247,444.47635,360.0
430,0.50735176,0.7059772,305.38538,136.92938,344.0249,254.1518
430,0.2719918,0.81672627,154.21194,175.53976,193.93753,294.02145
430,0.32549495,0.49373507,184.78561,125.41397,231.8479,177.74463
430,0.38884047,0.62825656,230.00577,168.2641,267.71002,226.17236
430,0.44438934,0.81032234,257.16522,149.48874,311.65314,291.71603
430,0.25331968,0.60965246,145.23196,127.54956,179.01721,219.47488
430,0.687002,0.5327032,420.3318,127.197235,459.03076,191.77316
430,0.44464403,0.8109689,257.03287,200.96362,312.11148,291.9488
430,0.9906683,0.5315567,628.2256,89.78247,639.82983,191.36041
430,0.4440295,0.6947144,260.04913,148.10153,308.30865,250.0972
430,0.44519788,0.61952597,264.1682,150.78552,305.68506,223.02936
431,0.6597238,1.0,400.10675,266.70563,444.33972,360.0
431,0.6693672,0.71026826,404.7473,147.93848,452.04272,255.69656
431,0.27604273,0.8159236,156.28265,176.52753,197.05203,293.73248
431,0.50694895,0.70901656,303.9194,136.22455,344.97525,255.24597
431,0.3259552,0.49455252,184.71628,125.54666,232.50641,178.03891
431,0.44445246,0.8106095,257.23755,197.39352,311.66162,291.81943
431,0.44399738,0.8090142,258.11493,148.6019,310.20172,291.24512
431,0.25353354,0.6072069,145.28989,127.61096,179.23306,218.59448
431,0.38842177,0.6284105,229.85385,168.44708,267.32602,226.22778
431,0.686858,0.5326841,420.01257,127.14877,459.16565,191.76627
431,0.98782665,0.53415024,624.57874,89.26749,639.83936,192.2941
431,0.44249755,0.68842554,260.6598,149.35785,305.73706,247.83319
431,0.4431444,0.61527497,263.04968,151.42477,304.17517,221.499
431,0.9627344,0.68303084,595.9199,122.3689,636.3801,245.89111
432,0.6609937,1.0,401.5243,268.5146,444.5476,360.0
432,0.6692983,0.7103208,404.76898,148.18576,451.9328,255.71548
432,0.28312874,0.8219078,160.96844,177.87292,201.43634,295.8868
432,0.5087713,0.7089591,305.00305,145.6709,346.22424,255.22528
432,0.32583842,0.49217683,184.69171,125.829285,232.38147,177.18365
432,0.44436997,0.8098359,257.21027,201.24808,311.5833,291.54092
432,0.44370764,0.80941045,258.128,148.01831,309.8178,291.38776
432,0.25435084,0.6198985,145.19739,127.35553,180.3717,223.16345
432,0.38763958,0.6283546,229.66803,169.32463,266.51065,226.20766
432,0.44072476,0.6841892,260.9715,148.45288,303.1562,246.3081
432,0.68665946,0.53174514,419.9369,126.82468,458.98718,191.42825
432,0.9904024,0.53119296,627.88696,89.023155,639.8281,191.22946
432,0.96258533,0.6828662,596.03986,121.86243,636.0694,245.83185
433,0.6613992,1.0,401.86996,270.22,444.72098,360.0
433,0.66931903,0.71039546,404.87738,148.11987,451.851,255.74237
433,0.28744063,0.82571256,163.03888,180.28586,204.88513,297.25653
433,0.5122161,0.7077049,307.7492,146.98434,347.8874,254.77377
433,0.4445571,0.8095342,257.0307,200.93965,312.00238,291.4323
433,0.32592958,0.49438715,184.57614,125.74536,232.61374,177.97937
433,0.25414592,0.6160528,145.0568,127.82707,180.25,221.779
433,0.44054478,0.67557925,260.5829,148.2706,303.31445,243.20853
433,0.38818014,0.62838185,229.90457,169.50348,266.966,226.21747
433,0.6869824,0.5319703,420.2996,126.98221,459.03787,191.50931
433,0.990445,0.5314028,627.94226,89.08034,639.8274,191.30501
433,0.44365376,0.8096151,257.83636,147.52975,310.04047,291.46143
433,0.96325827,0.68260413,596.15985,121.751465,636.8107,245.73749
434,0.66299474,1.0,403.3302,271.72705,445.3031,360.0
434,0.669175,0.711121,404.7089,148.30185,451.8351,256.00357
434,0.51542586,0.70708764,310.5003,147.78647,349.2448,254.55154
434,0.28834283,0.82594514,164.90616,180.24265,204.17267,297.34024
434,0.3256629,0.49439037,184.29724,125.6918,232.5513,177.98053
434,0.25402895,0.6106317,144.8934,127.81027,180.26364,219.82742
434,0.44277993,0.81047076,257.24667,146.43536,309.51163,291.76947
434,0.44431305,0.81150717,256.64764,205.22691,312.07306,292.14258
434,0.43755016,0.6851716,257.88086,146.53238,302.18335,246.66177
434,0.38746995,0.6301639,229.73068,169.22437,266.23087,226.85901
434,0.68632346,0.53211397,419.44867,127.3255,459.04535,191.56104
434,0.98783743,0.5347835,624.59485,89.0267,639.83704,192.52206
434,0.9631754,0.6825839,596.0787,121.71597,636.7858,245.73022
434,0.056185506,0.6850424,24.802885,135.57278,47.114563,246.61526
434,0.9907444,0.5262124,628.39526,92.40241,639.75757,189.43646
435,0.66354924,1.0,403.746,273.54468,445.59702,360.0
435,0.5178855,0.7069615,312.08102,148.48166,350.8124,254.50613
435,0.6693977,0.71057546,404.8156,148.50323,452.0135,255.80716
435,0.28473562,0.8295343,166.22679,179.73734,198.23482,298.63235
435,0.25257015,0.61396474,144.67618,128.33026,178.61362,221.02731
435,0.3257408,0.49264696,184.37521,126.06134,232.57303,177.3529
435,0.43390393,0.6992225,254.09378,145.90054,301.30325,251.7201
435,0.44365835,0.81135535,256.21594,211.05441,311.66675,292.08792
435,0.38835555,0.6304143,229.6687,169.36584,267.42642,226.94916
435,0.68637836,0.5322174,419.57172,127.34544,458.9926,191.59825
435,0.44282898,0.8116214,255.76938,146.30008,311.05173,292.18372
435,0.9877653,0.534453,624.5031,89.145454,639.8365,192.40308
435,0.49411058,0.47999963,301.64178,129.34747,330.81976,172.79987
435,0.96338826,0.68105894,596.1244,122.83853,637.0126,245.18121
435,0.99075186,0.5259607,628.4026,92.32301,639.75977,189.34584
436,0.6645625,0.99985147,404.8463,275.1396,445.7937,359.94653
436,0.5196203,0.7060541,313.38757,147.71356,351.72644,254.17947
436,0.6695755,0.71044195,404.8294,148.376,452.22723,255.7591
436,0.2523183,0.6017831,145.36859,126.946594,177.59882,216.6419
436,0.28715554,0.82904553,168.6999,180.05832,198.85918,298.4564
436,0.32541856,0.49170396,184.22287,125.14679,232.3129,177.01343
436,0.4317572,0.6941948,251.71655,146.17648,300.93268,249.91013
436,0.44401512,0.8115706,256.93433,209.57306,311.40503,292.1654
436,0.68662363,0.53237426,419.85516,127.52246,459.02307,191.65472
436,0.39016372,0.63090134,229.96933,168.90475,269.44025,227.12448
436,0.98765403,0.5344252,624.36285,88.93897,639.8343,192.39307
436,0.4934186,0.47917208,300.80603,129.4336,330.76978,172.50195
436,0.9634441,0.6817597,596.0104,123.24057,637.1981,245.4335
436,0.056141622,0.68516344,24.806328,134.77731,47.054947,246.65884
436,0.99073106,0.5266019,628.374,92.288795,639.7617,189.57669
437,0.6648867,1.0,405.07278,275.41776,445.9822,360.0
437,0.5199272,0.70603704,313.4286,147.06863,352.07825,254.17334
437,0.66960204,0.7102107,404.8337,148.36572,452.25687,255.67584
437,0.29167956,0.8277772,170.42014,179.15753,202.92972,297.9998
437,0.42821684,0.69706845,248.47882,147.24188,299.63873,250.94464
437,0.25207916,0.60530615,145.55392,127.119965,177.10739,217.91022
437,0.4420747,0.8111668,255.25275,209.08347,310.60284,292.02005
437,0.32589346,0.48686016,184.95084,125.357544,232.19278,175.26965
437,0.6866189,0.5319617,419.96976,127.64371,458.90244,191.5062
437,0.3875795,0.62927705,230.07321,168.9779,266.02856,226.53973
437,0.9632212,0.6812327,596.0658,119.829834,636.8573,245.24377
437,0.987751,0.5344865,624.4855,88.66831,639.8358,192.41513
437,0.49364033,0.4784607,300.9839,129.58398,330.87573,172.24585
437,0.9907759,0.52635217,628.43396,92.28586,639.75916,189.48679
438,0.66338664,0.9998491,403.28958,274.43982,445.8453,359.94568
438,0.51965624,0.70506674,313.09143,146.31448,352.06854,253.82404
438,0.66954345,0.71028525,404.87146,148.72778,452.14417,255.7027
438,0.29663348,0.8276116,173.66632,179.97626,206.02454,297.9402
438,0.44442987,0.8100709,257.00302,211.36246,311.86722,291.62552
438,0.4234798,0.6873507,248.17847,147.2125,293.87567,247.44626
438,0.2506375,0.61435217,144.72867,126.45517,176.08734,221.16678
438,0.32604867,0.4867292,185.02252,124.9395,232.31976,175.22252
438,0.68550664,0.5320627,418.41693,127.90256,459.03156,191.54257
438,0.98764265,0.5341044,624.3484,88.81898,639.8342,192.27759
438,0.96299857,0.6817505,595.8189,118.45651,636.8193,245.43018
438,0.49264115,0.48025596,299.12842,128.6489,331.45227,172.89215
438,0.38593164,0.6284577,230.20334,168.56973,263.78915,226.24478
438,0.9907526,0.5259588,628.40247,92.29737,639.76086,189.34515
439,0.6602806,1.0,399.73218,269.6488,445.427,360.0
439,0.51837444,0.7047629,311.97186,146.43964,351.54742,253.71463
439,0.66966164,0.7104036,404.9248,148.32648,452.24213,255.7453
439,0.30071503,0.8270508,173.71521,181.01382,211.20001,297.73828
439,0.4443528,0.80990636,257.02057,209.65465,311.75104,291.56628
439,0.42262745,0.6820374,248.29868,147.34113,292.66446,245.53348
439,0.24792536,0.6117782,143.3397,126.632355,174.00475,220.24014
439,0.6859962,0.5318931,419.1953,127.87842,458.87976,191.4815
439,0.987702,0.5342669,624.422,88.40005,639.83655,192.33609
439,0.32578507,0.48489973,184.83997,123.21716,232.16492,174.5639
439,0.9634329,0.6813112,596.0271,117.94354,637.167,245.27203
439,0.4907363,0.48996544,297.1524,129.1624,330.99005,176.38756
439,0.3839443,0.62812257,230.22906,168.14279,261.21964,226.12411
439,0.99070466,0.5268017,628.34143,92.245,639.7605,189.64862
440,0.65835774,0.99841696,396.0138,265.03583,446.68408,359.4301
440,0.6696345,0.70977706,404.74838,148.15167,452.38382,255.51974
440,0.5169436,0.7052622,310.79156,147.72101,350.89618,253.89438
440,0.30839142,0.8291732,175.14793,181.52988,219.5931,298.50235
440,0.44427362,0.8098122,256.94464,208.12619,311.7256,291.53238
440,0.42077565,0.6763529,247.41599,146.63324,291.17685,243.48706
440,0.24923845,0.61666876,142.0203,126.74841,177.00491,222.00076
440,0.6853536,0.5311926,418.3365,126.65158,458.91608,191.22934
440,0.32271177,0.51031214,181.1554,123.80325,231.91568,183.71237
440,0.98775023,0.534517,624.48083,88.52768,639.8395,192.42612
440,0.9630024,0.68147415,595.9541,117.58032,636.68896,245.33069
440,0.49035215,0.49010932,296.73627,128.80008,330.9145,176.43936
441,0.653124,0.99840987,389.88837,262.41528,446.1103,359.42755
441,0.66998357,0.7087003,404.69037,148.39468,452.8886,255.13211
441,0.31157166,0.8309968,177.6224,182.59561,221.1893,299.15884
441,0.5151752,0.70745325,309.68616,148.05832,349.73816,254.68317
441,0.4443819,0.80949306,257.05853,205.93253,311.7503,291.4175
441,0.41754428,0.6787763,246.11404,146.52307,288.34262,244.35947
441,0.24539848,0.6177164,141.43146,127.424835,172.67859,222.3779
441,0.6834688,0.5311725,415.47754,125.778076,459.36255,191.2221
441,0.9877612,0.534196,624.4958,89.35709,639.83856,192.31058
441,0.40586263,0.64700454,232.29224,146.59834,287.2119,232.92165
441,0.48988476,0.49265087,296.24084,127.01129,330.81165,177.35431
441,0.2871896,0.5810061,165.19449,127.22659,202.4082,209.1622
441,0.96328866,0.6810733,596.2743,117.8067,636.7352,245.1864
441,0.61916703,0.94803554,389.8529,300.7359,402.6809,341.2928
442,0.3140516,0.8326033,177.11786,183.081,224.8682,299.73718
442,0.66924226,0.7095037,404.43195,147.40527,452.19818,255.42133
442,0.4439698,0.8092395,256.80112,203.74353,311.4802,291.32623
442,0.6512422,0.9975647,385.87015,260.33136,447.71988,359.1233
442,0.51414895,0.7086553,310.2554,148.1879,347.85526,255.1159
442,0.411065,0.6863185,242.17885,146.63388,283.98438,247.07468
442,0.24436574,0.6153772,141.39189,127.9534,171.39626,221.5358
442,0.68327004,0.53157824,415.4286,124.743286,459.15704,191.36816
442,0.4889122,0.4852522,295.42273,125.651245,330.3849,174.6908
442,0.6171163,0.9417263,385.60785,299.80573,404.30096,339.02148
442,0.987775,0.5341875,624.5112,89.33002,639.8408,192.3075
442,0.61199605,0.9427141,385.21268,301.32782,398.14224,339.37708
442,0.28962833,0.583408,166.79478,127.63541,203.92946,210.02689
442,0.96356773,0.6811819,596.4429,117.92203,636.9238,245.2255
443,0.6557381,0.9975993,388.6374,256.80347,450.7074,359.13574
443,0.4438552,0.8089313,256.78134,203.24133,311.3533,291.21527
443,0.6730488,0.7090844,404.92856,124.644226,456.57388,255.27039
443,0.3157657,0.8332911,180.14111,182.59683,224.039,299.9848
443,0.5120622,0.70881236,309.21933,148.09256,346.22025,255.17245
443,0.40814963,0.6900631,240.21582,145.95499,282.2157,248.42273
443,0.24541196,0.61988723,141.21356,126.784454,172.91376,223.1594
443,0.49115115,0.48646376,298.20667,126.025055,330.4668,175.12695
443,0.9876871,0.53311175,624.39856,89.209465,639.84094,191.92023
443,0.29469123,0.6170033,142.1055,125.55362,235.09927,222.12119
443,0.4887312,0.52541953,294.79257,125.83731,330.78336,189.15103
443,0.9636448,0.6808396,596.39355,118.206055,637.0718,245.10226
444,0.44391245,0.8085951,256.6766,203.13902,311.53134,291.09424
444,0.66071576,0.9989017,394.6325,252.25671,451.08368,359.6046
444,0.66922283,0.7087626,404.4729,147.51532,452.13232,255.15454
444,0.31887513,0.8330759,183.80688,182.45352,224.35327,299.90732
444,0.40653554,0.69037,238.865,145.82233,281.5005,248.5332
444,0.50181943,0.7103904,296.39075,143.67017,345.9381,255.74054
444,0.2476373,0.623692,141.43585,126.862976,175.53989,224.52911
444,0.6836614,0.53077096,415.76227,112.5502,459.32434,191.07755
444,0.9899677,0.5306244,627.3288,89.885,639.8299,191.02478
444,0.29029885,0.58582926,168.84186,127.07016,202.74066,210.89853
445,0.6691369,0.7105885,404.48428,148.04507,452.0109,255.81186
445,0.66341984,0.9972024,400.31805,255.87793,448.8593,358.99286
445,0.44400835,0.8089459,256.62854,202.94136,311.70215,291.22052
445,0.40344447,0.6902153,234.65747,146.07162,281.75146,248.47751
445,0.32315606,0.83301127,188.98293,182.92828,224.65681,299.88406
445,0.5002381,0.7106741,295.4615,137.33408,344.84332,255.84268
445,0.24408317,0.6227292,140.95222,126.7713,171.47423,224.1825
445,0.31613278,0.5902146,172.02809,120.227875,232.62187,212.47726
445,0.9876213,0.53345644,624.3157,89.459335,639.8396,192.04433
445,0.68271786,0.5249419,415.3088,122.11249,458.57004,188.9791
445,0.9633816,0.68213165,596.1161,120.556305,637.0123,245.56738
446,0.6689185,0.71024156,404.70416,148.28766,451.51154,255.68695
446,0.6660739,0.9991499,403.25317,255.81848,449.32147,359.69397
446,0.44405323,0.8091198,256.61337,203.05013,311.77475,291.28314
446,0.4070552,0.69217515,238.52817,146.35706,282.50247,249.18304
446,0.33107066,0.8371649,195.51471,184.69778,228.25574,301.37936
446,0.24233437,0.6293933,140.73135,127.15646,169.45663,226.58157
446,0.49814668,0.7085141,294.9802,150.29202,342.64755,255.06506
446,0.31705967,0.59020287,171.82782,120.2207,234.00854,212.47302
446,0.98753834,0.5334211,624.20984,89.33601,639.83923,192.0316
446,0.38370433,1.0,235.41815,337.60147,255.72339,360.0
446,0.96316564,0.6825324,596.15796,120.470764,636.6941,245.71167
446,0.6807865,0.44243574,423.4584,111.653,447.94827,159.27687
446,0.056238543,0.68567634,24.872072,132.48633,47.113266,246.84348
447,0.6689685,0.7084596,404.5606,148.52625,451.71906,255.04547
447,0.6679787,0.9990252,405.82196,257.77255,449.1908,359.64908
447,0.44413167,0.8097054,256.79474,203.18057,311.6938,291.49393
447,0.5004033,0.7102568,298.06116,148.11734,342.45508,255.69244
447,0.34179085,0.841509,204.46207,183.83032,233.03024,302.94324
447,0.24227118,0.62864447,141.01654,127.39227,169.09058,226.31201
447,0.41085967,0.6906501,242.3478,146.3298,283.5526,248.63403
447,0.322004,0.58417946,173.71298,117.91672,238.45212,210.3046
447,0.689011,0.5298556,421.87598,112.55508,460.05804,190.74802
447,0.5410083,0.5309898,322.1262,134.34445,370.3644,191.15634
447,0.9875021,0.5335439,624.1633,89.32091,639.83936,192.07579
447,0.96315336,0.682833,596.17377,120.797,636.66254,245.81989
447,0.3799007,1.0,232.34491,337.25214,253.92798,360.0
448,0.66915834,0.7085391,404.50775,148.49426,452.01495,255.0741
448,0.66796356,0.99675906,406.06204,258.521,448.9313,358.83325
448,0.4438242,0.8092498,256.50745,203.17874,311.58752,291.32993
448,0.5046996,0.70793426,303.8489,149.25482,342.16653,254.85632
448,0.3492143,0.84216875,206.74893,183.89432,240.24536,303.18076
448,0.24289227,0.6296136,141.33752,128.82474,169.56458,226.66089
448,0.41472277,0.68478495,246.82642,146.50296,284.01874,246.52258
448,0.3287716,0.5853212,180.12137,117.13263,240.70627,210.71564
448,0.54336923,0.52792984,325.21646,130.02185,370.29617,190.05475
448,0.6879543,0.5284621,421.4838,113.61774,459.09775,190.24637
448,0.98741376,0.53365934,624.0508,89.49478,639.83887,192.11737
448,0.96299016,0.68273926,596.1041,120.5116,636.5233,245.78613
449,0.668921,0.709031,404.46558,148.26312,451.7533,255.25116
449,0.44388372,0.80969894,256.575,203.28262,311.59613,291.4916
449,0.66580516,0.99934185,404.49506,262.35535,447.73553,359.76306
449,0.50515795,0.7055005,302.92993,149.45483,343.67224,253.98016
449,0.3533063,0.8426331,207.36829,185.56552,244.86377,303.34793
449,0.24390073,0.6290675,141.51733,128.16174,170.6756,226.4643
449,0.41331607,0.66927797,244.21057,147.27533,284.83398,240.94006
449,0.5463158,0.5296969,328.5142,131.02713,370.77005,190.69089
449,0.68910277,0.53273547,421.98737,114.9527,460.06415,191.78476
449,0.98745614,0.53335196,624.10425,89.445305,639.8396,192.00671
449,0.9629437,0.6826092,596.0729,120.68869,636.495,245.73932
449,0.37280485,1.0,227.58575,336.65387,249.60446,360.0
449,0.38215405,0.6476157,231.03394,150.6531,258.12323,233.14163
450,0.6689254,0.70916986,404.47034,147.60767,451.75415,255.30115
450,0.44371146,0.809384,256.39362,203.34843,311.55707,291.37823
450,0.5065672,0.7053744,302.87408,149.3251,345.53192,253.93478
450,0.6706832,1.0,396.6084,262.87384,461.8661,360.0
450,0.35360247,0.84281904,207.54407,191.29485,245.06708,303.41486
450,0.41232,0.65778816,243.19104,147.84677,284.57855,236.80374
450,0.24483648,0.6149336,142.00601,128.2846,171.38467,221.3761
450,0.5487293,0.5313323,331.4129,133.00235,370.96063,191.27963
450,0.69403887,0.53621584,423.16766,120.53447,465.2021,193.0377
450,0.98746854,0.5333043,624.11975,89.36392,639.83997,191.98953
450,0.9631122,0.6826045,595.99536,120.9574,636.7882,245.73761
450,0.3674047,1.0,223.85193,336.09613,246.42609,360.0
451,0.6690222,0.7090623,404.5523,148.20749,451.79608,255.26242
451,0.67119634,0.9994066,404.16394,259.29492,454.9674,359.78638
451,0.44373608,0.80910164,256.5702,202.94388,311.412,291.27658
451,0.5098709,0.70722985,303.27362,147.11221,349.36115,254.60275
451,0.4107946,0.65891767,241.5271,147.4274,284.28998,237.21036
451,0.3597147,0.84838814,208.67305,187.00996,251.76176,305.41974
451,0.24722958,0.61006445,143.70624,129.14438,172.74762,219.6232
451,0.69948834,0.54194885,423.95575,122.04147,471.38934,195.1016
451,0.5505615,0.5318556,333.78406,134.67395,370.93463,191.46802
451,0.35991213,0.9995492,219.00075,335.08246,241.68678,359.8377
451,0.98755425,0.5333847,624.23065,89.629974,639.8388,192.0185
451,0.96323806,0.68254745,596.1224,120.9874,636.8223,245.71707
452,0.51548994,0.7052914,305.51843,147.79312,354.30872,253.9049
452,0.6675036,0.7083861,404.30035,147.18262,450.10425,255.01901
452,0.659136,0.99948084,392.30698,240.62177,451.38712,359.8131
452,0.44375926,0.8078743,256.98737,203.0098,311.02448,290.83475
452,0.41057062,0.6510759,242.3259,146.87659,283.2045,234.38733
452,0.24902932,0.62094337,144.82365,128.29163,173.93388,223.53961
452,0.7115003,0.5432667,432.1092,123.15735,478.61115,195.57602
452,0.55051243,0.53562886,334.54578,133.81784,370.1101,192.82639
452,0.36336032,0.848914,212.76022,178.54092,252.34097,305.60904
452,0.3443619,0.5462648,203.17221,118.537415,237.61102,196.65533
452,0.9875971,0.53371966,624.2841,89.72322,639.84015,192.13908
452,0.35400882,1.0,215.16736,333.64545,237.96393,360.0
452,0.96336764,0.68221784,596.1751,120.04993,636.9355,245.59842
452,0.34592438,0.49743026,205.77457,118.09003,237.00864,179.07489
452,0.48621807,1.0,297.35046,344.22772,325.00867,360.0
453,0.6607399,1.0,392.19537,253.58563,453.5517,360.0
453,0.66829836,0.7094152,404.8064,147.84436,450.61548,255.38947
453,0.5206305,0.7057304,307.39838,148.28,359.00867,254.06293
453,0.44419736,0.8086965,256.75067,203.1415,311.82196,291.13074
453,0.7172639,0.54691964,436.2423,124.06688,481.85547,196.89107
453,0.25203854,0.6160924,146.55554,128.38005,176.05377,221.79326
453,0.40930444,0.67096716,242.81369,146.17429,281.09598,241.54819
453,0.3479656,0.5511556,206.71448,121.627014,238.68149,198.41602
453,0.5477692,0.53708524,333.60184,134.23569,367.54276,193.35068
453,0.36575848,0.8510911,215.88072,181.55093,252.29015,306.3928
453,0.3487791,1.0,209.72,332.57336,236.71725,360.0
453,0.98750097,0.5336821,624.16064,89.34091,639.8406,192.12555
453,0.963319,0.6822008,596.187,120.41351,636.8613,245.59229
453,0.47814077,1.0,296.90384,344.10385,315.11636,360.0
454,0.6686311,0.71052134,404.71497,147.80682,451.1328,255.78769
454,0.52427113,0.7068305,308.48264,148.5586,362.58444,254.45898
454,0.669437,0.99966466,404.19165,251.01721,452.68768,359.87927
454,0.44425124,0.80900234,256.72723,202.93544,311.91437,291.24084
454,0.7190506,0.55164665,436.39166,127.94913,483.9931,198.5928
454,0.25424784,0.6150764,147.64911,128.69144,177.78815,221.42752
454,0.3474002,0.55338454,206.33221,123.35814,238.34003,199.21843
454,0.40953574,0.6412659,245.49509,143.56866,278.71066,230.85574
454,0.54865307,0.5349261,334.3961,134.22617,367.87985,192.5734
454,0.3760936,0.85124564,225.38449,189.61699,256.01532,306.44843
454,0.34428793,1.0,205.71399,330.48718,234.97458,360.0
454,0.98747814,0.53349996,624.1339,89.38005,639.83813,192.05998
454,0.963171,0.6823134,596.09875,121.26224,636.76013,245.63281
454,0.37731048,0.85115933,224.67471,147.557,258.2827,306.41736
455,0.669219,0.7114479,404.9541,147.84683,451.64624,256.12125
455,0.52540815,0.70784736,308.14062,148.07285,364.38177,254.82504
455,0.66759443,0.9982179,407.86322,243.1448,446.65765,359.35843
455,0.4439741,0.8087739,256.5161,201.54776,311.77075,291.1586
455,0.7238434,0.5526771,441.8298,126.32489,484.68973,198.96375
455,0.38939053,0.84871316,230.32346,191.93483,268.0964,305.53674
455,0.2561857,0.6125653,149.08163,128.20679,178.83609,220.5235
455,0.34890386,0.55036056,207.4433,130.8381,239.15366,198.12979
455,0.40746325,0.6174917,244.93604,146.41513,276.61694,222.29703
455,0.552174,0.53231275,335.68488,133.40744,371.09784,191.6326
455,0.98744786,0.53369266,624.0958,89.37915,639.8374,192.12936
455,0.9629952,0.6822098,596.20044,120.840546,636.43335,245.59552
455,0.33959237,1.0,202.08578,330.65567,232.59244,360.0
455,0.43256584,0.5774333,260.7682,128.5553,292.91608,207.87598
456,0.5259561,0.70788956,308.77432,148.8537,364.4495,254.84024
456,0.39477712,0.8481515,231.66412,187.75836,273.65057,305.33453
456,0.7241906,0.55243605,442.29422,127.58313,484.66977,198.87698
456,0.44628698,0.8071709,259.13028,199.7311,312.11703,290.58154
456,0.66630757,0.9996538,406.86536,233.53052,446.0083,359.87537
456,0.2592217,0.6166743,151.1701,129.31216,180.63367,222.00275
456,0.6715972,0.7307651,408.69238,147.78857,450.95203,263.07544
456,0.35183492,0.5524415,208.22467,126.574234,242.12402,198.87892
456,0.33261257,1.0,197.10959,330.12143,228.63452,360.0
456,0.43623775,0.5838127,261.32684,128.07114,297.0575,210.17258
456,0.98999655,0.53040653,627.3659,89.86679,639.82965,190.94635
456,0.40862912,0.6148124,245.48816,146.50354,277.55713,221.33246
456,0.5577299,0.53083336,337.24625,131.89517,376.64804,191.1
456,0.96310556,0.68204653,596.2728,121.258545,636.5023,245.53674
457,0.39848727,0.84860516,231.22519,189.12614,278.8385,305.49786
457,0.526337,0.7068614,309.51437,148.4519,364.19705,254.4701
457,0.45152417,0.8117371,265.7415,201.68423,312.20944,292.22537
457,0.7264074,0.55091614,443.57996,128.35013,486.2215,198.3298
457,0.45009375,0.5894133,269.17114,128.42459,306.94885,212.18878
457,0.2619687,0.61868745,152.48256,131.79913,182.83739,222.72748
457,0.6680557,0.9897292,405.74866,204.55405,449.36267,356.30252
457,0.6710783,0.70206934,409.24057,148.45294,449.73972,252.74496
457,0.32631284,1.0,192.92255,329.4928,224.75787,360.0
457,0.56670845,0.5347784,340.3794,131.64688,385.00745,192.52023
457,0.35582453,0.5470504,208.18558,127.15262,247.2698,196.93814
457,0.9900502,0.5305858,627.43335,89.70508,639.83093,191.0109
457,0.41429242,0.60908043,246.10654,146.8345,284.18777,219.26895
457,0.9631259,0.6821612,596.23016,120.60025,636.571,245.57803
457,0.05617286,0.6844719,24.97165,134.98141,46.92961,246.40988
458,0.5278622,0.70691746,311.50415,147.72437,364.15942,254.4903
458,0.40441838,0.8487242,231.84978,190.01569,285.80573,305.5407
458,0.45595685,0.8173194,271.71313,202.17084,311.91162,294.235
458,0.72900933,0.5495576,443.45422,128.30696,489.67773,197.84074
458,0.2647407,0.60479945,154.37689,132.08604,184.49121,217.7278
458,0.67090523,0.7072583,408.91693,148.17773,449.84174,254.61298
458,0.46134287,0.5940333,272.18753,130.15353,318.33133,213.85199
458,0.66425556,0.8937045,402.70767,195.18631,447.53946,321.7336
458,0.3185456,1.0,188.06564,329.11664,219.67273,360.0
458,0.40480536,0.56903183,241.13763,145.61362,277.01324,204.85147
458,0.98993284,0.5307057,627.28125,89.6402,639.83276,191.05405
458,0.35399157,0.55011153,208.00583,128.38223,245.1034,198.04016
458,0.9628587,0.6823813,596.08765,120.48575,636.37146,245.65726
458,0.056113727,0.6845322,25.025341,135.52979,46.80023,246.43161
459,0.52892184,0.7078698,313.07706,149.99637,363.9429,254.83313
459,0.407854,0.8479863,233.95238,193.42307,288.1007,305.27505
459,0.4560217,0.81706154,272.0573,201.86102,311.65045,294.14215
459,0.7290931,0.5491486,442.28635,127.34784,490.9528,197.69351
459,0.26966038,0.6060061,156.65222,133.21951,188.51306,218.1622
459,0.46223283,0.5981741,272.62387,132.91489,319.03415,215.34268
459,0.65631044,0.8691011,394.5731,183.19476,445.5043,312.8764
459,0.31002158,1.0,181.14114,329.05115,215.6865,360.0
459,0.35648608,0.5528605,208.1554,131.58582,248.14679,199.02979
459,0.5770644,0.5417117,349.0382,132.36325,389.60425,195.0162
459,0.6696342,0.7163785,410.2256,147.65659,446.90625,257.89627
459,0.9872988,0.53383756,623.90344,89.259514,639.839,192.18152
459,0.40733045,0.5684541,243.492,144.10858,277.891,204.64346
459,0.66041076,0.7909319,399.78784,184.31183,445.53796,284.73547
459,0.9628606,0.68233633,596.0213,120.105804,636.44025,245.64108
460,0.5291556,0.7082824,313.22266,153.89517,364.09656,254.98166
460,0.4107445,0.84791625,240.41734,189.2136,285.33557,305.24985
460,0.27457717,0.6045651,159.62352,135.58545,191.83525,217.64343
460,0.72891873,0.5498214,440.33612,127.794464,492.67987,197.9357
460,0.6552822,0.83061165,392.25708,147.46338,446.50415,299.0202
460,0.35716403,0.55181104,208.59045,129.02032,248.5795,198.65198
460,0.464044,0.59762293,274.54333,133.66702,319.43298,215.14426
460,0.45661336,0.8131361,272.6013,200.18788,311.8638,292.729
460,0.578884,0.53901595,351.3759,131.64206,389.59567,194.04575
460,0.3015872,1.0,175.82101,327.9763,210.2106,360.0
460,0.9873352,0.5337523,623.9497,89.01198,639.83936,192.15083
460,0.4084974,0.5706211,244.2392,145.61987,278.63745,205.42358
460,0.9628328,0.68247706,596.00305,120.31702,636.423,245.69174
460,0.40506452,0.64367515,241.01141,144.35538,277.4712,231.72305
460,0.05615459,0.6845058,25.015396,135.57913,46.86248,246.42209
461,0.52914786,0.70801705,313.25244,154.77658,364.05682,254.88614
461,0.64979905,0.83119786,382.8471,147.41245,448.8957,299.23123
461,0.7241001,0.5502848,439.4807,127.29346,487.36743,198.10254
461,0.35799167,0.55266476,208.76508,130.79616,249.46426,198.9593
461,0.27452236,0.59494036,160.68567,135.20624,190.70294,214.17853
461,0.41936216,0.84678245,250.68611,192.78587,286.09747,304.84167
461,0.46565238,0.5950461,276.31592,133.01991,319.71912,214.2166
461,0.45930243,0.81074446,275.73538,201.71176,312.17172,291.868
461,0.57842594,0.5373086,351.5728,132.13951,388.81238,193.43108
461,0.29572767,1.0,170.61113,327.2107,207.9203,360.0
461,0.4066953,0.6915775,238.29514,143.41202,282.27487,248.9679
461,0.9872759,0.53358275,623.874,88.97934,639.8391,192.08978
461,0.407166,0.6296157,242.3462,145.3161,278.8263,226.66165
461,0.9627659,0.6825666,596.01025,119.81113,636.3301,245.72397
461,0.0561624,0.6845723,25.023075,135.28745,46.864796,246.44601
462,0.5293035,0.7078249,313.42862,154.87592,364.07986,254.81696
462,0.35958323,0.554134,208.95544,130.95822,251.3111,199.48825
462,0.65124255,0.82778925,384.33698,155.3949,449.25348,298.00412
462,0.72589934,0.55319816,439.88837,127.82712,489.26276,199.15134
462,0.27661628,0.59984136,161.5056,134.5551,192.56325,215.94289
462,0.40527162,0.7061631,235.75726,143.629,282.99042,254.21872
462,0.28884298,1.0,164.18393,326.2404,205.53506,360.0
462,0.4386281,0.8442178,252.08792,188.73285,309.35605,303.9184
462,0.57746696,0.5373527,350.06458,131.34906,389.09314,193.44696
462,0.46563682,0.59593624,276.29105,132.40915,319.7241,214.53705
462,0.98728055,0.53355885,623.8797,89.146835,639.8394,192.08119
462,0.4093522,0.62647,244.05325,145.0375,279.91757,225.5292
462,0.459881,0.8088991,277.49316,201.08101,311.15454,291.20367
462,0.9629482,0.6825746,596.08044,120.51132,636.4933,245.72687
463,0.52918637,0.70782316,313.138,154.6499,364.22052,254.81635
463,0.6484354,0.8110367,388.59766,162.67548,441.39966,291.9732
463,0.3610346,0.5524135,208.83145,132.3566,253.29285,198.86887
463,0.72545236,0.552319,439.8819,129.78369,488.69714,198.83484
463,0.40470678,0.70364213,235.49652,144.36029,282.52814,253.31116
463,0.27895665,0.60046494,163.04984,134.61514,194.01468,216.16739
463,0.43231288,0.84672934,253.6146,189.07536,299.74588,304.82257
463,0.4100143,0.62789917,244.29788,145.99518,280.52042,226.0437
463,0.98995656,0.5304602,627.31006,89.63147,639.83435,190.96567
463,0.57059956,0.47751197,353.55786,131.79735,376.80957,171.90431
463,0.28056166,1.0,158.65141,325.24658,200.46751,360.0
463,0.4653512,0.5959427,276.2392,133.45355,319.41034,214.53937
463,0.9630802,0.68243986,596.28326,121.29492,636.4594,245.67834
464,0.6482879,0.8169815,387.22437,168.0346,442.58417,294.11334
464,0.52907205,0.7078029,313.05798,154.62186,364.15424,254.80905
464,0.4417306,0.84948003,254.60281,183.18144,310.81235,305.8128
464,0.3606433,0.55257595,208.34259,130.91525,253.28082,198.92734
464,0.72564644,0.5528078,440.2241,130.36732,488.60336,199.01082
464,0.28155208,0.595369,163.86646,133.9787,196.5202,214.33282
464,0.40472707,0.7033498,235.23909,142.695,282.81158,253.20593
464,0.6681306,0.70464146,408.81625,148.49408,446.3909,253.67093
464,0.46477652,0.59942544,276.15253,135.7099,318.7614,215.79315
464,0.2713352,1.0,152.6015,325.96182,194.70758,360.0
464,0.4111786,0.6356273,244.2901,145.03201,282.0185,228.82584
464,0.9873891,0.5336802,624.0157,89.22922,639.84235,192.12488
464,0.96330166,0.6815031,596.35815,121.07037,636.66797,245.34113
465,0.52909625,0.7076027,313.15845,154.56287,364.08478,254.73697
465,0.44952974,0.8516526,258.02313,185.12161,317.37494,306.59494
465,0.6447951,0.84545624,386.16614,179.90176,439.17163,304.36426
465,0.40517727,0.7052022,236.14767,143.36899,282.47922,253.8728
465,0.6680978,0.70797104,406.35297,148.82416,448.8122,254.86957
465,0.725856,0.5533281,440.6374,130.302,488.4583,199.19812
465,0.36168224,0.55193377,209.13263,132.2173,253.82062,198.69615
465,0.25901046,1.0,146.83398,327.29932,184.6994,360.0
465,0.28288984,0.59935,164.80771,136.2948,197.29129,215.76599
465,0.5960165,0.5382871,367.96185,164.36826,394.93933,193.78336
465,0.9900322,0.53052133,627.4092,89.16724,639.83203,190.98767
465,0.6012037,0.5387616,374.18677,167.60393,395.35394,193.95418
465,0.46312475,0.5994437,273.89288,140.60287,318.9068,215.79971
465,0.2829358,0.47438625,168.84616,136.52689,193.31168,170.77905
465,0.41013446,0.64165896,244.31036,145.19797,280.66174,230.99722
465,0.96327305,0.6817004,596.428,121.61569,636.5615,245.41214
466,0.52958304,0.70784056,313.99362,154.78842,363.87265,254.8226
466,0.6706911,0.70823085,407.3095,150.14316,451.17505,254.9631
466,0.45234126,0.85036314,260.46448,184.06494,318.53235,306.13074
466,0.64301807,0.9007958,385.84314,191.71613,437.21997,324.2865
466,0.72602665,0.5530339,440.61548,130.12119,488.6986,199.0922
466,0.40617505,0.6693779,239.07803,144.04108,280.82602,240.97604
466,0.36287212,0.55110806,209.52603,133.51437,254.95029,198.3989
466,0.24746545,1.0,139.9592,327.80463,176.79657,360.0
466,0.2828056,0.59235567,164.89127,137.06769,197.09988,213.24805
466,0.28310445,0.4757617,169.18095,136.9846,193.19273,171.27422
466,0.9899424,0.53053725,627.29114,88.95456,639.8351,190.99341
466,0.46314043,0.5943736,274.26074,140.98547,318.55902,213.97449
466,0.5699418,0.47813106,354.75067,139.52904,374.77484,172.12718
466,0.9632956,0.6817758,596.36,121.00836,636.6583,245.4393
466,0.603224,0.54507565,375.4745,169.6792,396.65222,196.22723
467,0.637098,0.9172,376.785,207.43274,438.70047,330.19202
467,0.6704553,0.71359956,407.64343,150.26398,450.5393,256.89584
467,0.4573508,0.85182834,267.0735,184.83478,318.3355,306.6582
467,0.5297907,0.7050874,313.96606,154.80576,364.16602,253.83148
467,0.7259382,0.5527198,441.15732,128.02716,488.04355,198.97913
467,0.28408727,0.6052797,165.21658,134.10608,198.41513,217.9007
467,0.23417088,1.0,132.2026,328.14526,167.53613,360.0
467,0.36147553,0.5514643,209.27792,132.51268,253.41077,198.52715
467,0.4067897,0.6893584,237.77791,145.83856,282.9129,248.16904
467,0.98725927,0.53389436,623.85095,88.758606,639.84094,192.20197
467,0.96329784,0.68175834,596.396,121.25351,636.62524,245.43301
467,0.5878553,0.54715073,353.03226,139.57867,399.42252,196.97427
468,0.6403017,0.91306764,384.381,211.53717,435.20517,328.70435
468,0.67040396,0.706009,407.10907,150.82312,451.008,254.16324
468,0.5310426,0.7074187,315.1726,154.66425,364.5619,254.67072
468,0.4607306,0.85038376,270.65448,185.06711,319.0807,306.13815
468,0.28234333,0.59426415,162.56743,129.4874,198.83205,213.93509
468,0.73072624,0.5525021,446.21826,126.05011,489.11133,198.90076
468,0.4055879,0.67401546,237.52313,145.37213,281.6294,242.64557
468,0.35990542,0.5511832,208.52133,127.49176,252.15762,198.42596
468,0.22303715,1.0,124.19926,326.96704,161.2883,360.0
468,0.9872376,0.53377515,623.8234,88.95856,639.84064,192.15906
468,0.96333295,0.6818552,596.4728,121.87393,636.5934,245.46786
468,0.56932735,0.47969338,353.2826,138.38423,375.45642,172.68962
468,0.46425533,0.5827597,278.68903,136.49072,315.5578,209.79349
469,0.6696898,0.7039749,407.17194,150.14404,450.03094,253.43097
469,0.4670144,0.85282075,275.99036,183.52359,321.7881,307.01547
469,0.6365257,0.9129836,386.6679,210.73605,428.08496,328.6741
469,0.5327366,0.7049275,319.0598,154.88626,362.84302,253.7739
469,0.72927904,0.55267656,442.6803,122.7865,490.79688,198.96356
469,0.27915543,0.5989332,158.16373,127.10855,199.15521,215.61597
469,0.4047653,0.7071989,235.66512,141.87994,282.4345,254.59161
469,0.21334036,1.0,117.917465,325.02582,155.15819,360.0
469,0.36003646,0.55060774,209.27258,124.32968,251.5741,198.21878
469,0.5845068,0.54802597,351.49707,136.89963,396.67163,197.28934
469,0.46745738,0.5745582,278.02863,131.2951,320.31683,206.84094
469,0.9893513,0.5312281,626.5354,88.31768,639.8342,191.24213
469,0.48095974,0.9999927,297.7284,344.2157,317.9001,359.99738
470,0.4703942,0.8522722,278.13986,184.2174,323.9647,306.818
470,0.67068595,0.7074884,407.6031,150.3128,450.87494,254.69583
470,0.53436327,0.7051283,320.8711,154.36343,363.1139,253.84619
470,0.63931715,0.9127384,389.26886,203.85284,429.05707,328.58582
470,0.7315979,0.55318516,443.7315,124.57495,492.7138,199.14667
470,0.2734902,0.5918399,154.63216,123.771835,195.43529,213.06236
470,0.40382633,0.70811015,235.19624,148.43674,281.70148,254.91965
470,0.20520787,1.0,111.98789,323.47693,150.67819,360.0
470,0.58350146,0.5440832,349.5429,133.10675,397.33893,195.86993
470,0.35980248,0.54931915,208.65427,121.769104,251.89291,197.75488
470,0.42466563,0.79882807,252.67674,206.78519,290.89526,287.5781
470,0.989085,0.53143585,626.1904,88.43004,639.8384,191.31691
471,0.6708829,0.7085674,407.84198,149.70303,450.88812,255.08426
471,0.4763143,0.8538064,284.2273,185.75201,325.45502,307.3703
471,0.6390123,0.906751,389.51163,198.51006,428.4241,326.43036
471,0.5340831,0.7053216,320.55118,153.71518,363.07523,253.91577
471,0.26442197,0.5825621,148.59244,127.2135,189.86768,209.72235
471,0.7437917,0.55276686,456.38885,119.93204,495.6645,198.99606
471,0.40161425,0.66744155,233.28589,149.14389,280.78033,240.27896
471,0.19695066,1.0,107.347824,323.40002,144.74902,360.0
471,0.4251512,0.79791427,251.48517,195.39044,292.70837,287.24915
471,0.5789553,0.54517525,345.10883,130.14786,395.95392,196.26309
471,0.47811356,0.57293737,290.5066,129.67944,321.47876,206.25745
471,0.98913175,0.5313911,626.2489,88.695244,639.8397,191.30078
471,0.9837343,0.53349465,619.31555,88.87402,639.8644,192.05807
472,0.67212677,0.71046996,409.62628,149.95456,450.69598,255.7692
472,0.53385323,0.70460445,320.109,152.72565,363.22314,253.6576
472,0.4765807,0.85305786,285.57623,185.28503,324.44708,307.10083
472,0.6500293,0.88478434,391.1158,194.77756,440.92172,318.52237
472,0.4176073,0.8016113,240.15509,188.3667,294.38226,288.58008
472,0.7514478,0.55009115,464.15558,117.02438,497.69757,198.0328
472,0.18412092,0.99980444,100.580505,323.14774,135.09428,359.9296
472,0.25277925,0.5849024,140.64093,129.01067,182.9165,210.56487
472,0.48208913,0.5637063,294.8228,125.59003,322.25128,202.93427
472,0.5809127,0.5472497,347.46948,128.83789,396.09875,197.00989
472,0.40905285,0.58793604,241.84494,148.52554,281.7427,211.65698
472,0.3588106,0.5477795,205.6796,126.87286,253.59799,197.20062
472,0.9891923,0.53143287,626.3241,88.79974,639.84204,191.31583
472,0.98392123,0.5334595,619.5519,89.02817,639.8673,192.04541
473,0.4775733,0.85467786,286.23126,184.94977,325.06256,307.68402
473,0.653339,0.87522686,392.03424,186.02647,444.2397,315.08167
473,0.5322591,0.70473224,318.04068,152.46066,363.25095,253.70361
473,0.67560256,0.70925736,410.76105,150.81598,454.0102,255.33264
473,0.75696003,0.5526514,469.6058,114.96387,499.303,198.9545
473,0.25103205,0.5732095,140.7855,125.300415,180.5355,206.35544
473,0.48409262,0.54557806,296.24902,125.52182,323.38953,196.40811
473,0.17358944,0.99965006,95.78967,322.8595,126.404816,359.87402
473,0.40650922,0.80251366,235.11452,146.61685,285.2173,288.9049
473,0.58070326,0.5425288,347.4897,125.986176,395.8105,195.31036
473,0.41295242,0.7988922,243.31136,198.23752,285.26776,287.6012
473,0.35918218,0.5472683,206.93277,122.067444,252.8204,197.01657
473,0.9889623,0.53123957,626.02783,89.20992,639.8439,191.24625
473,0.98236275,0.5330855,617.5581,89.4059,639.8662,191.91078
473,0.4074339,0.6849787,237.24446,146.04083,284.27094,246.59235
473,0.48293734,0.46600512,296.38214,125.839905,321.77765,167.76184
474,0.4768323,0.8565463,286.71576,184.9462,323.62958,308.35666
474,0.533521,0.7049789,319.64594,151.50092,363.26093,253.79239
474,0.64543647,0.8652954,390.09912,182.32484,436.05957,311.50635
474,0.68106765,0.7052673,413.17102,151.61798,458.59558,253.89624
474,0.23947206,0.5843162,125.85585,124.76642,180.66838,210.35382
474,0.7654854,0.55230093,471.70013,119.39188,508.12115,198.82834
474,0.39765254,0.8073058,226.68283,179.73047,282.3124,290.6301
474,0.58351165,0.5427325,350.96088,122.85724,395.93402,195.3837
474,0.16315906,1.0,87.265945,322.40363,121.57765,360.0
474,0.48649842,0.5376915,296.29358,125.67163,326.42438,193.56894
474,0.98418826,0.53301686,619.89795,89.116234,639.86304,191.88608
474,0.98920214,0.53124577,626.33276,88.95306,639.84595,191.24847
474,0.40440774,0.6808678,234.62918,148.78629,283.01273,245.1124
474,0.3596229,0.5475918,207.34698,124.50035,252.97034,197.13304
474,0.40031782,0.57980347,232.79614,149.3139,279.61066,208.72925
475,0.23454675,0.5815724,121.51175,124.675354,178.7081,209.36606
475,0.47599125,0.8579543,286.6071,188.09146,322.6617,308.86356
475,0.53353024,0.7044306,319.71622,151.0329,363.20248,253.595
475,0.68622905,0.7071828,419.11682,152.16617,459.25635,254.58582
475,0.7711582,0.549563,473.5868,122.11882,513.4957,197.84267
475,0.6443426,0.849548,389.23932,180.68384,435.51923,305.83728
475,0.38101986,0.8092734,223.58804,180.2839,264.11737,291.33844
475,0.15453155,1.0,81.713806,321.60364,116.08658,360.0
475,0.40989533,0.6893891,239.30089,149.73627,285.3651,248.18008
475,0.5850532,0.54801774,352.4602,119.98248,396.4079,197.28638
475,0.49055386,0.5649024,299.09784,125.23401,328.8111,203.36487
475,0.9854891,0.5331422,621.5648,89.11888,639.8612,191.9312
475,0.36269078,0.546801,207.65146,122.86307,256.59274,196.84836
475,0.9902884,0.5288981,627.8285,92.24365,639.7406,190.40332
476,0.5338371,0.70584583,320.094,151.52243,363.21747,254.10449
476,0.22217748,0.5788958,117.95755,125.54837,166.42963,208.4025
476,0.4735059,0.8601657,284.02634,187.43097,322.06125,309.65967
476,0.68780726,0.70746076,421.87372,152.8862,458.5196,254.68588
476,0.65264094,0.8391165,391.38293,183.09406,443.99744,302.08194
476,0.38489386,0.8150493,218.54593,181.16049,274.11823,293.41776
476,0.77259314,0.55105066,473.37506,119.46063,515.5441,198.37823
476,0.14591667,1.0,76.32118,320.0216,110.45216,360.0
476,0.5824741,0.5450426,353.75262,121.86188,391.81427,196.21533
476,0.49463516,0.55868506,302.10403,124.2236,331.02896,201.12662
476,0.39954713,0.67569166,232.09378,152.91635,279.32654,243.249
476,0.98573244,0.5335699,621.87683,88.90192,639.8607,192.08514
476,0.9902692,0.52932984,627.80585,92.522385,639.7387,190.55873
477,0.47360897,0.86083317,284.22375,188.21268,321.99573,309.89993
477,0.6597442,0.8373521,394.88812,183.7218,449.58447,301.44675
477,0.533184,0.7050901,319.27362,150.81204,363.2019,253.83243
477,0.35439536,0.8170695,198.10944,183.52243,255.51663,294.14502
477,0.690077,0.7107243,424.05438,152.75763,459.2442,255.86075
477,0.7833457,0.55252177,481.82013,119.45267,520.86237,198.90784
477,0.20406422,0.5755336,114.55349,123.30664,146.64871,207.19211
477,0.38864273,0.67608404,223.25098,147.42786,274.21173,243.39026
477,0.13873884,0.99977094,70.69136,319.85925,106.89436,359.91754
477,0.57885265,0.53468704,354.5337,120.7283,386.3977,192.48734
477,0.49695912,0.56037766,302.83228,124.03107,333.2754,201.73596
477,0.9858141,0.5337937,621.9802,88.981064,639.8618,192.16573
477,0.99024695,0.52942824,627.7792,92.13184,639.73694,190.59418
478,0.34645152,0.8182019,188.92682,181.47601,254.53113,294.55267
478,0.47421995,0.86095804,283.76663,188.85283,323.2349,309.9449
478,0.6642001,0.8285739,401.46283,182.91183,448.71332,298.2866
478,0.531542,0.70750326,317.24487,151.18063,363.1289,254.70117
478,0.6917537,0.71096545,425.11243,151.89026,460.33228,255.94757
478,0.37909406,0.6859992,217.88516,146.88956,267.35522,246.95972
478,0.13316318,0.9988018,66.72323,319.94293,103.72564,359.56866
478,0.19546151,0.5570904,107.422226,122.67973,142.76851,200.55254
478,0.7981846,0.5054654,496.3026,113.858826,525.37366,181.96753
478,0.57901174,0.53472555,355.2046,116.328156,385.93042,192.50119
478,0.98042136,0.53354365,615.07526,89.11395,639.8641,192.07571
478,0.9883133,0.53161395,625.18665,88.85266,639.8544,191.38101
478,0.50013226,0.5524362,306.56906,123.94447,333.60025,198.87703
478,0.50019443,0.4802986,306.91266,124.152435,333.33624,172.9075
479,0.34341866,0.81614006,187.9744,188.0567,251.60147,293.81042
479,0.47805232,0.8603895,283.92267,189.15707,327.9843,309.7402
479,0.53018606,0.70710236,315.37527,150.78543,363.26285,254.55685
479,0.6676499,0.8235839,405.60486,182.91211,448.98706,296.4902
479,0.37759057,0.6771022,215.00748,146.42136,268.30844,243.7568
479,0.69358194,0.7066171,424.885,151.56558,462.89984,254.38217
479,0.12587175,1.0,61.233376,320.11432,99.88247,360.0
479,0.5797069,0.53561616,355.51978,115.21549,386.50507,192.82181
479,0.17769401,0.5482646,92.13225,122.56702,135.31609,197.37527
479,0.8057693,0.556891,500.43982,119.35959,530.94495,200.48077
479,0.98418397,0.5337362,619.8912,89.00394,639.8643,192.14505
479,0.50387394,0.47795716,310.81274,124.104065,334.14587,172.06458
479,0.9894725,0.53190583,626.67236,88.75374,639.8524,191.4861
479,0.40406638,0.50626045,244.82523,107.166534,272.37973,182.25375
480,0.48250446,0.8589259,284.07465,189.4541,333.53107,309.21332
480,0.33123618,0.8163888,185.41724,188.33063,238.56506,293.89996
480,0.53097063,0.70702606,316.19965,150.25012,363.44275,254.52939
480,0.6726782,0.8168433,409.099,181.70013,451.92908,294.06357
480,0.7021848,0.7039787,426.14505,152.55386,472.65146,253.43234
480,0.36711454,0.67592245,213.9046,145.89809,256.002,243.33208
480,0.1192901,0.99909896,55.640244,321.7501,97.05109,359.67563
480,0.58241767,0.5335404,358.19043,113.36514,387.3042,192.07455
480,0.15727726,0.54814273,78.280426,122.27237,123.034454,197.33139
480,0.81268466,0.51084524,506.85275,121.418884,533.38354,183.9043
480,0.4099986,0.47037154,248.84656,108.65138,275.95166,169.33376
480,0.16600746,0.54513603,91.275856,122.509094,121.21369,196.24896
480,0.5030211,0.4694052,310.37378,124.40494,333.4933,168.98587
480,0.98969185,0.5316638,626.96344,88.78873,639.8421,191.39896
481,0.48711023,0.8585306,285.8565,189.28299,337.6446,309.071
481,0.5311843,0.7068273,316.72134,150.2976,363.19455,254.45782
481,0.36142954,0.6986269,212.36087,143.51532,250.26895,251.50568
481,0.8200569,0.5652377,507.59842,117.98204,542.07446,203.48558
481,0.6741875,0.81388515,411.08273,180.71222,451.87723,292.99866
481,0.31342784,0.8105089,178.82977,187.45691,222.35785,291.7832
481,0.7079663,0.70234954,427.51196,152.69373,478.68494,252.84583
481,0.11074132,1.0,49.960823,325.5414,91.78806,360.0
481,0.58622056,0.5373288,360.18015,115.37546,390.18216,193.43835
481,0.42002448,0.5113783,253.02005,105.89832,284.6113,184.09619
481,0.9873516,0.53351015,623.9536,89.05043,639.85645,192.06364
481,0.8156816,0.5425286,508.54492,119.400696,535.52747,195.3103
481,0.50195646,0.47841534,309.67456,126.25339,332.8297,172.22952
481,0.15791838,0.47093472,88.96518,123.99963,113.17035,169.5365
482,0.4877688,0.858397,286.4615,192.02975,337.88257,309.02292
482,0.5308797,0.70698065,316.40787,150.3667,363.11813,254.51303
482,0.30437368,0.8277964,174.94395,192.05495,214.65437,298.0067
482,0.6774699,0.8127275,412.28708,180.08362,454.87442,292.5819
482,0.71174014,0.70466435,431.84985,153.01578,479.1775,253.67917
482,0.3544008,0.69507235,205.62662,145.52896,248.00644,250.22604
482,0.59029996,0.53950405,359.63312,118.96835,395.95087,194.22147
482,0.8284047,0.56963724,509.92902,121.96442,550.429,205.0694
482,0.102397405,1.0,43.899307,327.48254,87.16937,360.0
482,0.42237473,0.53991014,253.0468,105.90671,287.59283,194.36765
482,0.49906072,0.47753745,306.0656,130.25345,332.73212,171.91348
482,0.9873907,0.53379375,623.9988,88.99573,639.8613,192.16574
482,0.1545668,0.46713892,88.32881,124.55362,109.51668,168.17001
483,0.4874093,0.8583964,285.97107,193.84117,337.91284,309.0227
483,0.53097284,0.7060021,316.46198,150.46204,363.18323,254.16077
483,0.29191387,0.83101046,163.29172,196.69551,210.35803,299.16376
483,0.6787079,0.8064673,412.64194,183.2857,456.10416,290.32822
483,0.35364717,0.6953003,203.55412,155.16632,249.11424,250.3081
483,0.71425354,0.7050004,434.3802,152.82309,479.86432,253.80014
483,0.8296221,0.5714298,509.49832,123.24475,552.41797,205.71472
483,0.5916067,0.5414336,359.3739,126.117615,397.88263,194.91608
483,0.097963,1.0,39.298553,329.68152,86.094086,360.0
483,0.49757347,0.47626376,304.16602,133.88434,332.72803,171.45496
483,0.98720723,0.5336309,623.76276,89.06802,639.8625,192.10712
483,0.43160588,0.5422658,261.46698,101.55145,290.98853,195.21567
483,0.11593051,0.5795905,47.88623,127.78345,100.50482,208.65259
483,0.43170747,0.54046637,263.15887,121.66841,289.4267,194.56789
484,0.479731,0.8582148,276.51233,194.55855,337.54333,308.95734
484,0.68161494,0.80486137,409.9727,186.08328,462.49442,289.7501
484,0.28722212,0.8277163,158.646,197.31503,208.99832,297.97787
484,0.5307129,0.7059421,315.5741,150.5141,363.7384,254.13916
484,0.71573746,0.7074069,436.04593,153.09293,480.09805,254.66647
484,0.347756,0.69723696,203.3227,158.36615,241.805,251.00531
484,0.59120846,0.54020816,362.53522,126.625595,394.2116,194.47493
484,0.07912807,1.0,22.71585,332.0223,78.568085,360.0
484,0.82785416,0.54209775,511.53607,122.15381,548.11725,195.15518
484,0.4397974,0.53940165,267.42993,103.92006,295.51074,194.18459
484,0.4961791,0.48026007,303.0728,136.59969,332.03644,172.89363
484,0.8255049,0.4875674,511.3906,121.46152,545.2556,175.52426
484,0.11722038,0.5783924,60.69867,128.49463,89.343414,208.22125
484,0.49619532,0.5371546,303.01556,136.48163,332.11444,193.37567
484,0.4415842,0.54004425,271.50037,122.05887,293.72742,194.41592
484,0.98978215,0.5313295,627.09503,89.23758,639.8261,191.27863
484,0.10759469,0.579046,47.968605,129.16873,89.7526,208.45657
484,0.4926764,1.0,302.7772,343.58133,327.8486,360.0
485,0.47109574,0.860971,265.56903,196.35892,337.43353,309.94955
485,0.53045,0.7051287,314.7141,149.68509,364.26184,253.84634
485,0.28271517,0.82347673,157.83716,194.40707,204.03827,296.45163
485,0.34326142,0.71258783,201.1,158.15784,238.27463,256.53162
485,0.68500596,0.805718,412.85876,186.20874,463.94885,290.05847
485,0.7158122,0.7050879,437.6554,153.43481,478.58423,253.83163
485,0.10533812,0.5788864,45.581425,126.569,89.25137,208.39911
485,0.5927683,0.5416142,364.66586,126.92197,394.07755,194.98111
485,0.834597,0.5732021,515.6671,121.72458,552.61707,206.35275
485,0.9874958,0.53319556,624.13513,89.555336,639.8595,191.95041
485,0.49247208,1.0,302.6371,343.93408,327.72717,360.0
485,0.08390935,1.0,28.220222,335.76233,79.18375,360.0
485,0.44714242,0.5410486,272.23828,104.87631,300.104,194.7775
485,0.057254694,0.66766727,25.477299,139.97551,47.808712,240.36021
486,0.47064576,0.8603393,265.06067,198.05917,337.3659,309.72214
486,0.52872145,0.70071733,313.95245,149.15964,362.81097,252.25824
486,0.2836748,0.8095364,157.52335,190.27924,205.58041,291.4331
486,0.68879783,0.80655706,414.96494,186.20374,466.69626,290.36053
486,0.33752584,0.714374,194.8205,156.05423,237.21259,257.17465
486,0.59226924,0.54354477,363.84113,124.36917,394.2635,195.67612
486,0.71512187,0.70660365,437.4131,152.86295,477.94287,254.37732
486,0.8366047,0.5743685,517.7827,122.07938,553.0713,206.77264
486,0.10719297,0.5602515,53.7048,129.24149,83.5022,201.69052
486,0.98946035,0.53375083,626.65576,89.73105,639.8535,192.1503
486,0.4915305,0.58549297,301.82275,138.85956,327.3363,210.77747
486,0.09940113,0.57591885,45.281776,128.95374,81.95167,207.33078
486,0.49224204,1.0,302.50403,343.97357,327.5658,360.0
486,0.056733985,0.66989195,24.883316,139.5051,47.736183,241.1611
487,0.47098035,0.86200833,265.30655,201.3142,337.5483,310.323
487,0.520209,0.6928638,313.95972,148.90588,351.90784,249.43097
487,0.28254882,0.8058684,157.83682,186.86084,203.82565,290.1126
487,0.68754023,0.8070307,411.46777,189.22226,468.58374,290.53104
487,0.5913989,0.55201054,363.29156,123.27675,393.69904,198.7238
487,0.34158278,0.71759737,199.56473,155.59341,237.66122,258.33505
487,0.83788455,0.57382023,519.4658,123.6358,553.02637,206.57529
487,0.48923558,0.59187835,299.28296,140.61136,326.9386,213.0762
487,0.71130455,0.70644826,433.1988,153.26569,477.27106,254.32138
487,0.094839774,0.5820148,44.85005,126.22705,76.54486,209.52533
487,0.704332,0.6295877,433.02533,152.86855,468.5196,226.65157
487,0.056405973,0.6750902,24.563553,137.20068,47.636093,243.03247
487,0.989361,0.53384316,626.53296,89.59943,639.8491,192.18353
487,0.49234486,1.0,302.64655,343.9455,327.55487,360.0
488,0.46863598,0.86513543,262.95062,201.94217,336.90344,311.44876
488,0.2858743,0.7990283,158.30716,184.63022,207.61197,287.65018
488,0.5186816,0.6913922,313.46902,151.84055,350.4434,248.90118
488,0.70171195,0.80959034,424.82422,192.61963,473.36707,291.4525
488,0.34090906,0.71678907,195.54291,157.65451,240.82068,258.04407
488,0.09379157,0.5909696,43.52343,127.093155,76.52978,212.74907
488,0.58879673,0.5569075,360.75885,125.58118,392.90094,200.4867
488,0.6983338,0.5893565,428.21155,153.70636,465.6557,212.16833
488,0.83641034,0.47293335,519.3524,123.85568,551.2528,170.25601
488,0.98638,0.5334945,622.70825,89.555016,639.85815,192.05801
488,0.4827953,0.58104557,293.00323,136.93733,324.97473,209.1764
488,0.49223575,1.0,302.03247,344.35648,328.0293,360.0
488,0.9902595,0.53087395,627.7883,90.71644,639.7439,191.11462
488,0.05619564,0.6657092,24.43443,134.3334,47.49599,239.6553
489,0.4690424,0.8649695,263.0267,202.0936,337.34756,311.389
489,0.28880206,0.7988416,158.82538,183.62949,210.84125,287.58298
489,0.34630412,0.71504235,205.40753,160.49539,237.86176,257.41525
489,0.5182168,0.6905811,309.1917,155.39325,354.1258,248.60919
489,0.5863047,0.5625771,358.9753,128.81964,391.49472,202.52777
489,0.7115804,0.8134722,434.1056,189.57123,476.71735,292.85
489,0.695609,0.6072892,427.61304,154.09805,462.76648,218.62411
489,0.09225245,0.5952212,42.654945,129.01022,75.42819,214.27963
489,0.98708266,0.53442055,623.6076,88.98358,639.8582,192.39139
489,0.8380903,0.47630572,520.32007,126.128204,552.43555,171.47006
489,0.4918507,1.0,301.94122,344.51843,327.6277,360.0
490,0.46945065,0.86471575,263.15454,200.66852,337.7423,311.29767
490,0.51716197,0.69149125,307.3443,155.98203,354.62305,248.93686
490,0.29475683,0.7975663,158.24973,184.30188,219.03903,287.12387
490,0.35554066,0.7149578,208.9885,157.9979,246.10355,257.3848
490,0.72184485,0.8228479,439.33606,186.60703,484.62537,296.22525
490,0.58840156,0.56834674,358.51898,127.772675,394.635,204.60483
490,0.09261073,0.5727621,43.394257,127.541504,75.14748,206.19434
490,0.6929545,0.6875649,426.03644,153.73727,460.9453,247.52338
490,0.84566796,0.5851435,518.9266,127.55072,563.5284,210.65167
490,0.9871885,0.53368556,623.74854,89.76444,639.8528,192.1268
490,0.49216828,1.0,301.87057,344.32574,328.10483,360.0
490,0.8367754,0.5033037,521.18134,126.78851,549.8912,181.18933
491,0.46961355,0.86527115,263.1001,199.74847,338.00525,311.49762
491,0.50799024,0.69132054,300.6904,158.18332,349.53714,248.8754
491,0.29131696,0.7893181,158.9428,184.79135,213.94292,284.1545
491,0.5876015,0.57462204,357.12506,131.56538,395.00482,206.86394
491,0.7288706,0.82958746,446.14005,184.78632,486.8143,298.6515
491,0.6929163,0.70551604,425.87994,152.59937,461.05292,253.98578
491,0.09474015,0.5643425,46.73439,132.60953,74.533005,203.1633
491,0.3519032,0.715502,209.36081,151.27115,241.07529,257.58072
491,0.836717,0.5262559,518.79974,130.33218,552.19806,189.45212
491,0.09824613,0.51470953,51.25904,132.66466,74.496,185.29543
491,0.05613693,0.6779014,25.027344,140.99136,46.827927,244.0445
491,0.9891237,0.53337824,626.2373,89.35321,639.84106,192.01617
491,0.49208584,1.0,301.76587,344.37524,328.104,360.0
492,0.46947545,0.8656442,263.01266,198.3682,337.91592,311.63193
492,0.50144017,0.6913165,298.80045,156.63681,343.04294,248.87393
492,0.736081,0.83549285,451.9818,184.79373,490.2019,300.77744
492,0.5838353,0.57493657,353.19452,132.43329,394.1147,206.97717
492,0.30213028,0.78750265,158.60161,183.6713,228.12514,283.50095
492,0.6942731,0.70493656,425.62454,153.75201,463.04507,253.77716
492,0.3501555,0.688073,207.50311,121.31802,240.69592,247.70627
492,0.09563519,0.5488361,45.99067,135.3966,76.42237,197.581
492,0.056280375,0.6827012,24.17264,140.46634,47.86624,245.77243
492,0.8334835,0.49902463,512.2075,130.29898,554.65137,179.64886
492,0.98730314,0.53316337,623.9018,89.42448,639.84625,191.93881
492,0.49190673,1.0,302.0957,344.4776,327.54492,360.0
493,0.46923247,0.86547834,262.89825,200.94794,337.7193,311.5722
493,0.2911644,0.78462195,158.4035,182.69098,214.28693,282.4639
493,0.7452755,0.83820176,456.3923,185.28528,497.56033,301.75262
493,0.49176732,0.70139974,294.20944,154.24771,335.25272,252.5039
493,0.69642746,0.70457184,426.45813,153.33783,464.969,253.64587
493,0.5776203,0.5880265,344.79376,133.51651,394.56024,211.68954
493,0.35053718,0.6372306,207.22981,116.10812,241.45778,229.40302
493,0.82955664,0.5965922,508.5342,130.56451,553.29834,214.7732
493,0.098368876,0.60764897,43.210197,134.13004,82.701965,218.75363
493,0.056377053,0.67883444,24.299994,139.94925,47.862633,244.3804
493,0.45513803,0.5436147,273.06824,148.22766,309.50842,195.7013
493,0.47503978,0.46054703,291.07617,110.9758,316.97473,165.79694
493,0.9889035,0.5337121,625.95404,89.32681,639.84247,192.13635
494,0.46927077,0.8652064,262.91434,199.72247,337.75223,311.4743
494,0.29685506,0.7833125,158.76465,184.87668,221.20984,281.9925
494,0.75140643,0.85005003,456.44257,183.71991,505.35767,306.018
494,0.5707572,0.5952764,341.9273,135.10123,388.6419,214.2995
494,0.49023914,0.68662405,295.53918,151.94202,331.96692,247.18466
494,0.8114008,0.56270844,504.12183,135.61118,534.4712,202.57504
494,0.6973799,0.7043272,428.60254,152.73163,464.0437,253.5578
494,0.3496583,0.58855724,206.55267,112.73071,241.00995,211.88062
494,0.10385324,0.6291707,48.26512,135.88428,84.66702,226.50146
494,0.9886816,0.5329637,625.6776,89.11766,639.83484,191.86693
494,0.4614393,0.5634743,282.20685,131.00015,308.4355,202.85074
494,0.05728311,0.63820976,25.061935,139.8219,48.260445,229.75552
494,0.47336012,0.58567107,282.32312,115.80538,323.57782,210.84158
495,0.4690701,0.86505526,262.85257,201.2026,337.55716,311.4199
495,0.29797727,0.7856606,158.87628,187.83978,222.53464,282.83783
495,0.75962365,0.86123824,462.01346,184.62401,510.30484,310.04578
495,0.56470823,0.59524196,340.8521,137.79007,381.97443,214.28711
495,0.702427,0.69992834,429.68738,151.54904,469.4192,251.97421
495,0.48732623,0.6729646,292.22952,152.90976,331.54807,242.26724
495,0.3471917,0.5935354,204.50374,113.7631,239.90163,213.67276
495,0.10823651,0.599203,52.501823,144.82916,86.0409,215.71307
495,0.056576937,0.65598345,25.505169,140.49345,46.91331,236.15404
495,0.80438185,0.5418548,502.4272,138.69363,527.1816,195.06772
495,0.9866422,0.5330376,623.05835,87.47618,639.8436,191.89354
495,0.47891402,0.48268187,290.96698,117.96875,322.04297,173.76547
495,0.47653,0.5331621,287.18225,117.06918,322.77612,191.93835
496,0.46908084,0.8646624,262.82654,204.16098,337.59692,311.27847
496,0.2978828,0.7854422,158.55081,188.0098,222.73917,282.7592
496,0.7742761,0.86327726,470.8034,185.85141,520.26996,310.77982
496,0.7026951,0.70170176,429.95215,150.93481,469.49756,252.61264
496,0.55287534,0.6031102,331.33228,142.45827,376.34814,217.11967
496,0.48636168,0.6922565,290.97394,152.40836,331.56903,249.21234
496,0.1172566,0.6046964,58.043034,146.84866,92.04541,217.6907
496,0.056327324,0.662791,25.58014,141.64166,46.518837,238.60477
496,0.34816033,0.65036196,203.36853,110.67729,242.27667,234.1303
496,0.7941419,0.518844,494.96466,138.68399,521.537,186.78384
496,0.9875439,0.5325981,624.20825,89.13597,639.8479,191.7353
496,0.43873253,0.56537163,268.4297,152.98203,293.14795,203.53378
497,0.29793012,0.7856903,158.56512,186.84576,222.78543,282.8485
497,0.46937758,0.86771053,263.42773,208.82532,337.37555,312.3758
497,0.7852275,0.8663511,476.13184,184.95564,528.95935,311.8864
497,0.7021691,0.7019965,429.99783,149.94666,468.77866,252.71875
497,0.34623414,0.6689043,200.2136,115.35977,242.96613,240.80554
497,0.5466567,0.61200637,325.0932,145.77249,374.62738,220.3223
497,0.48417988,0.69197404,292.498,151.7728,327.25226,249.11066
497,0.12574229,0.644873,59.071934,175.35089,101.878204,232.1543
497,0.12597938,0.6441139,59.38905,147.7938,101.86455,231.88101
497,0.056735553,0.6723402,25.299809,139.09015,47.321697,242.04248
497,0.77856374,0.4779535,487.5706,138.42532,508.991,172.06326
497,0.77851486,0.50895965,486.46484,137.54607,510.03418,183.22548
497,0.9864769,0.5330597,622.83466,88.48665,639.8558,191.9015
497,0.44347614,0.5749775,259.61206,122.822815,308.0374,206.99191
497,0.9851707,0.7907528,621.1773,205.50624,639.84125,284.67102
498,0.46919996,0.865251,262.82538,198.87213,337.75055,311.49036
498,0.29892582,0.7866181,158.40436,184.2981,224.2207,283.18253
498,0.7912939,0.87649775,479.31903,184.95107,533.5372,315.53918
498,0.70187837,0.69918716,429.22638,150.31662,469.17792,251.70737
498,0.13357353,0.64346075,59.56396,148.54303,111.41016,231.64587
498,0.35288176,0.685415,196.63818,120.16269,255.05048,246.74942
498,0.4874611,0.71488106,293.11053,153.92743,330.83966,257.35718
498,0.5479307,0.6099129,326.15668,147.67178,375.19464,219.56863
498,0.7594338,0.54338455,472.05548,136.35513,500.01978,195.61844
498,0.7640421,0.49208468,478.69342,136.8555,499.28046,177.15048
498,0.44784528,0.58046436,261.592,120.463806,311.64993,208.96716
498,0.98725003,0.5330158,623.8434,87.559204,639.8367,191.88568
498,0.9855032,0.7903151,621.6001,209.05127,639.844,284.51343
499,0.46934015,0.86579293,262.9532,197.89523,337.8022,311.68546
499,0.30012044,0.78514534,158.80786,183.19977,225.34631,282.6523
499,0.79742557,0.8749195,484.4524,184.82617,536.2523,314.971
499,0.7013265,0.69891053,428.4139,149.60849,469.28403,251.60779
499,0.14575483,0.64192057,59.676605,165.68933,126.88957,231.0914
499,0.5421115,0.61220545,318.94696,150.96631,374.9558,220.39395
499,0.48270708,0.7231969,287.33127,159.17917,330.53378,260.3509
499,0.36091995,0.68820995,213.1784,153.68143,248.79913,247.75558
499,0.75024754,0.5164528,470.23407,134.71133,490.08276,185.923
499,0.47689897,0.65784156,287.71484,159.1753,322.71582,236.82297
499,0.33644232,0.48474935,196.1011,127.80829,234.54507,174.50977
499,0.9853021,0.78995955,621.34033,206.74406,639.8463,284.38544
499,0.98738337,0.53355724,624.0061,88.831505,639.8446,192.0806
499,0.3740202,0.68325037,212.46564,152.51663,266.2802,245.97012
499,0.7487334,0.54763085,467.1479,133.38501,491.2309,197.1471
500,0.4693369,0.86553174,263.21063,197.28186,337.5406,311.59143
500,0.3023657,0.7826843,158.78079,182.379,228.24728,281.76636
500,0.8060483,0.89437526,490.8426,189.27368,540.89923,321.9751
500,0.15338399,0.6414961,61.029984,151.73993,135.30151,230.9386
500,0.70104325,0.6996602,428.3128,149.1542,469.02252,251.87766
500,0.5408904,0.6122412,318.74,151.48666,373.59973,220.40683
500,0.3644136,0.69182426,213.25595,163.9226,253.19345,249.05673
500,0.73954123,0.52717894,463.15662,134.77692,483.45618,189.78442
500,0.48422986,0.71389675,286.42676,161.37802,333.38745,257.00284
500,0.75735694,0.6085631,471.39825,190.80531,498.01862,219.08272
500,0.98724824,0.53371423,623.833,88.28705,639.8447,192.13712
500,0.9852225,0.78980356,621.24084,205.898,639.844,284.32928
500,0.4765727,0.67011386,286.8683,162.7623,323.14478,241.241
501,0.469606,0.865553,263.1654,195.64426,337.9303,311.5991
501,0.30149388,0.7836789,158.77042,182.49811,227.14175,282.1244
501,0.821288,0.89801925,500.5484,192.45288,550.70026,323.28693
501,0.7027224,0.70078754,430.05475,151.34064,469.42987,252.28351
501,0.15677235,0.64376223,66.66133,158.99408,134.00728,231.7544
501,0.5439948,0.61099386,323.20657,149.10333,373.10678,219.9578
501,0.3491928,0.6966348,202.24863,151.61667,244.71817,250.78854
501,0.7326501,0.4896921,458.64648,133.17383,479.14563,176.28915
501,0.05620916,0.6755617,25.128922,139.81178,46.8188,243.20222
501,0.9873295,0.5338253,623.93463,88.353714,639.8471,192.17711
501,0.98518544,0.7896756,621.1948,206.6332,639.8425,284.2832
502,0.46977392,0.8633244,263.52322,195.37015,337.78738,310.79678
502,0.30263156,0.7831246,159.66104,182.39539,227.70737,281.92487
502,0.8325802,0.9000601,504.91592,191.34225,560.78674,324.02164
502,0.7020477,0.7069006,429.3896,150.9089,469.2315,254.48422
502,0.16572842,0.64386916,76.74312,169.20306,135.38927,231.79291
502,0.34788117,0.69707614,202.92603,159.84152,242.36188,250.94742
502,0.5339201,0.60743195,312.2914,145.5333,371.1263,218.6755
502,0.7223938,0.5240983,448.81683,130.44434,475.84723,188.67538
502,0.46700183,0.600148,282.99615,155.23315,314.76617,216.05328
502,0.72581625,0.61561567,451.0398,129.98132,478.005,221.62164
502,0.98823595,0.53594303,625.0905,89.13174,639.8515,192.93948
502,0.98524505,0.7878805,621.26965,206.58337,639.844,283.63696
502,0.43186283,0.5690942,257.0063,133.2922,295.77814,204.8739
503,0.4689873,0.8631214,263.10388,195.94466,337.19983,310.7237
503,0.3067342,0.7818953,165.6688,181.9798,226.95099,281.4823
503,0.8436364,0.90679544,512.0945,196.2358,567.76013,326.44635
503,0.70124274,0.7076101,430.00714,152.14047,467.58356,254.73962
503,0.34684578,0.6933316,203.64537,161.23734,240.31721,249.59937
503,0.53183234,0.6053401,312.70825,138.9814,368.0371,217.92244
503,0.717179,0.6118856,443.46854,121.80107,474.5206,220.27882
503,0.4634511,0.60085416,280.1894,153.21576,313.028,216.3075
503,0.17909549,0.6283153,94.95145,136.04382,134.29079,226.19351
503,0.42878056,0.56722033,256.5161,142.40445,292.323,204.19931
503,0.98732615,0.53512186,623.9255,88.61512,639.852,192.64386
503,0.9853897,0.78853685,621.46094,209.06528,639.8379,283.87326
503,0.35356745,0.5243133,212.31036,144.29916,240.25598,188.75278
503,0.056475677,0.68132263,24.925585,140.06076,47.36328,245.27615
503,0.35410243,0.48912883,212.86905,144.12056,240.38205,176.08638
504,0.46963,0.86311364,263.2986,196.31192,337.8278,310.72092
504,0.6980303,0.7085776,429.3911,151.81357,464.08765,255.08792
504,0.8554169,0.91285264,522.80237,202.44952,572.1312,328.62695
504,0.52267635,0.600592,312.30356,132.94983,356.7222,216.21313
504,0.31993097,0.78052074,181.0841,176.1857,228.42755,280.98746
504,0.18755662,0.6295009,105.58096,127.37515,134.49152,226.62033
504,0.71755147,0.60724264,445.284,126.42175,473.1819,218.60736
504,0.46249086,0.6023719,279.24017,155.318,312.7481,216.85388
504,0.35045353,0.6988473,208.18427,154.92108,240.39624,251.58502
504,0.98742086,0.53464144,624.03687,88.964935,639.8618,192.47092
504,0.42862707,0.5700425,256.3245,140.38393,292.31815,205.21529
504,0.98551166,0.788572,621.6204,212.10368,639.83453,283.88593
504,0.71616066,0.6122322,449.0899,179.27084,467.59576,220.4036
504,0.4665245,0.5711926,284.15698,156.7887,312.9944,205.62933
505,0.469081,0.8641078,264.2776,196.43555,336.14612,311.0788
505,0.84264755,0.93842894,495.0309,211.4781,583.558,337.8344
505,0.69035375,0.7110332,426.2486,151.1547,457.40424,255.97195
505,0.71967185,0.6062367,448.07483,126.27829,473.1051,218.24521
505,0.19351527,0.62886727,112.49452,127.528046,135.20502,226.39221
505,0.51533735,0.6003043,310.26135,131.50018,349.37048,216.10956
505,0.33162442,0.78026164,195.29437,155.0477,229.18488,280.8942
505,0.3459481,0.70040387,201.76022,157.7424,241.05334,252.14539
505,0.9868593,0.53432864,623.3212,88.62515,639.8587,192.3583
505,0.42284614,0.5634984,257.52814,132.8823,283.7149,202.8594
505,0.4645998,0.6457865,279.73816,157.72244,314.9496,232.48315
505,0.35579428,0.6973218,213.5662,162.00366,241.8505,251.03583
505,0.4590618,0.6881029,273.4029,158.48685,314.19623,247.71704
505,0.4392447,0.5655006,259.88968,139.16885,302.34354,203.58023
505,0.44880253,0.5482086,273.4038,139.51022,301.06342,197.3551
505,0.71870977,0.6100876,452.4485,185.34814,467.5,219.63153
506,0.46841073,0.8630915,264.24628,197.7885,335.31946,310.71295
506,0.88059616,0.94101495,540.59265,211.75812,586.57043,338.76538
506,0.68581057,0.7130607,424.09512,152.53253,453.7424,256.70184
506,0.34220192,0.78345025,195.58493,153.77164,242.43353,282.04208
506,0.7163478,0.6076106,445.25403,125.09918,471.67114,218.7398
506,0.20087619,0.6256802,116.079895,127.50845,141.04163,225.24487
506,0.5155077,0.5995297,311.02072,137.59436,348.82913,215.83069
506,0.46250844,0.69401383,273.8103,156.83752,318.2005,249.84497
506,0.98725015,0.53304476,623.82806,88.559204,639.8521,191.89612
506,0.42274493,0.56115013,256.91693,132.35565,284.1966,202.01404
507,0.46820393,0.8595381,263.49536,196.52623,335.80566,309.43372
507,0.6719405,0.7130205,407.73962,153.5788,452.34424,256.68738
507,0.8722555,0.9417351,537.55835,206.88882,578.9287,339.02463
507,0.21390402,0.62441,116.259705,129.32974,157.53745,224.7876
507,0.71339905,0.6097139,442.4629,125.32318,470.68793,219.49701
507,0.34370074,0.783462,197.5618,171.83295,242.37515,282.04633
507,0.5138413,0.59718704,309.7928,140.89493,347.924,214.98734
507,0.44992405,0.70837456,264.4718,158.52289,311.43097,255.01483
507,0.98741496,0.533874,624.0365,88.09987,639.8546,192.19463
507,0.44644508,0.5502908,267.84058,137.81105,303.60913,198.10469
507,0.3406412,0.49853358,203.60794,140.84431,232.41281,179.47209
507,0.42375517,0.5586924,258.27426,106.83349,284.13235,201.12927
507,0.42263708,0.54856145,258.57388,127.30121,282.40158,197.48212
507,0.985119,0.786852,621.12286,215.47813,639.8294,283.26672
508,0.86823,0.93987375,526.962,201.52026,584.3724,338.35455
508,0.6711979,0.71688277,408.1706,154.75198,450.9627,258.0778
508,0.47261363,0.8577098,267.48572,195.79666,337.45972,308.77554
508,0.22600332,0.6242113,119.76718,135.31073,169.51706,224.71606
508,0.34784186,0.7801173,198.88454,155.95026,246.35304,280.84222
508,0.71374404,0.6111198,443.1411,125.58891,470.4513,220.00313
508,0.44772834,0.7423652,264.65527,155.77594,308.437,267.25146
508,0.5117661,0.5994412,308.68127,137.21533,346.37927,215.79883
508,0.98737735,0.5326563,623.9924,87.32774,639.85065,191.75627
508,0.4229308,0.5581529,257.78027,104.77785,283.57117,200.93504
508,0.985037,0.78683525,621.0153,216.89227,639.8321,283.26068
508,0.42210302,0.54788053,258.3828,128.10126,281.90906,197.237
509,0.66583025,0.7182348,404.74197,154.90979,447.52072,258.5645
509,0.8753958,0.94133717,533.4905,207.4761,587.0161,338.88138
509,0.2296345,0.6257533,122.1098,133.00818,171.82236,225.27118
509,0.7106709,0.6110626,440.3761,125.80217,469.28265,219.98253
509,0.35887203,0.7795924,206.48691,152.41608,252.8693,280.65326
509,0.49016476,0.8569778,275.96576,195.45654,351.44513,308.51202
509,0.44893923,0.75132734,268.90863,155.70966,305.73358,270.47784
509,0.5049754,0.6007568,305.0119,137.25491,341.35657,216.27246
509,0.42301083,0.55569625,257.72372,104.62257,283.73013,200.05066
509,0.98738134,0.5334755,623.9998,86.543564,639.8483,192.0512
509,0.9850208,0.7858785,621.0797,214.80809,639.74695,282.91626
509,0.42068022,0.5482626,257.7256,127.471924,280.74512,197.37454
510,0.6631431,0.7236897,402.491,158.57385,446.33218,260.5283
510,0.87850016,0.94302386,534.95654,207.62946,589.5237,339.4886
510,0.7081205,0.60653424,438.46997,125.996124,467.92432,218.35233
510,0.36125246,0.7793931,209.47961,155.33585,252.92352,280.5815
510,0.4977623,0.8557424,285.38806,191.5099,351.74768,308.06726
510,0.4476909,0.75199264,268.40234,157.92047,304.64203,270.71735
510,0.49800855,0.56468266,303.4444,131.23512,334.00653,203.28575
510,0.22877593,0.6227128,126.20506,131.595,166.62813,224.1766
510,0.98712426,0.5339813,623.66974,86.68982,639.8493,192.23328
510,0.24210548,0.60920495,143.53555,129.54413,166.35947,219.31378
510,0.33080587,0.67337674,201.57861,164.15335,221.8529,242.41562
510,0.4469367,0.5531785,268.27722,138.5975,303.80176,199.14426
510,0.4208227,0.5592163,257.36072,105.79669,281.29236,201.31787
511,0.8868677,0.9492161,543.40405,208.36923,591.7866,341.7178
511,0.6591455,0.7258124,400.23938,160.5051,443.4668,261.29245
511,0.70464236,0.61404735,433.80936,129.26254,468.13284,221.05704
511,0.44484702,0.74965835,265.96393,155.60504,303.44025,269.877
511,0.36463273,0.77886206,212.68277,155.80063,254.04712,280.39035
511,0.49408084,0.8549808,293.68842,191.93445,338.73505,307.7931
511,0.49286118,0.57708764,301.79636,132.32549,329.06595,207.75154
511,0.24025235,0.6207052,138.10114,127.5289,169.42188,223.45386
511,0.24689059,0.5717388,147.55353,127.832855,168.46643,205.82596
511,0.34291118,0.49748883,204.8425,138.82169,234.0838,179.09598
511,0.9873034,0.5338887,623.90344,88.187515,639.84485,192.19994
511,0.34107456,0.67421055,203.72018,148.89944,232.85526,242.71579
511,0.33502522,0.67692506,201.78662,157.67459,227.04565,243.69302
512,0.6528964,0.7293506,397.0844,159.81296,438.623,262.56622
512,0.9000267,0.95603615,557.66064,210.58731,594.37354,344.173
512,0.5016836,0.8564566,301.93042,189.91483,340.2246,308.32437
512,0.7030735,0.6109617,432.37506,128.3047,467.55902,219.94621
512,0.44660598,0.7530369,268.17493,157.01013,303.4807,271.0933
512,0.36852723,0.7792633,214.83112,156.2999,256.88373,280.5348
512,0.25470814,0.624231,149.50073,128.51047,176.5257,224.72314
512,0.49177855,0.54095846,301.3743,132.47382,328.10226,194.74506
512,0.3427275,0.6765506,205.33325,149.732,233.35797,243.55823
512,0.3430597,0.50200176,205.4497,143.83496,233.66669,180.72064
512,0.9871877,0.53403354,623.75726,89.76197,639.84296,192.25208
513,0.64711887,0.7304901,394.59467,158.87497,433.71747,262.97644
513,0.90591097,0.9666915,562.3637,214.9454,597.20233,348.00894
513,0.5119931,0.85765296,310.4027,188.56409,344.9485,308.75507
513,0.69944364,0.61397326,427.43494,129.27275,467.8529,221.03038
513,0.4458254,0.752457,266.49072,156.24951,304.16577,270.88452
513,0.26750278,0.625518,158.64996,129.12503,183.7536,225.1865
513,0.36067253,0.72758627,209.5586,155.00403,252.10223,261.93106
513,0.4881742,0.5633513,299.27365,137.22327,325.58932,202.80646
513,0.37990046,0.7846549,225.93454,158.45746,260.33804,282.47577
513,0.9872283,0.53437924,623.8153,90.57962,639.8369,192.37653
514,0.6424697,0.73463225,391.48096,158.81766,430.88025,264.46762
514,0.6997327,0.61380625,427.88745,128.79086,467.77045,220.97025
514,0.911199,0.9891822,563.9679,219.07324,602.3668,356.1056
514,0.4456795,0.75315994,267.45245,152.24985,303.01727,271.13757
514,0.2761886,0.62220085,158.74066,130.79846,194.78076,223.99231
514,0.51683635,0.85744834,316.54395,187.3943,345.0066,308.6814
514,0.3860143,0.7902445,230.33905,170.98953,263.75928,284.48804
514,0.5262371,0.8570701,316.73743,187.75806,356.846,308.54523
514,0.3778189,0.78611493,224.7026,161.19617,258.9056,283.00137
514,0.36450633,0.73864007,213.1449,154.74622,253.42322,265.91043
514,0.9869488,0.53416383,623.4574,90.17502,639.83704,192.29898
514,0.4873632,0.58097774,298.33917,140.98167,325.48572,209.152
515,0.6395821,0.74192387,389.23328,158.89154,429.43182,267.0926
515,0.9265974,0.99023277,567.143,219.51938,618.9017,356.4838
515,0.2817758,0.6252715,159.15298,132.49255,201.52005,225.09775
515,0.4443946,0.75199026,266.91397,154.95517,301.9111,270.7165
515,0.6944064,0.615311,423.57422,129.1466,465.266,221.51196
515,0.5237586,0.8546802,317.7841,187.1825,352.62692,307.68488
515,0.36392292,0.7368068,214.9928,154.99344,250.82855,265.25046
515,0.38771415,0.7943334,229.64575,162.69098,266.62836,285.96002
515,0.481184,0.58825046,295.32074,141.77145,320.5948,211.77017
515,0.6627122,0.6091696,416.96634,193.9119,431.30533,219.30106
515,0.37441558,0.7863334,214.92224,154.77924,264.3297,283.08002
515,0.986475,0.5339229,622.84845,89.89205,639.83954,192.21225
515,0.021224631,0.41238463,0.104003906,126.85809,27.063524,148.45847
515,0.35324663,0.49136835,211.88095,135.31693,240.27475,176.89261
516,0.63605946,0.7434273,387.34564,161.45004,426.8105,267.63382
516,0.92861116,0.98910046,570.1674,220.9286,618.4549,356.07617
516,0.53435737,0.8555533,317.7278,186.38835,366.2496,307.9992
516,0.43949136,0.74908626,260.0684,151.10751,302.48056,269.67105
516,0.28899747,0.6262811,162.91125,130.63701,207.00552,225.4612
516,0.39233094,0.7937674,235.50845,165.60312,266.67517,285.75626
516,0.3724328,0.74198747,216.82141,155.30164,259.89258,267.11548
516,0.6872424,0.61101884,420.70312,128.87486,458.96716,219.96678
516,0.66107005,0.6088458,414.85358,190.82443,431.3161,219.18448
516,0.98662966,0.53346777,623.0443,90.33027,639.8417,192.0484
516,0.47753698,0.5858721,293.0869,136.75717,318.1604,210.91397
517,0.93216336,0.98935395,574.11017,220.27742,619.0589,356.16742
517,0.6321348,0.7493893,385.59973,163.7348,423.53284,269.78015
517,0.4481163,0.75015116,268.00037,157.66727,305.5885,270.0544
517,0.5231053,0.8549847,318.61908,186.22615,350.95575,307.7945
517,0.6736665,0.60761917,414.15863,129.3115,448.13446,218.74289
517,0.2964871,0.62426955,170.23087,134.36865,209.27261,224.73703
517,0.39524317,0.7975004,237.03223,180.95816,268.87903,287.10013
517,0.37139273,0.73520017,219.55075,157.57495,255.83194,264.67206
517,0.35867372,0.48219782,214.06842,132.31708,245.03394,173.59122
517,0.30651516,0.60919076,184.29025,134.69029,208.04916,219.30867
517,0.66646576,0.557513,417.12097,129.07678,435.9552,200.70468
517,0.66804665,0.6009666,416.15186,131.62823,438.94788,216.34796
518,0.9414364,0.99225414,577.9271,221.37346,627.11145,357.2115
518,0.5320257,0.85397625,319.62115,184.89302,361.37177,307.43146
518,0.62663907,0.7503613,382.06763,165.39078,420.0304,270.13007
518,0.45055693,0.75156605,268.68695,158.94586,308.02594,270.56378
518,0.65747964,0.6123577,407.8963,128.17563,433.67767,220.44876
518,0.39783126,0.7946402,239.33487,182.72095,269.88913,286.07047
518,0.30743092,0.6246292,182.1565,129.08954,211.35507,224.86652
518,0.37290812,0.74457186,223.66736,159.54755,253.65503,268.04587
518,0.98548985,0.53524756,621.583,88.757355,639.844,192.68912
518,0.3717301,0.7414889,224.25082,195.57559,251.56369,266.936
518,0.31313547,0.6103149,188.98785,133.12709,211.82556,219.71336
518,0.658532,0.5704356,410.682,127.59375,432.239,205.35681
518,0.0563067,0.68369275,24.960033,141.60321,47.112545,246.1294
519,0.95158786,1.0,579.87317,223.45395,638.1593,360.0
519,0.62185824,0.7500612,378.36218,164.86377,417.61633,270.02203
519,0.5270108,0.8440126,320.12045,183.89993,354.45334,303.84454
519,0.45262185,0.746944,270.05017,157.48181,309.3058,268.89984
519,0.65330476,0.6111428,402.0946,132.25372,434.1355,220.01141
519,0.4044323,0.79324704,243.639,184.51572,274.03433,285.56894
519,0.32323316,0.62326735,194.49194,132.20499,219.24649,224.37625
519,0.37298316,0.73990524,222.86716,156.952,254.55127,266.36588
519,0.98504716,0.53434956,621.01666,88.565926,639.8437,192.36584
519,0.056220967,0.6814903,25.357735,139.48322,46.605103,245.33652
519,0.9895193,0.533507,626.8177,90.92058,639.767,192.06252
520,0.950549,1.0,580.06146,224.72922,636.6413,360.0
520,0.61440516,0.752323,373.81976,164.0116,412.61884,270.83627
520,0.5266918,0.83763945,320.4495,182.25333,353.71603,301.5502
520,0.45493856,0.7506862,272.16144,157.92853,310.1599,270.24704
520,0.652091,0.61232984,401.9696,129.62057,432.7069,220.43875
520,0.41143164,0.798521,248.94543,187.1477,277.68707,287.46756
520,0.98517644,0.5343466,621.18463,88.41667,639.84125,192.36476
520,0.3790564,0.7395766,224.0599,162.44244,261.1323,266.24756
520,0.32942173,0.6236623,197.48291,135.43747,224.17691,224.51843
520,0.05623863,0.68129027,25.428337,138.84076,46.557106,245.2645
520,0.98944646,0.53480476,626.73157,90.35491,639.7599,192.52972
521,0.95090884,1.0,581.0132,232.24332,636.15015,360.0
521,0.5253707,0.83297837,318.58215,180.53677,353.89233,299.87222
521,0.6078105,0.7546625,368.10657,166.2703,409.89087,271.6785
521,0.4586049,0.7533388,275.75262,156.28375,311.26166,271.20197
521,0.338715,0.6280057,198.74841,130.83382,234.80676,226.08205
521,0.650267,0.6115437,398.9842,129.67416,433.3576,220.15573
521,0.4176466,0.80075294,251.54639,180.51852,283.04126,288.27106
521,0.38500696,0.7410927,225.31876,161.94424,267.49017,266.79337
521,0.9852476,0.53574675,621.27527,88.60965,639.8417,192.86884
521,0.05624751,0.68150455,25.31687,138.85986,46.67994,245.34164
521,0.98935586,0.53611195,626.61194,90.54278,639.76355,193.0003
521,0.40927115,0.7869809,241.32639,162.98306,282.54068,283.31314
522,0.6007841,0.7581851,361.38202,168.30048,407.62164,272.94662
522,0.9559609,1.0,586.9526,235.0033,636.6774,360.0
522,0.5235162,0.8287892,314.21155,180.46024,355.88916,298.3641
522,0.46127835,0.7569401,277.48755,156.13025,312.94873,272.49844
522,0.6419619,0.60915244,393.00598,132.30305,428.7052,219.29488
522,0.3451066,0.6357703,199.3611,133.50491,242.37535,228.87732
522,0.4241728,0.7971761,253.51045,196.88101,289.43073,286.9834
522,0.391755,0.7385814,227.53,159.26758,273.9164,265.8893
522,0.9852827,0.5351995,621.32043,88.32939,639.84143,192.67183
522,0.05626741,0.6816266,25.372036,138.25278,46.65025,245.38559
522,0.98949736,0.53498393,626.79224,90.45209,639.7644,192.59421
522,0.6339011,0.57196665,393.9325,132.81918,417.46094,205.90799
523,0.5199107,0.8256651,310.72144,179.89459,354.76428,297.23944
523,0.5978872,0.7634545,359.096,168.83371,406.19965,274.84363
523,0.95685995,1.0,588.7285,231.23697,636.05225,360.0
523,0.46385384,0.7453842,279.3675,159.14975,314.36542,268.33832
523,0.35044345,0.6277095,202.11243,132.88754,246.4552,225.97543
523,0.39553583,0.7457649,230.8458,158.23697,275.44006,268.47537
523,0.43212667,0.80239815,254.13882,193.54135,298.9833,288.86334
523,0.985788,0.5339312,621.9673,88.43912,639.8413,192.21524
523,0.63797915,0.6070586,394.73987,189.804,421.8734,218.54109
523,0.056224905,0.6807837,25.295956,138.306,46.671925,245.08212
523,0.62381387,0.5540739,389.5971,129.3457,408.88464,199.46661
523,0.98950976,0.532287,626.8118,91.81388,639.7607,191.62332
523,0.62938535,0.6063947,388.33978,130.3898,417.2735,218.3021
523,0.40358242,0.6900637,242.67545,159.1442,273.91006,248.42294
524,0.5190836,0.82622206,309.03632,179.99188,355.3907,297.43994
524,0.9541885,1.0,584.99695,231.54434,636.3644,360.0
524,0.5916709,0.76586914,355.97473,170.76096,401.364,275.7129
524,0.46790352,0.7473375,282.40295,162.47388,316.51355,269.0415
524,0.422367,0.8028322,239.34082,197.52231,301.28894,289.0196
524,0.9856369,0.5342891,621.7743,88.552124,639.84094,192.34409
524,0.61451113,0.53122854,384.27405,127.69159,402.30017,191.24228
524,0.62693727,0.61215836,389.75098,193.1836,412.7287,220.37701
524,0.056306798,0.6824973,25.116154,138.38776,46.956547,245.69904
524,0.9895729,0.53239083,626.8921,90.522385,639.7612,191.66069
524,0.36753955,0.6278155,207.94315,130.31073,262.50748,226.01358
524,0.4136649,0.6406915,250.76997,162.27753,278.72113,230.64896
525,0.95060444,1.0,579.6845,223.06732,637.0892,360.0
525,0.5205358,0.8271384,310.2954,180.26895,355.99048,297.76984
525,0.5856919,0.76884466,354.92105,172.9202,394.76462,276.7841
525,0.9853258,0.5353353,621.37573,88.16205,639.8413,192.7207
525,0.44763607,0.8047621,264.12244,192.5726,308.85175,289.71436
525,0.4686001,0.7365904,282.7486,162.01248,317.0595,265.17255
525,0.6060521,0.5487884,378.5119,127.69501,397.2348,197.56384
525,0.4195652,0.6583981,254.39995,160.31537,282.6435,237.02332
525,0.98958045,0.5340839,626.8984,90.81702,639.7646,192.2702
525,0.46942997,0.6526729,283.75827,161.8265,317.1121,234.96225
525,0.056438483,0.6820321,25.372816,138.22217,46.86844,245.53156
525,0.38384393,0.6362315,227.22635,131.75342,264.09387,229.04333
526,0.94484866,1.0,573.5148,223.77069,635.8915,360.0
526,0.5759182,0.7726927,350.8943,171.38824,386.281,278.16937
526,0.5262247,0.8224202,314.1415,179.24106,359.42606,296.07126
526,0.9848007,0.53494257,620.7069,87.81517,639.838,192.57933
526,0.4537592,0.76110864,266.1446,185.84024,314.66718,273.9991
526,0.46718073,0.75862,280.24524,162.20032,317.7461,273.1032
526,0.59483117,0.5766837,369.77936,127.11351,391.60455,207.60612
526,0.39002186,0.6365708,231.02783,128.73123,268.20013,229.1655
526,0.9893959,0.5341433,626.6627,89.43044,639.76404,192.2916
527,0.9460705,1.0,574.404,230.66447,636.5662,360.0
527,0.5271128,0.818423,316.23853,177.79568,358.46582,294.63226
527,0.57142097,0.77907544,350.4361,173.28778,380.98273,280.46716
527,0.46793813,0.8125548,279.45276,161.87567,319.50806,292.5197
527,0.43213946,0.7548701,260.9616,155.27362,292.17688,271.75323
527,0.9856089,0.53508174,621.73474,88.538635,639.8446,192.62943
527,0.38396642,0.6344852,231.3664,126.65198,260.11063,228.41467
527,0.98969984,0.5341379,627.0626,90.210724,639.7532,192.28964
527,0.43711776,0.76132286,261.8955,135.30942,297.61523,274.07623
527,0.05633054,0.6850666,25.023285,140.08276,47.079803,246.62396
527,0.42522392,0.7547895,262.12283,207.93985,282.1638,271.7242
528,0.9466766,1.0,572.8733,228.90308,638.8728,360.0
528,0.5284006,0.80896235,319.35205,177.5953,357.00073,291.22644
528,0.474082,0.7702818,285.41504,162.22144,321.4099,277.30145
528,0.5687765,0.77711684,350.48013,174.47556,377.5538,279.76205
528,0.43749776,0.7580805,262.21002,163.09726,297.7871,272.90897
528,0.38546196,0.6293509,232.4761,130.74501,260.9152,226.56633
528,0.98628885,0.534146,622.5991,88.02452,639.8506,192.29256
528,0.9901289,0.53253603,627.61035,89.95744,639.75464,191.71297
529,0.9254112,1.0,566.66614,226.82222,617.8602,360.0
529,0.52400666,0.8102634,317.50543,176.27802,353.22308,291.69482
529,0.5649022,0.7807983,345.26086,176.2785,377.81396,281.0874
529,0.5078355,0.8213891,297.0042,175.16614,353.0252,295.70007
529,0.44143915,0.7610243,265.1431,165.34534,299.89902,273.96875
529,0.9864723,0.53431505,622.83984,88.83722,639.8447,192.35342
529,0.39162856,0.6286782,234.27304,130.48615,267.0115,226.32416
529,0.47916013,0.7931243,289.70453,162.57043,323.62042,285.52475
529,0.5756831,0.7796719,345.5846,175.29852,391.2898,280.6819
529,0.99041766,0.5321389,627.98364,91.96546,639.751,191.57
529,0.493999,0.8268035,296.04474,181.84967,336.274,297.64926
529,0.41745797,0.62986696,235.4195,121.780304,298.9267,226.7521
530,0.9206425,0.99763495,559.31494,229.98343,619.1074,359.1486
530,0.90640354,0.99894136,559.3257,229.56041,600.87085,359.6189
530,0.50674397,0.8202179,297.3042,187.85858,351.32806,295.27844
530,0.4595623,0.76636565,268.40533,159.96799,319.8344,275.89163
530,0.55907476,0.78815985,342.81808,175.22125,372.79764,283.73755
530,0.990424,0.53037775,627.99207,91.84648,639.7506,190.93599
530,0.9864278,0.53442043,622.7824,88.91328,639.84515,192.39136
530,0.5260088,0.80532616,320.18347,176.56866,353.1078,289.91742
530,0.398354,0.6254124,236.06055,128.54337,273.83258,225.14847
530,0.55943024,0.5275727,345.0243,131.6823,371.0464,189.92616
531,0.88919985,1.0,544.15967,230.6688,594.0161,360.0
531,0.55069894,0.7582781,337.06635,173.47693,367.8283,272.9801
531,0.9865147,0.53442377,622.897,88.37349,639.8418,192.39256
531,0.025140654,0.4128379,0.0,126.871216,32.18004,148.62164
531,0.9900295,0.53164375,627.4962,92.87814,639.7416,191.39175
531,0.40026245,0.62194026,239.32535,194.43988,273.0106,223.8985
531,0.5571428,0.7451767,342.90967,178.97928,370.2331,268.2636
531,0.40012288,0.61769086,242.03503,130.5163,270.12225,222.36871
532,0.8800546,1.0,536.43195,226.97516,590.0379,360.0
532,0.47199193,0.7806899,278.6162,160.92044,325.53345,281.04837
532,0.54551655,0.7783135,332.7503,173.30484,365.51086,280.19287
532,0.5127714,0.8227956,307.2432,188.9621,349.10422,296.20642
532,0.9871559,0.53457326,623.7239,89.18872,639.8357,192.44638
532,0.43650436,0.63670075,260.60004,127.17645,298.12555,229.21228
532,0.40273172,0.61570716,245.22958,130.54391,270.267,221.65457
533,0.87559414,0.9994801,531.2949,222.33566,589.4656,359.81284
533,0.47370386,0.77884954,282.68164,160.06451,323.6593,280.38583
533,0.5149787,0.8182319,303.99225,193.51709,355.18048,294.56348
533,0.40748698,0.6140385,250.13348,131.69034,271.44983,221.05386
533,0.43615788,0.6408463,262.19812,128.92789,296.08398,230.70468
533,0.987133,0.53341806,623.68555,88.69734,639.8447,192.0305
533,0.54299676,0.7812247,332.57495,173.62915,362.46094,281.2409
534,0.8643715,0.9950125,528.50867,216.08426,577.88684,358.2045
534,0.46933717,0.7746199,283.81982,164.0445,316.93176,278.86316
534,0.5331062,0.80428433,323.5442,189.7005,358.8318,289.54236
534,0.40969124,0.6210507,251.6395,133.40085,272.7653,223.57825
534,0.9872549,0.5321383,623.84564,88.1447,639.84064,191.56978
534,0.514748,0.8145455,299.68402,189.52023,359.19342,293.2364
535,0.84957474,0.98541945,518.9434,211.03842,568.51227,354.751
535,0.54255885,0.8574036,327.74615,188.97333,366.7292,308.66528
535,0.48956355,0.79000133,286.47693,165.80286,340.16443,284.40048
535,0.98346436,0.5368366,618.9761,89.352646,639.8583,193.26118
535,0.544886,0.73536646,330.29755,190.9505,367.15656,264.73193
535,0.988241,0.540547,625.18225,92.95679,639.76624,194.59692
535,0.4334696,0.64446276,259.73627,127.78589,295.1048,232.00659
535,0.5050639,0.7894926,304.30786,169.55676,342.1739,284.21735
536,0.8330425,0.9748947,509.15967,208.39954,557.13477,350.9621
536,0.4886383,0.7922661,289.51834,177.4591,335.9387,285.2158
536,0.55379343,0.8592682,329.6538,192.15785,379.20178,309.33655
536,0.9823793,0.5372608,617.5968,89.599724,639.84875,193.41388
536,0.55317605,0.8586753,329.90662,193.98975,378.1587,309.1231
536,0.43930426,0.6434776,258.85693,126.73331,303.4525,231.65195
537,0.8173951,0.9724352,499.43268,209.23712,546.83307,350.07666
537,0.57208407,0.85750663,340.37366,198.3556,391.89392,308.7024
537,0.4895398,0.79473794,292.54388,188.60892,334.06708,286.10565
537,0.9844335,0.5332349,620.2283,88.7063,639.84656,191.96457
537,0.43628398,0.6381603,256.20483,126.78049,302.23865,229.7377
537,0.9886379,0.5386339,625.6902,94.020744,639.76636,193.9082
538,0.7921259,0.9768965,476.30603,213.23596,537.6151,351.68274
538,0.5781809,0.8709016,343.828,199.48575,396.2436,313.52457
538,0.48948503,0.79300165,293.21094,170.41086,333.3299,285.4806
538,0.43901548,0.63661677,260.86816,125.25107,301.07166,229.18204
538,0.9828249,0.53357613,618.16486,89.985916,639.851,192.08742
538,0.9895525,0.5380335,626.8478,94.01773,639.7794,193.69205
538,0.5321721,0.7951911,323.5974,174.89905,357.5829,286.2688
538,0.4931795,1.0,302.60797,347.1585,328.6618,360.0
539,0.7682522,0.98042476,458.33636,216.15262,525.0264,352.9529
539,0.5843951,0.8771074,351.0194,205.58044,397.00635,315.75867
539,0.49373978,0.7987247,295.55157,168.56226,336.43536,287.5409
539,0.5273801,0.79417646,323.47958,168.57843,351.56693,285.90353
539,0.4354658,0.6334708,257.03766,124.21509,300.35858,228.04947
539,0.9850197,0.53682923,620.9584,90.3412,639.8668,193.25853
539,0.9901112,0.53750193,627.555,93.32607,639.7873,193.5007
539,0.96825564,0.6934509,599.5388,86.04015,639.82837,249.64233
540,0.7576831,0.9772366,448.03986,212.76878,521.7945,351.80518
540,0.59483373,0.887146,358.62952,210.4734,402.7577,319.37256
540,0.43857795,0.63112444,260.98383,125.091736,300.39594,227.2048
540,0.50215995,0.8006451,295.55402,166.34671,347.2107,288.23224
540,0.9847735,0.5328847,620.65356,90.565155,639.85657,191.8385
540,0.9898542,0.5367472,627.2323,96.91403,639.7811,193.229
540,0.5257765,0.7925513,320.90735,166.91803,352.08655,285.31845
540,0.9674705,0.6891509,598.52844,86.07056,639.83386,248.09433
541,0.75545627,0.96661866,447.35364,211.37898,519.6304,347.98273
541,0.6026594,0.89627576,362.5691,212.71378,408.83496,322.65927
541,0.43879518,0.6316366,261.8921,124.48987,299.76575,227.38919
541,0.5057052,0.79887164,296.54733,160.55405,350.75528,287.59378
541,0.7170011,0.7178012,450.69177,245.21478,467.06958,258.40845
541,0.98980904,0.534193,627.1797,98.039795,639.7759,192.30948
541,0.98581076,0.5329177,621.98517,90.134674,639.8526,191.85037
541,0.969,0.68856966,600.4886,85.94196,639.83136,247.88507
542,0.7389003,0.95419276,440.09125,207.87683,505.7011,343.5094
542,0.6068704,0.90463424,369.28836,216.23352,407.50577,325.66833
542,0.43910247,0.62831116,262.80096,123.834045,299.25018,226.19202
542,0.5072379,0.79671043,296.95032,163.96332,352.3142,286.81577
542,0.9860525,0.5339717,622.2981,89.42794,639.8491,192.22983
542,0.96684015,0.6889321,597.7828,84.7175,639.77264,248.01556
542,0.9897286,0.53373015,627.0722,98.73087,639.78046,192.14285
543,0.7161015,0.9474533,430.29822,202.29767,486.3117,341.0832
543,0.6104443,0.9092558,371.18192,221.41156,410.1868,327.3321
543,0.43980566,0.62819606,263.5121,124.547424,299.43915,226.15057
543,0.5051261,0.79608756,296.3333,166.59103,350.2281,286.59152
543,0.986539,0.5341841,622.92194,89.7554,639.84796,192.30627
543,0.9676933,0.6865921,598.87195,84.79538,639.7755,247.17316
543,0.52332956,0.79355323,315.54614,166.14774,354.31567,285.67917
543,0.9900554,0.5352023,627.4898,97.9337,639.78107,192.67284
544,0.70544136,0.94166446,424.67902,201.19206,478.28595,338.9992
544,0.6154911,0.910747,374.6728,223.17245,413.15582,327.86893
544,0.44066,0.63138634,263.18024,124.29089,300.86456,227.29907
544,0.49843636,0.79586285,295.4336,167.43317,342.56494,286.51062
544,0.52565205,0.7929385,320.9992,165.95233,351.8354,285.45786
544,0.9857389,0.53436375,621.89087,91.40347,639.85486,192.37094
544,0.98985326,0.53389895,627.2384,99.00701,639.7738,192.20361
544,0.47739083,0.6142428,289.25064,126.48514,321.8096,221.12741
545,0.692808,0.943456,415.5846,203.9339,471.2096,339.64417
545,0.61421806,0.9076725,374.2133,222.04861,411.9858,326.76212
545,0.44149056,0.63024014,262.73706,123.60483,302.37085,226.88644
545,0.49933204,0.7960468,295.22473,167.5361,343.9203,286.57684
545,0.52473325,0.7793453,320.1176,166.39499,351.54095,280.5643
545,0.98599035,0.53437024,622.20984,90.20239,639.8578,192.37329
545,0.99006367,0.53449434,627.49963,98.82372,639.78186,192.41797
545,0.9700758,0.694233,601.91504,84.90695,639.782,249.92389
546,0.68518007,0.94548833,412.62726,208.70752,464.40326,340.3758
546,0.6174572,0.9080519,373.4649,216.45886,416.8803,326.89868
546,0.44047737,0.6307152,259.48517,122.97522,304.32587,227.05746
546,0.5010805,0.7971333,294.73557,167.58365,346.6475,286.968
546,0.52986324,0.79225093,321.80377,166.9505,356.42114,285.21033
546,0.9859905,0.5334129,622.2197,90.075066,639.84814,192.02863
546,0.4768799,1.0,296.03656,347.162,314.3697,360.0
547,0.68070555,0.943997,409.58136,208.8044,461.72174,339.83893
547,0.6117632,0.9068134,372.6449,212.03902,410.412,326.45282
547,0.43964034,0.63028884,259.7514,122.487366,302.98822,226.90399
547,0.9851009,0.533516,621.0808,89.19657,639.8484,192.06577
547,0.5160665,0.7937998,298.90018,165.01605,361.66495,285.76794
547,0.5310255,0.792244,318.445,165.64297,361.2677,285.20786
547,0.49996313,0.7976771,293.1205,166.96667,346.8323,287.16376
548,0.66930807,0.9141908,404.73904,206.33374,451.97525,329.1087
548,0.6062243,0.907668,367.33273,211.75558,408.63437,326.76047
548,0.4402996,0.62785006,262.6562,122.761826,300.9273,226.02602
548,0.53534645,0.7916541,320.8812,165.40924,364.36227,284.99548
548,0.9865459,0.53415364,622.94,88.873276,639.8388,192.2953
548,0.49601206,0.7968382,294.24615,168.11005,340.6493,286.86176
548,0.9501694,0.6922793,578.5029,109.917076,637.71387,249.22055
548,0.9903738,0.53311765,627.8905,90.22623,639.78796,191.92236
549,0.5961275,0.9056627,358.73767,216.59747,404.30554,326.03857
549,0.66882116,0.90524256,411.1338,199.8567,444.95728,325.88733
549,0.49404716,0.7978895,294.12094,172.10715,338.25943,287.2402
549,0.53839195,0.79040915,323.0152,167.25238,366.12646,284.5473
549,0.43871838,0.62852335,261.73734,123.74417,299.82217,226.2684
549,0.98666686,0.5342865,623.09143,88.53323,639.84216,192.34314
549,0.47357902,0.62443143,285.10883,125.62448,321.07233,224.79532
549,0.47710913,1.0,295.96356,346.98834,314.73615,360.0
549,0.9903824,0.5326766,627.908,89.70781,639.78143,191.76357
550,0.6611895,0.90704644,405.03415,191.25247,441.28842,326.5367
550,0.5925142,0.9048108,355.07648,217.66316,403.34174,325.73187
550,0.49222192,0.7973878,293.82312,172.04031,336.22095,287.0596
550,0.53925705,0.7921324,324.8227,170.79425,365.42633,285.16766
550,0.43595678,0.6308509,257.95398,123.70685,300.07068,227.10632
550,0.98671305,0.53269756,623.1505,89.075745,639.84216,191.77112
550,0.5326599,0.78721,327.75433,182.27026,354.05035,283.3956
550,0.96478254,0.68764895,597.25354,109.79996,637.6681,247.55362
551,0.5890502,0.90356463,349.68567,214.85779,404.29858,325.28326
551,0.6488112,0.8905977,390.3897,185.2867,440.08868,320.61517
551,0.49251157,0.79683924,293.80817,174.87936,336.60663,286.86212
551,0.43628478,0.6299809,258.60797,123.54697,299.83655,226.79312
551,0.5325673,0.7897806,324.5822,167.53064,357.10394,284.321
551,0.986376,0.5330499,622.7284,91.21924,639.8329,191.89795
551,0.056399483,0.6844053,24.85093,137.69385,47.34041,246.38593
552,0.5420047,0.705032,329.1463,145.06604,364.61975,253.81152
552,0.66559803,0.9967902,402.39978,260.14407,449.56567,358.84445
552,0.6539959,0.7079847,397.85074,145.44345,439.26395,254.87448
552,0.46068954,0.79350007,275.5444,177.99124,314.1382,285.66003
552,0.35960144,0.7806407,216.07895,169.46072,244.2109,281.03067
552,0.3751009,0.6181113,219.30905,134.40846,260.8201,222.52007
552,0.24384102,0.62497205,136.21121,117.94028,175.9053,224.98993
552,0.9865549,0.53472775,622.93884,86.73922,639.85144,192.50198
552,0.37057525,0.5547047,219.17087,133.5224,255.16544,199.6937
552,0.313016,0.5183009,175.96045,127.09747,224.70001,186.58832
552,0.45453006,0.5391747,275.89948,144.68338,305.899,194.10287
552,0.4952565,0.47035214,301.99417,129.33748,331.93417,169.32677
553,0.544174,0.70451,330.36536,144.8747,366.17737,253.6236
553,0.66524065,0.9972141,401.87732,260.21057,449.63074,358.99707
553,0.65394425,0.70799935,397.85242,143.83917,439.19623,254.87976
553,0.46015078,0.79355764,274.8852,178.11807,314.1078,285.68076
553,0.3586964,0.7813402,213.59842,169.79034,245.53299,281.28247
553,0.3759345,0.619914,219.92368,135.38046,261.2725,223.16904
553,0.24326706,0.6253437,135.48654,116.701294,175.8953,225.12372
553,0.9866632,0.5348114,623.0773,87.878044,639.8517,192.5321
553,0.49497336,0.47277102,301.11047,131.05801,332.45544,170.19757
553,0.45357385,0.54194653,274.89746,145.78203,305.67706,195.10075
553,0.37102062,0.5514593,219.62321,134.81747,255.28316,198.52536
553,0.7194768,0.3299566,450.885,95.06743,470.04535,118.78438
554,0.5451517,0.7034065,330.10117,144.3046,367.69302,253.22635
554,0.66511697,0.9974299,401.74664,260.48517,449.6031,359.07477
554,0.65387344,0.70861495,397.95886,143.2479,438.99915,255.10138
554,0.4605674,0.7934843,274.33887,176.32904,315.18744,285.65433
554,0.37594736,0.6204788,219.97601,137.4209,261.2366,223.37238
554,0.35740927,0.78296125,213.1614,167.38132,244.32245,281.86606
554,0.24291117,0.6250133,135.08781,117.410614,175.83849,225.00479
554,0.98661864,0.53459466,623.01874,88.183044,639.8531,192.45407
554,0.6787855,0.5376212,412.84937,120.14685,455.9961,193.54364
554,0.4955469,0.4763762,301.2762,131.16948,333.02383,171.49544
554,0.71914643,0.32912135,450.87842,95.28244,469.62903,118.48369
555,0.54554415,0.7031995,329.4782,144.40363,368.8183,253.15182
555,0.66492015,0.99779826,401.5094,260.5273,449.58838,359.20737
555,0.65402985,0.7082813,398.04425,146.48227,439.11395,254.98126
555,0.46144828,0.7927408,273.81335,177.02957,316.84045,285.3867
555,0.37548614,0.6192299,218.88397,138.93857,261.73828,222.92276
555,0.35723725,0.78113115,213.31543,167.71332,243.94824,281.2072
555,0.24360566,0.6257041,135.85675,120.121216,175.9585,225.25348
555,0.9865221,0.5347559,622.89404,87.48633,639.85425,192.51212
555,0.6792048,0.533787,412.91815,123.98221,456.46405,192.16333
555,0.49492836,0.4771241,299.17514,130.18039,334.33316,171.76468
556,0.5445083,0.70242375,328.008,144.9859,368.9626,252.87256
556,0.66493887,0.99764776,401.4253,260.29712,449.69647,359.1532
556,0.6536356,0.70809317,397.72357,145.84311,438.93,254.91354
556,0.46260157,0.79247224,274.51312,177.7009,317.61688,285.29
556,0.35598153,0.78054726,213.32648,168.40869,242.3299,280.997
556,0.24346319,0.6250497,135.45917,119.99864,176.1737,225.0179
556,0.6816069,0.5330785,415.18573,126.691574,457.27106,191.90825
556,0.98656064,0.534231,622.9436,88.058914,639.854,192.32317
556,0.37465483,0.6187841,217.93362,139.15114,261.62454,222.76228
556,0.29952556,0.5236565,175.13242,134.13858,208.26028,188.51633
556,0.44608793,0.6949543,271.07425,148.4963,299.9183,250.18353
556,0.4946486,0.47736177,298.7882,130.73802,334.362,171.85023
556,0.30406803,0.48755282,180.89572,134.61557,208.31137,175.51901
557,0.5399911,0.70453525,322.85928,144.49963,368.3293,253.63269
557,0.6533731,0.7079952,397.53668,146.2905,438.78094,254.87827
557,0.664104,1.0,400.79456,259.63925,449.25854,360.0
557,0.46193427,0.792069,274.09265,177.45804,317.18323,285.14484
557,0.3555523,0.78608686,213.23798,168.98364,241.86896,282.99127
557,0.24210958,0.6253717,133.59192,119.65608,176.30835,225.1338
557,0.6827407,0.5334904,416.63483,127.6915,457.27325,192.05655
557,0.37476596,0.6196335,218.36209,140.37573,261.33835,223.06805
557,0.98651296,0.5343796,622.88293,87.942444,639.85364,192.37665
557,0.30131254,0.5251991,174.68428,133.18515,210.99577,189.07169
557,0.44572368,0.69516027,270.91068,146.80997,299.61563,250.25769
557,0.49644357,0.47369838,301.2337,131.31056,334.21405,170.53142
557,0.7167535,0.3276983,449.542,93.59828,467.90247,117.97139
557,0.6871723,0.32893664,428.96323,93.02867,450.61734,118.41719
558,0.5364511,0.70510805,320.05133,145.18509,366.60608,253.8389
558,0.6533288,0.7078559,397.49463,146.10046,438.76624,254.82812
558,0.6649065,0.99768287,401.4596,260.45856,449.62073,359.16583
558,0.46331558,0.79271954,274.96216,178.3537,318.0818,285.37903
558,0.35347787,0.7825649,211.19864,169.03998,241.25302,281.72336
558,0.2416246,0.62568486,133.39227,118.010284,175.8872,225.24655
558,0.37539682,0.6187393,219.16809,141.01788,261.33984,222.74615
558,0.68576145,0.5313225,420.89453,130.04056,456.88013,191.2761
558,0.98659116,0.534579,622.9838,87.88547,639.85284,192.44843
558,0.4413,0.6862208,270.1067,147.60693,294.75732,247.03949
558,0.49477157,0.47387242,300.80518,130.88365,332.50244,170.59407
558,0.30223912,0.5234198,174.58815,132.79123,212.27794,188.43112
558,0.7166052,0.32848752,449.55298,93.600784,467.70166,118.25551
558,0.6875696,0.32977176,429.4994,93.16455,450.58972,118.717834
559,0.53509396,0.70878005,319.904,147.99411,365.0163,255.16083
559,0.66425395,1.0,400.86728,259.6631,449.37778,360.0
559,0.6532892,0.7078864,397.54218,146.36621,438.66797,254.83911
559,0.46291408,0.79203236,276.25522,177.79773,316.2748,285.13165
559,0.3503063,0.7825007,207.94385,169.12332,240.44821,281.70026
559,0.24214903,0.62534225,134.27492,117.64731,175.67583,225.1232
559,0.37492114,0.6174114,218.689,141.14749,261.21005,222.2681
559,0.68745166,0.531135,423.09448,132.28448,456.84363,191.20862
559,0.4405889,0.68220943,269.9276,146.4436,294.02618,245.5954
559,0.9865963,0.5343761,622.99225,87.6806,639.851,192.3754
559,0.3002094,0.52665734,174.8921,142.2764,209.37593,189.59665
559,0.6876756,0.3293123,429.6642,93.28757,450.56052,118.55243
559,0.49049932,0.4799317,297.0306,131.00046,330.8085,172.77542
560,0.53476286,0.7078603,320.7044,147.73001,363.79205,254.82971
560,0.6532216,0.7079922,397.47833,147.06384,438.64532,254.8772
560,0.6643297,1.0,400.9865,259.66248,449.35553,360.0
560,0.4639121,0.7903824,275.36163,179.6218,318.44586,284.53766
560,0.34389406,0.78272724,200.62085,170.31656,239.56354,281.7818
560,0.37535423,0.61581016,219.00922,141.51947,261.4442,221.69165
560,0.24250293,0.6252718,134.66571,118.400085,175.73804,225.09784
560,0.68534577,0.5311896,420.5987,132.20952,456.64386,191.22826
560,0.43995056,0.66889006,270.11218,146.4973,293.02454,240.80043
560,0.986688,0.53439265,623.10767,88.29047,639.853,192.38135
561,0.45990396,0.7910925,271.67383,177.9054,317.00323,284.7933
561,0.6532324,0.7084076,397.50342,146.64014,438.63403,255.02673
561,0.5333943,0.7072515,320.32614,148.60461,362.41855,254.61053
561,0.66448194,1.0,401.0426,259.78418,449.49426,360.0
561,0.3392973,0.78406686,195.35324,170.36191,238.9473,282.26407
561,0.37553734,0.6169644,218.78812,141.39685,261.8997,222.10718
561,0.2418447,0.6267056,133.86008,117.331055,175.70114,225.61401
561,0.6852682,0.5315711,420.2766,132.70294,456.8667,191.3656
561,0.98672515,0.53404135,623.1586,88.28199,639.84955,192.25488
561,0.43978637,0.66170985,270.37714,147.50095,292.54944,238.21555
561,0.68756104,0.329678,429.66437,93.02789,450.41376,118.68408
562,0.6531359,0.70774317,397.33887,147.02847,438.67505,254.78754
562,0.53398895,0.7062276,320.60785,149.46115,362.898,254.24194
562,0.4576703,0.7887317,267.26727,179.25372,318.55072,283.94342
562,0.33649725,0.78541964,191.03189,169.98743,239.68457,282.75107
562,0.3753907,0.61823523,217.86435,140.72786,262.63577,222.56468
562,0.6636651,0.9992842,401.13696,259.703,448.35437,359.7423
562,0.24218483,0.6253391,134.47778,116.686066,175.5188,225.12207
562,0.68679744,0.53154147,422.4331,131.9519,456.6676,191.35492
562,0.43988496,0.66503835,269.4004,145.7267,293.65234,239.4138
562,0.9867328,0.5341746,623.1658,88.232796,639.8522,192.30286
563,0.6531056,0.7077925,397.33765,146.58118,438.63757,254.8053
563,0.45726308,0.78915846,266.82355,179.66293,318.4732,284.09705
563,0.3357067,0.78579634,190.76184,172.23279,238.94275,282.8867
563,0.5330249,0.7055508,319.78625,149.19565,362.4856,253.99829
563,0.37490705,0.61868733,217.66116,140.96384,262.21985,222.72745
563,0.66338074,0.9615453,400.65015,260.1114,448.47717,346.1563
563,0.24244718,0.62569326,134.87964,117.187225,175.45276,225.24957
563,0.6854776,0.53129905,420.81018,131.59833,456.6012,191.26767
563,0.98652536,0.5339936,622.89624,87.637344,639.8562,192.23769
563,0.4351411,0.6507369,266.75067,146.68523,290.22992,234.2653
564,0.6532889,0.70790094,397.49976,146.24347,438.71002,254.84433
564,0.66561437,1.0,399.6387,259.45334,452.3477,360.0
564,0.4569215,0.78900725,266.1209,180.22134,318.7386,284.0426
564,0.5327321,0.70468605,319.89758,148.56708,361.9995,253.68698
564,0.3346712,0.7853699,189.97556,172.15738,238.4036,282.73315
564,0.37481707,0.6209642,217.70953,141.07382,262.05634,223.54712
564,0.24320559,0.62522066,135.91022,119.628265,175.39294,225.07944
564,0.68758076,0.53094965,423.7931,131.02719,456.3103,191.14188
564,0.986392,0.53374714,622.7275,87.461044,639.8543,192.14897
564,0.4359398,0.658641,267.42645,145.17117,290.57648,237.11075
564,0.48684472,0.4804663,296.10812,131.12006,327.05313,172.96786
564,0.7162148,0.32670432,448.24084,91.64386,468.51404,117.613556
564,0.68721837,0.32880113,429.60303,93.115265,450.0365,118.36841
565,0.65352404,0.70786166,397.76605,146.71634,438.7447,254.8302
565,0.66597795,1.0,400.2755,259.51218,452.17627,360.0
565,0.53221476,0.7045556,319.05524,149.40973,362.17963,253.64001
565,0.37526265,0.62223315,217.77734,140.82175,262.55884,224.00394
565,0.3338675,0.78534985,190.01674,172.37909,237.33363,282.72595
565,0.45531029,0.7902063,265.59882,179.28043,317.19836,284.47427
565,0.24526897,0.62500805,138.59789,121.03525,175.34639,225.0029
565,0.6876038,0.5309336,423.7271,131.14868,456.4057,191.13611
565,0.98653364,0.53360516,622.91156,87.40364,639.8515,192.09785
565,0.43585485,0.61602086,267.66312,145.30627,290.2311,221.76752
565,0.48572722,0.47890976,296.2531,131.39384,325.47772,172.40752
565,0.31244525,0.51733804,178.00534,124.81885,221.92459,186.2417
565,0.71659243,0.3265736,448.59384,91.56589,468.64444,117.5665
566,0.4562083,0.7906369,265.67392,183.44907,318.27267,284.62927
566,0.66579545,1.0,400.72205,259.46356,451.4961,360.0
566,0.6534126,0.7078295,397.60657,146.957,438.76154,254.8186
566,0.3289514,0.78747433,189.70372,172.6333,231.35405,283.49075
566,0.530618,0.70500207,318.48322,149.44925,360.70782,253.80075
566,0.3759393,0.6227445,218.35074,140.53378,262.85156,224.18802
566,0.24578305,0.6253343,139.19843,120.951904,175.40387,225.12036
566,0.6878127,0.53073627,423.99197,131.15494,456.40823,191.06506
566,0.434589,0.6072848,266.73254,144.51462,289.54138,218.62253
566,0.986492,0.5336046,622.8575,87.25253,639.85223,192.09766
566,0.3127218,0.5196644,178.17334,124.61636,222.11053,187.0792
566,0.487305,0.47980687,296.44446,130.34567,327.3059,172.73047
566,0.6871683,0.32893074,429.42773,93.333206,450.1477,118.41507
566,0.7164196,0.32896572,448.49463,92.00215,468.52246,118.42766
567,0.4557077,0.7923857,265.49594,185.45978,317.8099,285.25885
567,0.6661196,1.0,402.39886,259.56137,450.2342,360.0
567,0.65340453,0.7079357,397.7287,147.13498,438.6291,254.85684
567,0.53056014,0.70832485,319.38983,148.6612,359.7271,254.99695
567,0.32097876,0.7896722,189.39958,171.14633,221.45323,284.28198
567,0.3748718,0.62460667,217.7768,141.16403,262.0591,224.8584
567,0.6880329,0.53084266,424.27313,131.1587,456.409,191.10335
567,0.2431303,0.62557256,136.12088,119.78491,175.0859,225.20612
567,0.43380088,0.6002346,266.46112,145.36993,288.80402,216.08447
567,0.98640823,0.5341428,622.7511,87.57469,639.85144,192.2914
567,0.31386533,0.5280205,177.57767,120.33736,224.16995,190.08739
567,0.48636308,0.5052934,295.97366,131.65904,326.57108,181.90562
567,0.7169312,0.32841852,449.00616,92.85155,468.66583,118.23067
568,0.45586175,0.7923287,265.8235,187.50296,317.67957,285.23834
568,0.6660087,0.99988455,403.48956,259.61908,449.0016,359.95844
568,0.65335125,0.707741,397.73932,147.12137,438.5503,254.78677
568,0.5307209,0.7072144,320.32623,149.45221,358.99652,254.5972
568,0.37618914,0.62389314,218.85107,140.29886,262.67102,224.60153
568,0.31345335,0.7907402,187.98544,173.00293,213.23483,284.66647
568,0.68747973,0.5305319,423.61768,130.9776,456.35638,190.99149
568,0.24424466,0.62467456,137.51422,121.23929,175.11896,224.88284
568,0.43165946,0.645602,264.35757,144.50705,288.16653,232.41672
568,0.9877242,0.53313047,624.4602,87.679474,639.8268,191.92697
568,0.3163908,0.5117037,179.49866,120.00119,225.48157,184.21335
568,0.4885912,0.508299,295.53284,132.60565,329.8639,182.98764
568,0.717066,0.32906199,448.89197,92.825806,468.9525,118.46231
569,0.45581284,0.79197156,266.30475,191.31766,317.13568,285.10977
569,0.5314007,0.70847136,320.52008,148.43912,359.6728,255.04968
569,0.6531992,0.70750535,397.56012,147.15274,438.53485,254.70193
569,0.6656333,0.99691606,403.43402,260.3911,448.57666,358.88977
569,0.37629864,0.6242157,219.3392,140.77129,262.32306,224.71767
569,0.3095184,0.79448044,187.26321,171.2084,208.92032,286.01297
569,0.430453,0.6610668,263.76654,144.23444,287.21332,237.98404
569,0.68635255,0.5304245,422.15875,130.8523,456.3725,190.95282
569,0.24632084,0.62323827,140.30676,122.91907,174.98392,224.36578
569,0.98649085,0.53402483,622.85913,87.19009,639.8491,192.24893
569,0.31422406,0.49985215,180.26108,118.87738,221.94571,179.94678
569,0.48790377,0.5187538,294.22333,132.3421,330.29352,186.75137
570,0.6659056,0.9972351,403.73065,260.34723,448.62848,359.00464
570,0.65330726,0.70768076,397.5432,147.46542,438.69006,254.76508
570,0.5310894,0.70686543,320.63934,148.08087,359.15515,254.47156
570,0.4560031,0.7923406,266.8271,193.19403,316.85687,285.2426
570,0.37626594,0.6248274,219.41788,140.79956,262.2025,224.93787
570,0.42943412,0.6721686,263.03876,144.64223,286.6369,241.9807
570,0.30576262,0.7949498,184.02765,170.86646,207.34851,286.18195
570,0.687688,0.53098404,423.81567,130.86087,456.425,191.15427
570,0.24618986,0.62398624,139.56862,122.43671,175.5544,224.63504
570,0.986571,0.53396165,622.9592,87.41803,639.8517,192.2262
570,0.48808032,0.5183643,293.96667,132.9112,330.77612,186.61115
570,0.31499472,0.49878123,181.19812,114.70453,221.99512,179.56125
570,0.6867757,0.3296014,429.32626,93.11726,449.7466,118.65651
571,0.6650359,1.0,402.48737,259.87213,448.7586,360.0
571,0.65318406,0.7076436,397.42035,147.34006,438.6552,254.75171
571,0.5312221,0.7072703,320.58792,147.42358,359.37637,254.61731
571,0.45593977,0.7922415,266.4688,193.82846,317.1341,285.20694
571,0.3740233,0.6248342,217.01285,141.02313,261.73697,224.9403
571,0.29864055,0.79445046,175.5342,170.92041,206.7257,286.00217
571,0.43035394,0.6638705,263.10217,144.11978,287.75085,238.99338
571,0.6871056,0.531415,422.86746,131.03691,456.62772,191.3094
571,0.2476115,0.6196313,141.96194,123.61505,174.98077,223.06726
571,0.9867441,0.5342626,623.1802,87.98892,639.8523,192.33453
571,0.31426182,0.4889183,180.87839,113.36719,221.37674,176.01059
571,0.48840585,0.5219238,294.6042,133.27116,330.5553,187.89256
571,0.68699014,0.32877728,429.5007,92.39693,449.84665,118.35982
572,0.66467315,1.0,401.80505,259.71454,448.97656,360.0
572,0.65315264,0.70736676,397.44635,147.55371,438.58905,254.65204
572,0.5318433,0.70607316,321.19678,146.58273,359.56262,254.18634
572,0.45580435,0.7919442,266.16385,192.2948,317.26572,285.0999
572,0.29468855,0.7988759,171.172,172.53577,206.02936,287.59534
572,0.37418407,0.62482435,217.36658,140.38159,261.58902,224.93677
572,0.4302159,0.6601582,263.2546,143.73154,287.42172,237.65695
572,0.68601847,0.5315191,421.502,130.82402,456.60162,191.34688
572,0.98664874,0.5343561,623.0608,87.46177,639.8496,192.3682
572,0.24614696,0.620061,140.91183,123.88818,174.15628,223.22195
572,0.6869853,0.32884145,429.5655,92.718704,449.7757,118.38292
572,0.31473726,0.48855853,180.92947,113.28597,221.93423,175.88107
573,0.6532643,0.70743364,397.56195,147.88718,438.61633,254.67612
573,0.66444993,1.0,401.8363,259.71686,448.6596,360.0
573,0.53192186,0.7057001,321.14728,146.6409,359.7127,254.05203
573,0.29281083,0.79897726,168.69373,172.07892,206.10413,287.6318
573,0.45584965,0.79113203,266.0713,196.2453,317.41626,284.80753
573,0.37371585,0.6250419,216.84851,140.94724,261.50778,225.01508
573,0.4313782,0.6596401,262.46216,144.19461,289.7019,237.47043
573,0.6848837,0.53152,419.97192,130.5882,456.6792,191.3472
573,0.9865513,0.5343353,622.93555,87.10269,639.8501,192.36072
573,0.24572892,0.62075484,140.85184,123.505066,173.68118,223.47174
573,0.31292456,0.49439228,179.12552,114.69768,221.41794,177.98122
574,0.2928862,0.79837894,168.55713,171.64249,206.33722,287.4164
574,0.6533374,0.70725566,397.63312,147.86594,438.6388,254.61203
574,0.66379225,0.99992335,401.33643,260.1537,448.31763,359.9724
574,0.5322391,0.7060193,321.23712,146.49304,360.02887,254.16693
574,0.45632187,0.79136074,266.12234,193.92264,317.96964,284.88986
574,0.43103105,0.6573888,261.7039,144.26483,290.01584,236.65997
574,0.3744586,0.6256682,217.68317,142.97867,261.62387,225.24057
574,0.6845397,0.5314106,419.6494,130.4907,456.5614,191.30782
574,0.9865724,0.5342741,622.9614,87.26777,639.8512,192.33868
574,0.24575491,0.6194782,141.12344,123.58031,173.44284,223.01216
574,0.3145906,0.47984514,180.99353,119.423325,221.68243,172.74425
574,0.24944392,0.5810028,147.23376,124.48271,172.05444,209.161
574,0.48846823,0.5065477,295.1884,132.7981,330.05093,182.35718
575,0.4570651,0.7917635,266.1674,194.79541,318.87595,285.03485
575,0.6531347,0.70740527,397.59897,147.69,438.41342,254.6659
575,0.66339433,1.0,401.09418,260.2085,448.05054,360.0
575,0.29208738,0.79794675,167.7482,173.36166,206.12363,287.26083
575,0.5317673,0.70732945,320.69827,147.13562,359.9639,254.63861
575,0.4311715,0.65420574,260.89606,144.46576,291.00348,235.51407
575,0.37535068,0.625428,218.29193,144.54953,262.15695,225.15408
575,0.68423665,0.53199184,419.25745,130.58047,456.56543,191.51706
575,0.98657763,0.5343668,622.9679,87.377594,639.85144,192.37204
575,0.24917106,0.586717,146.2799,122.23839,172.65906,211.21812
575,0.4884429,0.5104701,294.82306,131.76941,330.38385,183.76923
575,0.6865263,0.32954004,429.28522,92.44472,449.46844,118.634415
575,0.71822655,0.32854232,448.3852,93.66466,470.94476,118.27524
575,0.31524426,0.47576624,181.54239,122.77432,221.97025,171.27585
576,0.4585483,0.7923513,266.30954,197.57556,320.6323,285.24646
576,0.6633097,1.0,401.42316,260.49823,447.61322,360.0
576,0.5319665,0.70719445,320.94354,147.33835,359.97357,254.59
576,0.6525465,0.7074454,397.31866,147.58191,437.94086,254.68033
576,0.29100156,0.7987105,164.45071,172.78195,208.03128,287.5358
576,0.37426543,0.6260262,216.53131,147.25311,262.52844,225.36945
576,0.43401337,0.65455323,261.30298,144.55347,294.23413,235.63916
576,0.6840328,0.53228706,418.8996,131.09662,456.6624,191.62335
576,0.9866726,0.53429514,623.0935,86.94598,639.8474,192.34625
576,0.24847522,0.58062136,145.71124,121.98773,172.33704,209.02368
576,0.24409589,0.62347734,140.47134,121.2428,171.9714,224.45184
576,0.68674576,0.33001104,429.30695,92.988235,449.7276,118.80397
576,0.7181919,0.32915416,448.78638,94.02666,470.49927,118.4955
576,0.31469694,0.47543937,181.0133,123.324554,221.79877,171.15817
577,0.531777,0.70671266,321.0359,147.06934,359.63867,254.41656
577,0.6631428,1.0,401.39047,260.89105,447.43234,360.0
577,0.45912677,0.7915173,266.30634,198.14365,321.37592,284.94623
577,0.6518423,0.70690817,396.71454,148.12354,437.64362,254.48694
577,0.28716856,0.79870486,163.1648,174.54462,204.41095,287.53375
577,0.3724937,0.62412184,214.49475,148.8103,262.2972,224.68387
577,0.68439305,0.5317042,419.5228,131.0681,456.50034,191.4135
577,0.44106755,0.6532878,261.34357,143.88028,303.2229,235.18362
577,0.98672426,0.5346361,623.156,87.15907,639.8511,192.46898
577,0.24521327,0.62188935,141.33963,123.61948,172.53336,223.88016
577,0.68657416,0.32984915,429.33472,92.96983,449.48022,118.7457
577,0.24949603,0.5589398,146.91254,124.274445,172.44238,201.21832
577,0.7182401,0.32924852,448.7461,95.034805,470.6012,118.529465
577,0.311846,0.49232355,178.5954,123.7186,220.56747,177.23648
578,0.53143585,0.7065178,320.99332,146.37329,359.2446,254.3464
578,0.6636531,0.9997659,402.32907,261.17487,447.14688,359.9157
578,0.6518895,0.70669717,396.64923,148.10995,437.76935,254.41098
578,0.28506503,0.80171305,162.40991,174.8064,202.47333,288.6167
578,0.37132397,0.62378085,213.00613,149.76068,262.28854,224.5611
578,0.45971757,0.79158723,266.28845,198.62756,322.15002,284.9714
578,0.44492787,0.6524331,260.95654,143.5039,308.55115,234.87592
578,0.6842662,0.53156567,419.41687,131.14748,456.44385,191.36363
578,0.9867009,0.5347427,623.12494,87.333374,639.85223,192.50739
578,0.31288952,0.47633573,179.75406,124.94516,220.74454,171.48087
578,0.6867026,0.33087328,429.47638,92.610504,449.503,119.11438
578,0.7183648,0.3294469,448.84735,93.77846,470.65955,118.60089
578,0.23415813,0.6245908,141.05768,174.08075,158.66473,224.85269
578,0.24681763,0.578773,143.27313,121.24977,172.65344,208.35829
579,0.530879,0.7070021,320.31638,147.39368,359.20877,254.52075
579,0.6633497,0.9996589,402.45496,262.05542,446.63263,359.8772
579,0.28228688,0.8042316,161.71233,174.74799,199.61488,289.52338
579,0.6516306,0.70658594,396.61194,147.98087,437.47522,254.37094
579,0.4606901,0.7913909,267.09723,198.07645,322.58612,284.90073
579,0.37136632,0.6233735,213.12839,150.3992,262.22052,224.41446
579,0.6831376,0.5313946,417.92413,131.41516,456.492,191.30206
579,0.4476059,0.6409238,260.63477,144.49896,312.30078,230.73257
579,0.98671055,0.53470826,623.13806,87.31059,639.85144,192.49498
579,0.68676895,0.33132035,429.51434,92.389404,449.54993,119.27533
579,0.31298178,0.4757057,180.15366,124.88583,220.46304,171.25406
579,0.7180048,0.3293464,448.72247,93.01233,470.32367,118.5647
579,0.2443969,0.62724787,140.37589,123.28006,172.45215,225.80923
580,0.53140813,0.7071411,320.63556,146.71542,359.56683,254.5708
580,0.2804157,0.808933,160.89096,174.35278,198.04117,291.21588
580,0.664149,0.9992325,403.41376,263.36725,446.69696,359.7237
580,0.37154213,0.62356323,213.22583,150.59181,262.34808,224.48277
580,0.6517259,0.7068283,396.89777,147.4411,437.31134,254.45819
580,0.45700055,0.7922726,262.76218,142.90881,322.19852,285.21814
580,0.68449175,0.53092694,419.7297,131.57608,456.41977,191.1337
580,0.4505168,0.6554165,261.8791,145.52477,314.7824,235.94994
580,0.9867331,0.53502035,623.1642,87.6434,639.8541,192.60733
580,0.31296474,0.47555575,180.0248,124.52588,220.57005,171.20007
580,0.6867422,0.3312918,429.58313,92.59178,449.4469,119.265045
580,0.71806794,0.32946217,448.55475,92.96832,470.5722,118.606384
580,0.4607683,0.7917501,267.1233,204.27808,322.66016,285.03003
581,0.5319909,0.7077335,320.9045,147.28018,360.04385,254.78406
581,0.28074926,0.81233895,160.74396,174.55377,198.61511,292.44202
581,0.66438067,0.999007,403.59955,264.76178,446.80768,359.64252
581,0.3713575,0.623609,212.57666,150.72908,262.76093,224.49925
581,0.6519728,0.70616245,397.3407,147.59189,437.18445,254.21848
581,0.4554882,0.61751777,263.65747,146.6441,319.36743,222.3064
581,0.45839167,0.793248,264.02612,146.16766,322.7152,285.56927
581,0.46122685,0.79380745,267.44977,201.92773,322.9206,285.7707
581,0.6846484,0.5313402,419.95453,131.60379,456.39545,191.28247
581,0.9867344,0.53490955,623.16516,87.77806,639.85486,192.56743
581,0.24430303,0.6270807,139.84995,122.083435,172.85794,225.74905
581,0.31248647,0.47627437,179.52359,124.6322,220.45908,171.45877
581,0.68695724,0.3310162,429.7564,92.6192,449.5489,119.16583
581,0.71774864,0.32943943,448.68488,94.431595,470.0334,118.59819
581,0.24874608,0.54998845,145.57782,123.86499,172.81717,197.99585
582,0.28067303,0.8128781,160.86325,176.28253,198.39822,292.6361
582,0.6650547,0.998951,404.4006,265.9914,446.86942,359.62238
582,0.5320004,0.7081719,320.4146,147.34521,360.54596,254.9419
582,0.37153676,0.6241423,212.70334,150.76721,262.8637,224.69122
582,0.4581898,0.7935313,264.0996,147.20755,322.3833,285.67126
582,0.65361845,0.7076882,397.5137,148.0133,439.11795,254.76776
582,0.68463373,0.5308788,419.90408,131.56674,456.4271,191.11636
582,0.45801097,0.6018006,266.07452,146.22067,320.1795,216.64822
582,0.2445569,0.6246814,140.17679,123.391235,172.85605,224.88531
582,0.98679006,0.53508127,623.2401,87.10359,639.8512,192.62926
582,0.4584611,0.7933076,264.05457,193.27155,322.77563,285.59073
582,0.7181279,0.32937723,448.6466,93.50366,470.55713,118.575806
582,0.31266794,0.475275,179.52109,124.17621,220.69388,171.099
582,0.68719053,0.331402,429.97208,93.22049,449.6318,119.30472
583,0.66587895,0.99926865,405.1672,267.80075,447.15787,359.73672
583,0.28161305,0.8185593,161.728,176.21732,198.73672,294.68134
583,0.5314666,0.70833045,319.41003,147.02881,360.8672,254.99896
583,0.37172922,0.62413853,212.93323,150.72821,262.8802,224.68988
583,0.46184558,0.7947462,268.82336,145.18631,322.339,286.10864
583,0.65386176,0.7075916,397.3838,148.47775,439.55927,254.73297
583,0.68420243,0.5309,419.3941,131.35214,456.385,191.124
583,0.24481325,0.62432945,140.61583,123.45148,172.74513,224.7586
583,0.9868618,0.5350852,623.3319,86.90262,639.8512,192.63068
583,0.4588074,0.61417687,268.33914,145.49442,318.93436,221.10367
583,0.31346157,0.47471508,179.71149,123.72449,221.51932,170.89743
583,0.7183472,0.32949436,448.63147,92.666916,470.8529,118.617966
583,0.68693763,0.33097622,429.72815,93.07692,449.552,119.15144
583,0.46325892,0.7948886,270.13306,197.2016,322.83838,286.1599
584,0.6668647,0.9971527,405.94922,270.0332,447.63757,358.97498
584,0.5320808,0.7079207,320.25287,146.67041,360.8106,254.85144
584,0.2824288,0.8209815,162.08826,177.14972,199.4206,295.55334
584,0.3721403,0.62386084,213.49066,150.88562,262.8489,224.5899
584,0.46444026,0.7933481,269.95038,145.58145,324.53314,285.60532
584,0.65414035,0.7077743,397.86737,149.02182,439.4323,254.79874
584,0.6829727,0.5309996,418.20245,130.90839,456.00262,191.15985
584,0.31275654,0.47899273,178.82346,123.21008,221.50491,172.43738
584,0.24442403,0.6241592,140.31068,123.444214,172.55208,224.69733
584,0.98707914,0.53477323,623.6126,87.743225,639.8487,192.51837
584,0.45872688,0.60695404,269.25244,146.62057,317.91797,218.50345
584,0.71849334,0.32879832,448.74304,93.13919,470.92847,118.3674
584,0.9471585,0.6897468,575.51605,113.11148,636.84686,248.30884
585,0.6678072,1.0,406.8708,271.61664,447.92242,360.0
585,0.5313336,0.70732015,320.60144,146.6239,359.5056,254.63525
585,0.2834744,0.8244521,162.98465,175.62033,199.86255,296.80276
585,0.37284812,0.62408507,214.41031,150.49539,262.8353,224.67062
585,0.65242577,0.7062041,396.4851,149.60358,438.61987,254.23349
585,0.46497455,0.7960878,268.9529,145.90546,326.2145,286.5916
585,0.68171465,0.5308487,416.00708,131.27243,456.58765,191.10553
585,0.3130792,0.4814248,179.04993,123.01022,221.69147,173.31293
585,0.9872675,0.5349492,623.8528,88.12207,639.8496,192.5817
585,0.45715952,0.6133709,269.4634,146.0529,315.70078,220.81352
585,0.24253988,0.6257609,137.95001,123.04059,172.50104,225.27393
585,0.7180622,0.32851332,448.74603,93.553894,470.3736,118.2648
585,0.24850436,0.5801873,145.27493,121.945496,172.81064,208.86743
585,0.46653613,0.79582417,270.81036,206.33032,326.3559,286.4967
586,0.5303677,0.70783997,319.81097,147.47308,359.05963,254.82239
586,0.66841245,1.0,407.48172,272.3836,448.0862,360.0
586,0.28399187,0.8253025,163.46188,176.90753,200.0477,297.1089
586,0.3729764,0.62452894,214.62732,150.92221,262.78247,224.83041
586,0.6525623,0.705601,396.45935,149.04791,438.82043,254.01636
586,0.68159616,0.5313448,415.71124,131.04279,456.73187,191.28412
586,0.45506334,0.6259578,269.15338,146.75807,313.3277,225.3448
586,0.4656671,0.7980613,268.89807,146.42126,327.15582,287.30206
586,0.46699914,0.79699624,270.64075,208.10445,327.11816,286.91864
586,0.24133787,0.6261938,136.53555,118.788605,172.37692,225.42978
586,0.9872101,0.5354972,623.7787,87.98306,639.8502,192.77899
586,0.31270152,0.4840619,179.42465,122.83104,220.83331,174.26228
586,0.7180213,0.3281607,448.92334,94.29387,470.14392,118.13785
587,0.6690283,0.9997266,408.1646,272.81882,448.1916,359.90158
587,0.5304886,0.7074191,319.96347,147.15683,359.06192,254.67087
587,0.2851586,0.8262249,164.71622,178.32086,200.2868,297.44098
587,0.65512323,0.7048509,397.2433,147.94537,441.31445,253.74634
587,0.37246835,0.62369925,214.07983,151.08392,262.67966,224.53174
587,0.6823227,0.53066856,416.72858,128.77676,456.64447,191.04068
587,0.46672973,0.79775316,269.27054,146.54663,328.14352,287.19113
587,0.4553852,0.6156008,269.55627,146.82974,313.3368,221.6163
587,0.24059637,0.62584764,135.94913,117.84482,172.01422,225.30515
587,0.98942834,0.5332754,626.63745,88.01034,639.8308,191.97916
587,0.3119251,0.5030726,178.96745,122.10452,220.29668,181.10614
587,0.4678661,0.79715633,271.43192,207.62057,327.43668,286.9763
587,0.4962473,0.45805758,304.55658,128.60226,330.63995,164.90073
587,0.9633683,0.68725705,596.4387,119.836975,636.6727,247.41254
588,0.6679015,0.9988965,406.22772,270.00787,448.68622,359.60272
588,0.28562474,0.8256662,164.7578,179.5477,200.84187,297.23984
588,0.6585873,0.70588225,398.01318,148.18375,444.97852,254.11761
588,0.529964,0.7085311,319.20166,146.99765,359.15228,255.0712
588,0.3724804,0.62369496,214.1818,151.06033,262.5931,224.53018
588,0.23827684,0.6172904,133.34874,116.67778,171.64561,222.22453
588,0.4542175,0.6297314,269.68317,146.42554,311.7152,226.70331
588,0.6810447,0.53124493,415.3413,128.5415,456.39594,191.24817
588,0.46724123,0.7968573,271.15295,206.62924,326.91583,286.86862
588,0.31141287,0.4918668,179.27383,121.64914,219.33463,177.07205
588,0.9880396,0.53464985,624.83777,87.81743,639.8529,192.47395
588,0.96329707,0.68786395,596.92554,120.13956,636.0947,247.63101
588,0.9687211,0.6865664,600.189,87.78341,639.774,247.16391
589,0.6657125,1.0,403.05444,265.14227,449.0575,360.0
589,0.2888229,0.82869744,166.7365,179.35849,202.9568,298.3311
589,0.6587639,0.70736456,398.00116,148.28845,445.2166,254.65125
589,0.52899873,0.705446,317.5697,146.27261,359.54865,253.96057
589,0.37198073,0.6242157,213.40015,150.83871,262.73517,224.71765
589,0.23792878,0.62121624,133.92923,115.816734,170.6196,223.63785
589,0.467416,0.79693043,271.16876,202.31953,327.12372,286.89496
589,0.45426664,0.663244,270.59882,146.6376,310.8625,238.76785
589,0.6813113,0.53161645,415.59772,127.89371,456.48077,191.38193
589,0.9879587,0.5352878,624.73486,87.82708,639.8523,192.70361
589,0.46637765,0.7976967,270.22186,164.48395,326.74152,287.1708
589,0.3114186,0.5016126,178.14551,121.558136,220.47028,180.58054
589,0.96372855,0.6872245,597.02637,120.57587,636.54614,247.40082
589,0.96884805,0.6856152,600.35974,87.76019,639.76575,246.82147
590,0.6633043,0.9975657,398.64932,260.948,450.38022,359.12366
590,0.46774358,0.7961692,271.5362,198.62695,327.1756,286.6209
590,0.29000828,0.8338828,167.05476,180.01184,204.15584,300.1978
590,0.65935624,0.70762235,398.66364,148.58646,445.31232,254.74405
590,0.37139875,0.62369794,212.67917,150.80884,262.71124,224.53125
590,0.53037035,0.70518774,317.43558,146.30844,361.4385,253.86758
590,0.45377007,0.6721155,272.0735,145.32578,308.7522,241.96158
590,0.23756106,0.62515235,134.30722,117.734344,169.77094,225.05484
590,0.6816513,0.53198075,415.5866,126.20587,456.92706,191.51306
590,0.96302664,0.687774,596.5159,118.04874,636.15814,247.59863
590,0.98803365,0.5350036,624.83484,87.78963,639.84827,192.6013
590,0.3118779,0.4930727,178.66168,122.36987,220.54205,177.50616
590,0.4949746,0.46229613,303.95184,126.629974,329.61566,166.4266
590,0.05459542,0.6828927,21.233402,113.70428,48.64873,245.84137
591,0.660121,0.9969169,394.18253,259.89874,450.77237,358.89008
591,0.29142648,0.83757174,167.85059,181.5376,205.1753,301.52582
591,0.46789664,0.79686964,271.3194,195.14194,327.58832,286.87308
591,0.36986798,0.6243162,210.88391,150.75092,262.54712,224.75385
591,0.5317631,0.70497334,317.42755,146.52417,363.2292,253.7904
591,0.65703374,0.7061266,398.48376,149.30148,442.5194,254.20557
591,0.4540162,0.6832799,272.7608,144.71542,308.37994,245.98074
591,0.23966178,0.62556934,136.72668,118.66728,170.0404,225.20497
591,0.6794794,0.5330473,412.8855,125.87323,456.84814,191.89703
591,0.31163925,0.5008567,177.82645,122.14505,221.07181,180.30841
591,0.9895644,0.5330885,626.81714,87.986755,639.8253,191.91187
591,0.9632305,0.6864519,596.29126,117.59393,636.6438,247.12268
591,0.49381208,0.4592604,302.38718,126.28314,329.6923,165.33374
592,0.65918005,0.99825966,392.55145,257.27777,451.19904,359.37347
592,0.2933926,0.8397249,169.61353,182.4722,205.92902,302.30096
592,0.5380448,0.7063601,319.1585,146.23251,369.53888,254.28964
592,0.66108453,0.7086426,398.07208,142.7803,448.1161,255.11133
592,0.37014905,0.6247425,211.13528,149.08119,262.6555,224.9073
592,0.4536604,0.6720677,272.21368,144.59909,308.47162,241.94437
592,0.46982604,0.79940027,272.75677,195.7269,328.62054,287.7841
592,0.24088469,0.6218181,136.39346,121.68692,171.93893,223.85452
592,0.688599,0.57471365,434.75903,191.34439,446.6477,206.89691
592,0.31087744,0.5074918,177.96056,122.22336,219.96257,182.69705
592,0.9896137,0.5336312,626.88135,87.82354,639.8242,192.10724
592,0.9632349,0.6863411,596.4343,117.33295,636.50635,247.0828
592,0.6217551,0.941036,391.7749,293.95813,404.07166,338.77295
592,0.6884304,0.57304406,434.08478,188.83505,447.10614,206.29587
593,0.5381099,0.70909625,320.8075,146.65686,367.97314,255.27466
593,0.66186917,0.99879277,393.72675,252.31375,453.46582,359.5654
593,0.2959295,0.8431426,171.77945,182.94061,207.01028,303.53134
593,0.36971745,0.6239952,211.2052,148.16452,262.03314,224.63828
593,0.66331,0.7076247,398.58173,143.66626,450.45508,254.74487
593,0.45195895,0.67766994,270.84546,145.14484,307.662,243.96118
593,0.46875468,0.79729605,270.94836,192.17578,329.05762,287.02658
593,0.24025479,0.6237104,136.6785,123.58276,170.84763,224.53574
593,0.9895908,0.5333786,626.85205,87.831635,639.8242,192.0163
593,0.96336174,0.68648106,596.4536,117.1008,636.6494,247.13318
593,0.31172878,0.48381668,179.98837,121.00351,219.02444,174.17401
593,0.67394793,0.53473985,406.6318,125.003845,456.02158,192.50635
593,0.4968275,0.46306583,302.56042,126.40927,333.37878,166.7037
594,0.53831065,0.71155554,321.3122,147.44272,367.7254,256.16
594,0.6686285,0.99845207,399.2947,253.65674,456.54977,359.44275
594,0.29725567,0.8443597,172.99423,182.97537,207.49301,303.96948
594,0.3691218,0.6248075,209.50366,146.2143,262.97223,224.9307
594,0.6598523,0.70930785,399.2327,147.11072,445.37827,255.35083
594,0.4715577,0.79705745,274.58945,187.31934,329.00443,286.94067
594,0.4505044,0.6676067,268.86243,145.33658,307.7832,240.33841
594,0.96307695,0.6867834,596.27734,116.20087,636.4612,247.242
594,0.9895086,0.53279114,626.7469,87.96542,639.82416,191.80481
594,0.23631437,0.6268722,136.23198,124.80344,166.25041,225.67398
594,0.50068426,0.46938455,305.72656,126.94304,335.1493,168.97844
594,0.68139756,0.53453904,414.1563,121.18448,458.03253,192.43405
594,0.68373454,0.32891354,427.9715,89.53157,447.20868,118.408875
594,0.3116948,0.5065368,179.83694,122.19461,219.13242,182.35324
594,0.18550798,0.45476514,108.435684,126.2113,129.01453,163.71545
595,0.538599,0.70757914,321.21326,148.61191,368.19348,254.72849
595,0.66977674,0.99722224,404.34363,255.37903,452.97058,359.0
595,0.47311383,0.79720044,277.42566,183.03632,328.16003,286.99216
595,0.65994835,0.71101344,399.04504,139.83289,445.68884,255.96484
595,0.30054188,0.8454393,175.56372,183.2337,209.12988,304.35815
595,0.3684621,0.6246449,209.22253,143.65701,262.40894,224.87216
595,0.44696912,0.67310005,266.4325,145.09688,305.688,242.31602
595,0.23731823,0.6258585,137.04178,125.83719,166.72556,225.30905
595,0.9629618,0.6867825,596.16406,116.78995,636.427,247.2417
595,0.9896169,0.5325143,626.88745,87.87682,639.82214,191.70514
595,0.5083696,0.47160533,311.78143,126.3909,338.9317,169.77792
595,0.68190736,0.53465307,416.09744,122.20619,456.744,192.47511
596,0.47233763,0.79738677,276.87366,182.39886,327.7185,287.05923
596,0.6702668,0.99951017,407.221,256.1772,450.72052,359.82367
596,0.5379533,0.70737916,320.06873,148.36832,368.51154,254.6565
596,0.6596713,0.7100942,399.19574,147.67328,445.18353,255.63391
596,0.30382615,0.84331715,178.45062,184.26239,210.44684,303.59418
596,0.36782175,0.62506187,210.0456,141.0338,260.76624,225.02226
596,0.44326013,0.6908977,263.86526,145.73325,303.50772,248.72318
596,0.23691145,0.6273025,137.68866,126.64282,165.55798,225.82892
596,0.96297055,0.6870793,596.181,116.98578,636.42126,247.34854
596,0.9896143,0.53264904,626.8843,88.03784,639.822,191.75366
596,0.6837579,0.5339058,418.5325,115.01896,456.67758,192.20609
596,0.74585193,0.40156394,469.4083,129.72293,485.2822,144.56302
596,0.5178285,0.47019044,317.43442,127.3374,345.38608,169.26855
596,0.2691596,0.5543664,159.63335,122.22711,184.89091,199.5719
597,0.53834754,0.7073627,320.05353,150.19244,369.0313,254.65057
597,0.67075044,0.99919206,407.59607,255.45145,450.96448,359.70914
597,0.47163543,0.7973988,276.27966,182.63785,327.4137,287.06357
597,0.65900916,0.7094133,399.55334,148.70068,443.9784,255.3888
597,0.3068002,0.84274054,179.80727,184.15146,212.89699,303.3866
597,0.36519188,0.62502575,210.71725,138.42358,256.72836,225.00928
597,0.44008046,0.6933933,261.5711,146.76956,301.73187,249.62158
597,0.23771544,0.624863,137.61139,125.922,166.66437,224.95068
597,0.6867448,0.5358329,422.57233,114.28089,456.461,192.89984
597,0.76173127,0.4000502,480.09552,129.78912,494.92047,144.01807
597,0.9631442,0.68724144,596.23193,116.74255,636.59265,247.40692
597,0.98973924,0.5327494,627.0432,88.10014,639.823,191.78978
597,0.2744398,0.5644003,161.92578,124.23386,189.35718,203.18411
598,0.47144055,0.79679227,276.20068,182.28448,327.24323,286.8452
598,0.6707904,0.9983575,407.8866,256.97144,450.7251,359.4087
598,0.65928096,0.71016777,398.89157,148.043,444.98807,255.6604
598,0.53753006,0.70803887,319.09302,153.30084,368.9455,254.89398
598,0.43703213,0.7015555,259.34076,145.7236,300.06036,252.55997
598,0.31016073,0.8423147,180.6883,184.49048,216.31744,303.2333
598,0.36402038,0.6265978,212.517,136.72733,253.42908,225.57523
598,0.23881039,0.6273998,138.71323,126.53732,166.96408,225.86392
598,0.6871223,0.53651285,422.1428,113.887146,457.37375,193.14462
598,0.9630927,0.68679446,596.27423,116.670715,636.48444,247.246
598,0.98971575,0.532903,627.0124,88.08884,639.8238,191.8451
598,0.27880317,0.57437027,163.21545,123.38699,193.65259,206.77328
598,0.5228404,0.47260004,317.3547,130.50278,351.881,170.13602
598,0.78269565,0.40278786,491.7077,129.00497,510.14276,145.00363
599,0.471453,0.7972402,275.62866,181.13013,327.83118,287.00647
599,0.6591464,0.7096431,398.73657,148.31128,444.97083,255.47153
599,0.31772718,0.8430417,179.98914,186.676,226.70166,303.49503
599,0.5363795,0.7119361,317.72614,152.83508,368.83966,256.297
599,0.6686708,0.99784034,406.47217,258.65942,449.4264,359.22253
599,0.4333063,0.7054969,258.4209,145.75357,296.21118,253.97888
599,0.36266056,0.6253755,212.61917,136.34894,251.58633,225.1352
599,0.24001455,0.62236065,139.95886,126.040924,167.25977,224.04984
599,0.9628693,0.68657386,596.364,116.75433,636.10864,247.1666
599,0.9879879,0.5350199,624.7826,86.71354,639.8419,192.60715
599,0.68875057,0.53504443,422.3249,113.997314,459.27582,192.616
599,0.2757942,0.5873816,155.6741,121.95364,197.3425,211.45737
599,0.47385263,1.0,293.88342,344.2791,312.64795,360.0
599,0.5347546,0.45758384,331.12305,133.98497,353.3628,164.73018
600,0.4720889,0.79762363,275.87073,181.65213,328.40308,287.1445
600,0.6588795,0.7101027,398.69543,147.97186,444.67035,255.63696
600,0.3226994,0.8426667,179.88278,186.72635,233.17245,303.36002
600,0.5356008,0.7098055,316.8629,145.24414,368.70605,255.52997
600,0.6688787,1.0,403.90643,260.41055,452.25824,360.0
600,0.43238586,0.70433587,256.83353,145.4107,296.6204,253.56091
600,0.36293212,0.6263871,214.99805,135.47882,249.55505,225.49936
600,0.69496167,0.53794706,425.50427,115.133125,464.0467,193.66095
600,0.24140391,0.62024796,140.64554,125.76448,168.35147,223.28926
600,0.2847726,0.58348364,163.16016,120.30313,201.34879,210.05411
600,0.9626619,0.6872113,596.4022,117.44461,635.80505,247.39606
600,0.989817,0.53283185,627.1406,87.9949,639.8252,191.81946
600,0.4739023,1.0,293.89435,344.26837,312.70056,360.0
601,0.65909,0.7100961,398.54297,148.63159,445.09222,255.63461
601,0.47148985,0.7982989,275.3672,181.75317,328.13983,287.3876
601,0.53637064,0.70870894,317.40634,147.9744,369.1481,255.13522
601,0.32691473,0.84519494,180.79414,185.71628,237.6567,304.27017
601,0.66143095,0.9962382,400.726,258.424,445.90558,358.64575
601,0.4310499,0.70035076,255.93907,145.28888,295.8048,252.12628
601,0.3648501,0.62504053,218.41849,134.97662,248.58963,225.01459
601,0.24200737,0.62159044,141.224,126.75235,168.54544,223.77255
601,0.30279556,0.5800409,178.65149,121.623764,208.92682,208.81471
601,0.96272933,0.6873025,596.2203,117.75476,636.0733,247.4289
601,0.9897747,0.5330691,627.0841,87.78042,639.8275,191.90488
601,0.34113163,0.52492577,206.83826,122.41315,229.81024,188.97327
601,0.47390097,1.0,293.94922,344.27502,312.64404,360.0
602,0.47153458,0.7975432,275.62216,181.7066,327.9421,287.11557
602,0.6599184,0.7105044,398.41406,148.51413,446.28156,255.78159
602,0.33080387,0.8446791,183.43362,185.95912,239.99533,304.08447
602,0.5364977,0.70784813,317.65106,150.90503,369.06598,254.82532
602,0.43110174,0.7000196,255.76593,145.55576,296.0443,252.00705
602,0.36123246,0.62667227,214.47893,134.4047,247.89864,225.60202
602,0.7091853,0.5431949,428.3219,120.81616,479.4353,195.55017
602,0.24510804,0.6162391,141.70749,126.57861,172.03079,221.84607
602,0.666002,0.9975247,404.03394,251.84607,448.4486,359.1089
602,0.31632107,0.5833001,182.57446,122.22974,222.31653,209.98804
602,0.9625909,0.68772244,596.31464,118.69269,635.8017,247.58008
602,0.9898136,0.5331559,627.13184,87.7135,639.8296,191.93613
602,0.47438926,1.0,294.08838,344.2851,313.12988,360.0
602,0.33762535,0.5263097,205.15353,122.961426,227.00693,189.4715
602,0.30776963,0.57637703,183.8551,122.681854,210.09003,207.49573
603,0.65552235,0.9996719,391.2055,246.15005,447.8631,359.88187
603,0.47195244,0.7974038,276.14636,181.98264,327.95276,287.06537
603,0.6597223,0.7074429,399.4441,148.26971,445.0005,254.67944
603,0.5364717,0.7077526,317.58908,155.30579,369.0947,254.79092
603,0.36327034,0.62715083,215.4753,133.72757,249.51076,225.77429
603,0.33368555,0.8433119,187.93813,193.70886,239.17937,303.5923
603,0.4305025,0.7026704,256.41382,145.18478,294.6294,252.96133
603,0.24640799,0.61451465,142.47723,126.59546,172.92499,221.22528
603,0.32235536,0.5816867,183.43335,123.59921,229.18152,209.4072
603,0.7137798,0.54450595,431.24634,122.32149,482.39185,196.02214
603,0.9622067,0.68784595,595.9502,118.92618,635.67444,247.62454
603,0.98973715,0.53292316,627.03235,87.70778,639.8312,191.85234
603,0.47459793,1.0,294.4392,344.42877,313.04614,360.0
603,0.3149161,0.5783713,184.86458,126.21115,218.22804,208.21365
604,0.6599182,0.7099746,399.43066,148.69736,445.2646,255.59085
604,0.667113,1.0,402.65704,249.00293,451.24762,360.0
604,0.47160143,0.79789716,275.7185,182.06842,327.93134,287.24298
604,0.53674704,0.70929444,317.84857,155.97305,369.18762,255.34601
604,0.71852124,0.54781586,433.88818,125.50284,485.81897,197.21371
604,0.3236452,0.5775045,184.9845,123.07411,229.28137,207.90163
604,0.43251052,0.6988409,258.3247,144.94427,295.28876,251.58273
604,0.2480773,0.613053,143.56857,127.5423,173.97037,220.6991
604,0.36845654,0.62087154,220.73814,133.26088,250.88625,223.51375
604,0.33945507,0.843525,197.15546,188.94356,237.34705,303.669
604,0.96246177,0.68785316,595.94794,119.22122,636.0031,247.62714
604,0.9896711,0.5330346,626.9492,87.72576,639.82983,191.89246
604,0.47473297,1.0,294.5036,344.76712,313.1546,360.0
605,0.65989745,1.0,398.82086,244.40723,445.84784,360.0
605,0.659912,0.70954615,399.53558,148.89188,445.15173,255.43661
605,0.47179574,0.79800415,275.85367,182.35345,328.0449,287.2815
605,0.53662825,0.70976,318.11584,158.4577,368.7683,255.51361
605,0.72178113,0.5512346,436.36664,127.98062,487.51324,198.44446
605,0.43514156,0.6983199,259.59387,145.5311,297.38733,251.39517
605,0.25027856,0.6138431,145.60413,126.70346,174.75244,220.98352
605,0.3523115,0.8462922,208.8794,195.79935,242.07932,304.6652
605,0.33086032,0.5808186,192.1036,124.80655,231.39761,209.0947
605,0.3734405,0.60383046,223.4191,134.52081,254.58475,217.37897
605,0.9625595,0.68734175,596.0389,119.08087,636.0373,247.44302
605,0.9896495,0.5327748,626.9237,88.21494,639.82764,191.79892
605,0.474998,1.0,294.7599,344.87927,313.23755,360.0
606,0.65282613,0.99449265,398.62012,238.00937,436.9973,358.01736
606,0.66078895,0.7085563,401.35687,148.91757,444.453,255.08026
606,0.47205028,0.79782367,276.1174,182.06699,328.10696,287.21652
606,0.53679484,0.7096793,318.135,161.39127,368.9624,255.48456
606,0.7226065,0.5530544,437.43396,127.41928,487.50232,199.09958
606,0.43682176,0.6712954,261.5725,145.00449,297.55933,241.66635
606,0.25262612,0.61826044,146.30727,126.72229,177.05415,222.57376
606,0.3648548,0.85039955,220.62039,194.2402,246.39377,306.14383
606,0.98960173,0.5332077,626.8577,88.087585,639.83246,191.95477
606,0.9625614,0.68765414,596.36426,119.54794,635.71436,247.55548
606,0.3764266,0.6066897,225.3417,133.97104,256.48434,218.4083
606,0.53566456,0.45939213,331.75336,133.72339,353.89728,165.38116
607,0.47206846,0.797297,276.44095,182.0126,327.80667,287.02692
607,0.5364561,0.7094666,317.9037,160.3952,368.76013,255.40796
607,0.6606426,0.7040172,402.56595,150.12106,443.0566,253.4462
607,0.72342527,0.5507873,439.4375,125.93533,486.54688,198.28345
607,0.65626526,0.9926563,398.22314,224.55347,441.7964,357.35626
607,0.43872404,0.6575444,263.7552,145.25366,297.81158,236.71597
607,0.37818247,0.84776264,222.9292,195.26163,261.14435,305.19455
607,0.25441757,0.60933864,147.80075,127.13376,177.85373,219.36191
607,0.9894762,0.5329516,626.6992,88.166245,639.8303,191.86256
607,0.96209735,0.6872394,595.74585,119.207184,635.7388,247.40619
607,0.47607335,1.0,295.2428,344.29517,314.1311,360.0
608,0.53623295,0.7093445,317.6372,154.52075,368.74097,255.36401
608,0.4724199,0.79730994,276.37436,182.35684,328.3231,287.0316
608,0.7241645,0.55120003,440.01343,126.67824,486.9171,198.43202
608,0.25789875,0.60692775,149.71863,128.04355,180.39175,218.49399
608,0.44041747,0.6566113,264.214,145.06927,299.5204,236.38007
608,0.38579094,0.8456923,223.29196,191.18304,270.52045,304.44922
608,0.6600751,0.7055132,400.0284,149.94397,444.86777,253.98474
608,0.65249467,0.95877784,392.86084,149.95314,442.33234,345.16003
608,0.98959094,0.53319263,626.8447,88.15469,639.83167,191.94934
608,0.96236694,0.6876285,596.467,119.84137,635.36273,247.54626
608,0.8652517,0.4720086,543.23157,123.8291,564.29065,169.9231
608,0.5463339,0.47220072,338.29694,132.29451,361.01044,169.99226
608,0.64519966,0.9656577,393.41986,201.28925,432.43573,347.63678
609,0.53658915,0.7095096,318.07513,155.12286,368.75897,255.42346
609,0.47197646,0.79736906,275.66364,182.80228,328.46625,287.05286
609,0.39026603,0.84628636,223.26941,198.61816,276.27112,304.6631
609,0.72928727,0.5526292,444.7166,125.85278,488.77106,198.9465
609,0.2601008,0.6082719,150.87114,129.33824,182.0579,218.97789
609,0.6416796,0.8274153,388.33563,192.92336,433.01422,297.8695
609,0.66236275,0.7095771,402.60425,150.75568,445.2201,255.44775
609,0.4414026,0.646588,262.66138,145.4255,302.33398,232.7717
609,0.9894438,0.53301674,626.6528,88.228485,639.83527,191.88602
609,0.8665117,0.47483063,544.4083,123.22003,564.7267,170.93903
609,0.5567807,0.4786849,346.0289,132.49075,366.65042,172.32657
609,0.9624998,0.68826497,596.355,120.48309,635.6448,247.77539
610,0.5367009,0.7110451,318.26,154.69565,368.71716,255.97623
610,0.39093465,0.84704304,224.42188,202.44661,275.9745,304.9355
610,0.47235075,0.7971844,276.17395,182.04358,328.435,286.9864
610,0.661643,0.7105112,402.11945,150.13644,444.78363,255.78403
610,0.72753984,0.5524864,439.831,126.1712,491.41998,198.89511
610,0.26266533,0.61411446,152.96376,129.7797,183.24785,221.0812
610,0.44042692,0.6416445,260.13403,145.11801,303.61243,230.992
610,0.6355997,0.8099737,382.70575,179.1033,430.86182,291.59055
610,0.9894047,0.53313065,626.60547,88.21155,639.8325,191.92703
610,0.8683882,0.47417152,546.49097,123.05881,565.0459,170.70175
610,0.96299124,0.68784875,596.2501,119.44928,636.37866,247.62555
610,0.33926404,0.54831094,197.31506,126.36154,236.9429,197.39194
610,0.38479552,0.61436987,226.16156,132.9159,266.3767,221.17316
610,0.56250185,0.47661513,348.77118,133.24295,371.2312,171.58145
611,0.5375819,0.70815784,318.70685,155.61737,369.398,254.93683
611,0.62320673,0.82226443,370.95886,166.80502,426.7458,296.0152
611,0.6648386,0.7150833,405.59338,149.94739,445.40002,257.43
611,0.4726122,0.79822695,275.9103,182.86835,329.0333,287.3617
611,0.39810044,0.846284,229.87265,197.07713,279.6959,304.66223
611,0.2642703,0.6146561,154.34671,129.59067,183.91928,221.27618
611,0.7290031,0.552686,442.74347,127.29898,490.38043,198.96695
611,0.38995814,0.600379,231.38773,131.23804,267.7587,216.13644
611,0.4421862,0.6228222,260.88983,145.3342,305.10852,224.216
611,0.868477,0.47534874,546.58875,122.89374,565.06177,171.12555
611,0.98940164,0.5330849,626.6018,88.2141,639.8323,191.91058
611,0.3427901,0.5479084,197.40701,125.008026,241.36432,197.24704
611,0.96277094,0.6882676,596.2096,119.93237,636.1372,247.77634
611,0.5638075,0.4770513,349.72314,133.88745,371.95044,171.73846
612,0.5377995,0.70958143,319.05627,154.95667,369.32703,255.44931
612,0.47400004,0.7968421,277.2202,182.99493,329.49982,286.86316
612,0.6202613,0.81841713,368.07794,152.96088,425.8565,294.63016
612,0.4056356,0.84860414,237.8407,188.83821,281.37286,305.4975
612,0.26530275,0.61383593,155.16724,128.19675,184.42029,220.98093
612,0.7275402,0.5529708,441.29617,128.88522,489.9553,199.06949
612,0.34480453,0.54871744,197.81395,122.482056,243.53584,197.53827
612,0.66488814,0.7121586,404.35498,149.85876,446.70184,256.3771
612,0.44187394,0.60780257,262.8601,145.4722,302.73853,218.80893
612,0.3925565,0.5929898,233.40683,131.24237,269.06546,213.47632
612,0.9894422,0.53232354,626.6593,87.57232,639.8268,191.63647
612,0.96281374,0.6860048,596.3981,121.19766,636.00354,246.96173
612,0.86828727,0.4722267,546.3779,123.67966,565.0298,170.00162
612,0.056003816,0.68695015,25.203388,137.05023,46.481495,247.30206
612,0.5640189,0.47867385,349.73584,133.93953,372.20837,172.32259
613,0.5374284,0.709238,318.72156,154.53473,369.18677,255.32568
613,0.41607547,0.85345596,244.79956,186.74268,287.77704,307.24414
613,0.66366506,0.7083313,403.47876,149.5149,446.0125,254.99927
613,0.72418773,0.5537384,439.52798,128.3465,487.43228,199.34583
613,0.6200577,0.80695176,375.06757,160.21182,418.60626,290.50262
613,0.2664835,0.6153812,155.30795,127.58778,185.79092,221.53722
613,0.47712365,0.79883236,280.8341,182.42352,329.88416,287.57965
613,0.98942107,0.5319954,626.63367,87.54562,639.8253,191.51834
613,0.34563679,0.550774,197.13954,123.35498,245.27556,198.27863
613,0.44173145,0.59482193,264.70123,144.7789,300.71503,214.1359
613,0.96261847,0.68587875,596.1946,120.867096,635.95703,246.91635
613,0.3896008,0.587719,227.1453,130.61871,271.54373,211.57886
613,0.86747265,0.46873584,544.8474,122.867645,565.5176,168.7449
613,0.05610291,0.6869186,25.231035,134.81302,46.58069,247.29071
613,0.5649952,0.4798968,349.37024,133.111,373.82367,172.76285
614,0.5375312,0.71319616,318.97296,154.0888,369.06696,256.7506
614,0.7258334,0.55269307,439.9696,129.12582,489.09717,198.96951
614,0.6616974,0.71051663,401.1151,149.67474,445.85754,255.78598
614,0.26759416,0.61806107,155.75833,130.27835,186.76218,222.50198
614,0.42249918,0.85015064,246.79117,190.5422,294.00778,306.05423
614,0.4799283,0.7963381,285.06726,181.79462,329.24097,286.6817
614,0.6153575,0.7956246,373.73584,172.11975,413.92175,286.42487
614,0.98945653,0.5322121,626.6747,87.61617,639.8297,191.59634
614,0.8674749,0.46912783,544.14185,122.895294,566.2261,168.88602
614,0.43829393,0.5643056,263.30402,146.06001,297.71222,203.15001
614,0.96261215,0.68586266,596.2637,121.13858,635.8799,246.91055
614,0.38642302,0.59167093,222.4769,130.68845,272.14456,213.00153
614,0.5635908,0.47860473,349.49524,134.044,371.901,172.2977
614,0.055728555,0.68578595,24.817888,137.91101,46.514664,246.88293
614,0.3459842,0.549848,197.27399,124.05173,245.58578,197.94528
614,0.6516365,0.7804405,389.16876,150.49127,444.92596,280.9586
615,0.53764975,0.7089058,318.56848,154.43097,369.62317,255.20609
615,0.66273767,0.70930296,403.05103,150.05731,445.25317,255.34906
615,0.61386824,0.8116138,372.58813,178.08777,413.1632,292.18097
615,0.7246249,0.55292165,438.67322,129.98315,488.84662,199.05179
615,0.47871733,0.7962108,283.30566,182.25778,329.4525,286.6359
615,0.4283317,0.84879947,247.54688,188.14996,300.7177,305.5678
615,0.2682499,0.6090433,156.3158,133.69998,187.04407,219.25558
615,0.96268845,0.68623286,596.1023,120.65857,636.1389,247.04382
615,0.98955834,0.5319353,626.81085,87.497284,639.8238,191.4967
615,0.43516216,0.56467754,261.06833,144.57077,295.93924,203.2839
615,0.86792815,0.4682301,543.6699,123.14267,567.2781,168.56284
615,0.05599727,0.685272,25.327442,137.87366,46.349064,246.6979
615,0.38633433,0.5872646,224.11243,131.47101,270.3955,211.41525
615,0.5630703,0.47967005,350.1228,136.44861,370.60718,172.68121
616,0.6622084,0.70743704,402.4978,150.52798,445.1289,254.67734
616,0.5371693,0.71044797,318.66803,153.8869,368.90863,255.76126
616,0.4321866,0.8472983,251.88641,188.03401,301.31244,305.0274
616,0.6077551,0.83917373,366.18866,183.17499,411.7379,302.10254
616,0.48028284,0.7916765,285.8503,181.4111,328.9117,285.00354
616,0.72547925,0.55009604,439.80853,130.18643,488.80487,198.03458
616,0.26625532,0.47688454,159.46344,134.6405,181.34335,171.67844
616,0.9895302,0.53214324,626.7731,87.47452,639.82556,191.57156
616,0.96266556,0.6857805,596.2603,120.67853,635.9516,246.88098
616,0.8682768,0.46917734,543.13196,123.4155,568.2623,168.90384
616,0.4205379,0.68251276,247.16098,144.56992,291.12753,245.70459
616,0.4242342,0.59662473,252.99998,143.36972,290.01978,214.78491
616,0.26844072,0.6129364,156.7237,170.82993,186.88043,220.6571
616,0.05571727,0.68555045,24.824528,137.87082,46.49358,246.79816
616,0.3649621,0.472302,223.04422,126.20346,244.10727,170.02872
616,0.3852289,0.58968353,225.3771,135.52444,267.71588,212.28607
617,0.53585875,0.71000254,318.6889,153.92929,367.21027,255.60092
617,0.6611575,0.70800054,401.61267,150.67645,444.66888,254.88019
617,0.6052879,0.8995748,362.04913,193.8446,412.71942,323.84692
617,0.43927222,0.84876245,257.5716,186.72928,304.69684,305.55447
617,0.7251389,0.5523665,439.94547,129.32701,488.23233,198.85194
617,0.48137188,0.7901973,286.72174,181.62308,329.43427,284.47104
617,0.2696696,0.5937476,157.30017,134.28528,187.87689,213.74915
617,0.4183182,0.68044096,247.14795,144.99652,288.29938,244.95874
617,0.38023406,0.5944983,223.33777,135.94003,263.36182,214.01938
617,0.9892384,0.5322975,626.3989,88.10343,639.8262,191.6271
617,0.9626831,0.685878,596.297,120.95569,635.9374,246.91608
617,0.055942558,0.6834854,25.295635,136.383,46.31084,246.05475
617,0.86823845,0.47061136,542.6106,124.577866,568.7346,169.42009
617,0.57494515,0.5454049,349.10236,138.30527,386.82745,196.34576
618,0.5954817,0.90182316,350.09338,206.53806,412.12317,324.65634
618,0.6586305,0.70764446,398.26233,151.29138,444.78473,254.75201
618,0.5332015,0.70420194,318.6051,153.79749,363.89282,253.5127
618,0.44427276,0.848524,262.98987,186.51952,305.67926,305.46863
618,0.27156702,0.61080956,154.94275,128.59938,192.66302,219.89143
618,0.72561103,0.5529582,439.75195,128.92444,489.03015,199.06494
618,0.4167095,0.69715285,245.54526,145.08026,287.84293,250.97504
618,0.98885906,0.53256565,625.90814,88.25424,639.8315,191.72363
618,0.4821631,0.79775035,287.94183,181.7555,329.22693,287.19012
618,0.96277905,0.6857115,596.35803,121.45892,635.99915,246.85614
618,0.055679016,0.6854951,24.88802,136.23105,46.381123,246.77823
618,0.8686678,0.46918997,542.5183,124.440735,569.37646,168.90839
618,0.3438506,0.5746988,197.52176,126.21652,242.60703,206.89157
618,0.3773802,0.5931419,223.30121,134.10532,259.74545,213.5311
619,0.66062087,0.70649666,400.70807,150.79333,444.88666,254.3388
619,0.2689833,0.6078611,151.6203,125.08627,192.67834,218.82999
619,0.6066016,0.8994683,359.95868,209.78334,416.4914,323.8086
619,0.44536456,0.84774095,263.14075,187.13712,306.9259,305.18674
619,0.7242572,0.5535417,437.39716,124.91373,489.65204,199.27502
619,0.53343207,0.7002283,318.359,153.60425,364.43402,252.08218
619,0.98894393,0.53247076,626.0153,88.27255,639.83295,191.68948
619,0.4188736,0.7009725,246.27602,148.26498,289.8822,252.3501
619,0.96260643,0.6848961,596.3544,121.404816,635.78186,246.56259
619,0.8687388,0.46973673,542.4555,124.227295,569.5301,169.10522
619,0.47553644,0.70135736,288.65698,182.09375,320.02966,252.48865
619,0.34902948,0.5868887,197.00864,126.72069,249.74911,211.27992
619,0.4808724,0.8066786,290.50116,181.5524,325.0155,290.4043
619,0.5746466,0.54617316,348.3295,135.8104,387.2181,196.62234
619,0.05567553,0.6854465,24.895329,136.36993,46.36935,246.76074
620,0.59628594,0.89924103,360.07196,207.71793,403.174,323.72678
620,0.6594577,0.7201444,399.14514,150.84213,444.9607,259.25198
620,0.2628804,0.59682566,148.01134,126.12186,188.4756,214.85724
620,0.53344536,0.7104187,317.68756,153.95374,365.1225,255.75073
620,0.7287922,0.5536881,443.04828,122.660126,489.80573,199.32773
620,0.98901904,0.5324357,626.11304,88.492035,639.8313,191.67685
620,0.4192047,0.7002787,245.45238,149.91791,291.12964,252.10034
620,0.44988188,0.84524614,266.28174,186.46579,309.56708,304.2886
620,0.96258783,0.6850863,596.3648,121.24219,635.7476,246.63107
620,0.35294205,0.58531576,196.51239,123.392654,255.25345,210.71367
620,0.8686873,0.47094285,542.42303,124.36682,569.49664,169.53943
620,0.5755042,0.5431575,349.2741,132.82669,387.37128,195.53671
620,0.47618228,0.70825315,290.04605,182.23242,319.46725,254.97113
620,0.47824675,0.79597414,290.7996,182.20285,321.35623,286.5507
620,0.055724263,0.6853051,24.863558,135.17761,46.4635,246.70984
620,0.47811317,0.8038418,282.5684,182.3215,329.41647,289.38306
621,0.59977055,0.8963568,361.31964,202.67996,406.38666,322.68845
621,0.66137373,0.71549827,401.41083,151.17026,445.14752,257.57938
621,0.534943,0.7099172,317.25873,153.80542,367.46832,255.57019
621,0.25254264,0.5912458,140.35931,125.80304,182.89526,212.84848
621,0.7310201,0.5534049,445.6999,121.357666,490.0058,199.22577
621,0.45494336,0.84268844,267.04547,183.08633,315.28204,303.36783
621,0.41762224,0.67822623,243.50146,149.95688,291.055,244.16144
621,0.98891485,0.53239036,625.9817,88.429474,639.82935,191.66052
621,0.96140224,0.6852461,596.4521,122.0488,634.14276,246.6886
621,0.8685649,0.4711926,542.41504,124.108154,569.348,169.62933
621,0.33983484,0.517169,205.51291,120.469604,229.47568,186.18085
621,0.57427436,0.5462482,347.75708,131.32642,387.3141,196.64935
621,0.47779685,0.703161,292.47205,181.75809,319.1079,253.13797
621,0.055721045,0.68500966,24.866383,136.54031,46.456554,246.60349
622,0.6008301,0.8881127,360.48248,199.2085,408.58002,319.72058
622,0.6617529,0.71553195,402.20447,151.29886,444.83923,257.5915
622,0.5339371,0.70600724,316.7668,153.81915,366.67264,254.1626
622,0.46427947,0.8440805,274.0359,182.33768,320.24182,303.869
622,0.24449225,0.5837504,138.39871,123.96448,174.55136,210.15015
622,0.72852486,0.553837,442.52393,120.6716,489.9879,199.38132
622,0.41958147,0.6833648,246.02951,148.74759,291.03476,246.01132
622,0.9890119,0.5324618,626.10504,88.38817,639.83014,191.68626
622,0.96123505,0.6853355,596.38745,122.07266,633.9934,246.7208
622,0.8685578,0.47137865,542.351,123.92465,569.403,169.69632
622,0.055689417,0.6849835,24.849371,136.41504,46.433083,246.59406
622,0.42743826,0.62435937,256.3537,148.97153,290.76727,224.76938
623,0.6626209,0.7180708,403.46112,150.77261,444.69366,258.5055
623,0.60043,0.8793957,360.29303,192.63799,408.2574,316.58246
623,0.46848407,0.84198564,276.79517,182.0169,322.86444,303.11484
623,0.5346759,0.70717865,318.15326,153.71182,366.23187,254.58432
623,0.7267124,0.5533897,440.36133,120.63187,489.83057,199.2203
623,0.4198342,0.67150676,246.02057,148.16858,291.3672,241.74243
623,0.24015927,0.58603865,131.86986,126.14627,175.53401,210.9739
623,0.98913705,0.53242266,626.2633,88.6174,639.83215,191.67215
623,0.57056314,0.54796886,343.42487,126.63129,386.89594,197.2688
623,0.96158504,0.68721956,596.3179,121.72278,634.511,247.39905
623,0.33062133,0.5490898,193.60771,119.366806,229.5876,197.67232
623,0.2397829,0.5664327,135.22458,134.39746,171.69754,203.91577
623,0.868587,0.4709525,542.34436,123.533875,569.447,169.54291
623,0.39341363,0.6649291,230.62115,138.1445,272.9483,239.37448
623,0.4273816,0.63110214,256.0229,149.26941,291.02557,227.19678
624,0.66164064,0.7082578,402.12048,150.36679,444.77954,254.97281
624,0.47027406,0.8448504,279.18292,182.56598,322.76788,304.14615
624,0.5354848,0.70797,318.09412,153.74817,367.32642,254.8692
624,0.59942925,0.8682131,360.96136,185.42697,406.30804,312.55673
624,0.22844811,0.5854972,121.181366,125.12305,171.23221,210.77899
624,0.41772476,0.70341855,243.30106,148.9725,291.38663,253.23068
624,0.7285222,0.5536372,442.43146,127.93652,490.0769,199.30939
624,0.98917043,0.53243953,626.3062,88.52139,639.832,191.67822
624,0.9616028,0.68725145,596.33057,121.70822,634.521,247.41052
624,0.3364567,0.55081725,192.71259,116.36258,237.95197,198.29422
624,0.86859953,0.47112623,542.38403,123.76398,569.42334,169.60544
624,0.39232796,0.66736263,230.58691,138.2638,271.5929,240.25055
625,0.6570817,0.7099879,395.76428,150.23944,445.30035,255.59564
625,0.604713,0.85447437,364.7423,177.1466,409.29034,307.61078
625,0.47384134,0.84593266,280.8526,182.39032,325.6643,304.53577
625,0.5389824,0.7046539,320.41583,153.24246,369.48163,253.67542
625,0.22692236,0.58715695,119.00997,128.19539,171.45065,211.37651
625,0.41662842,0.6697256,243.2077,149.53935,290.07666,241.10121
625,0.72567976,0.55287695,439.15454,134.94675,489.71558,199.0357
625,0.9891049,0.53296196,626.22485,88.77292,639.82947,191.8663
625,0.33653936,0.5507012,192.20529,115.350555,238.5651,198.25244
625,0.96269953,0.68666977,596.37427,121.73187,635.8811,247.20111
625,0.38729396,0.65868926,227.20093,129.5217,268.53534,237.12814
625,0.86860085,0.47054732,542.4629,123.95331,569.3462,169.39703
625,0.54646075,0.4879932,332.49722,126.09497,366.9725,175.67755
625,0.05562236,0.6849562,24.818302,138.13712,46.378323,246.58423
626,0.6624921,0.70786726,402.7256,149.29462,445.26428,254.83221
626,0.61143744,0.84375,368.82944,174.50189,413.81052,303.75
626,0.5403327,0.704567,322.53992,154.5437,369.08588,253.64413
626,0.4792499,0.84506613,283.84827,182.07346,329.5916,304.22382
626,0.41279435,0.70512,239.40536,150.62079,288.9714,253.8432
626,0.22503045,0.5844377,120.08391,127.83209,167.95506,210.39758
626,0.72425944,0.554877,437.6998,120.087555,489.35226,199.7557
626,0.3298359,0.54846126,192.40967,114.523506,229.78027,197.44604
626,0.98904276,0.53216094,626.1438,88.769356,639.83093,191.57794
626,0.96296376,0.68717676,596.4089,122.293396,636.18475,247.38364
626,0.3864959,0.65085804,231.42242,131.96393,263.2923,234.3089
626,0.8685664,0.47045323,542.44226,123.725464,569.32275,169.36316
626,0.5347676,0.4664733,328.20447,125.80484,356.2981,167.93039
626,0.055633716,0.6849546,24.771713,138.50797,46.439445,246.58365
627,0.660392,0.70553166,400.18994,149.88785,445.11182,253.9914
627,0.61390007,0.8319234,371.74323,174.18195,414.0489,299.49243
627,0.5405358,0.7023143,321.43866,153.7641,370.4472,252.83316
627,0.48328733,0.84267044,285.04187,183.44806,333.56592,303.36136
627,0.4099888,0.70478314,236.6058,149.58835,288.17984,253.72192
627,0.22784956,0.58287734,120.63672,126.51068,171.01071,209.83585
627,0.71462476,0.5513761,434.1728,118.22885,480.54694,198.49539
627,0.98901653,0.5322541,626.1084,89.07875,639.83276,191.61147
627,0.32895726,0.5474219,192.29219,112.821,228.77312,197.07188
627,0.96309566,0.68744856,596.40393,122.69681,636.3585,247.48148
627,0.44955578,0.79576105,277.18634,250.8956,298.24506,286.47397
627,0.8685956,0.4704913,542.4761,124.69211,569.3263,169.37686
627,0.38526797,0.62232274,227.68655,134.12263,265.45645,224.03618
627,0.45094767,0.7585695,279.35815,251.50616,297.85486,273.08502
628,0.6178089,0.83622384,374.6028,179.7381,416.19254,301.0406
628,0.657303,0.7024593,398.722,148.79639,442.62585,252.88535
628,0.5366834,0.70088655,317.48895,157.0227,369.46576,252.31915
628,0.22816971,0.58246154,120.27304,125.91803,171.78418,209.68616
628,0.48310786,0.84245014,285.1902,183.3883,333.18787,303.28204
628,0.4111101,0.7022841,237.28394,148.64075,288.937,252.82227
628,0.70221007,0.5504223,430.50037,117.2074,468.32855,198.15204
628,0.9888147,0.5320736,625.8507,88.78468,639.83215,191.5465
628,0.32788897,0.54884493,192.23712,113.09602,227.46075,197.58418
628,0.9632837,0.6877672,596.39795,122.65906,636.6052,247.59619
628,0.4509453,0.7919585,277.02374,251.94052,300.18622,285.10507
628,0.52154976,0.45586413,318.8839,124.524414,348.69977,164.11108
628,0.4533066,0.7489513,281.00476,252.49466,299.22766,269.62247
628,0.8686253,0.47087723,542.53674,124.96857,569.3036,169.51581
629,0.61914074,0.840371,375.36072,186.96056,417.13947,302.53357
629,0.22938418,0.58103454,120.510796,124.89929,173.10095,209.17242
629,0.4070426,0.704057,233.06479,148.12299,287.94974,253.46051
629,0.48626724,0.8439989,291.43176,183.59308,330.9903,303.8396
629,0.6550834,0.6997072,401.50238,148.71002,437.0044,251.89459
629,0.53268087,0.7047908,316.77615,148.30429,365.0554,253.72467
629,0.6919431,0.5539211,428.5968,112.86032,457.0904,199.41159
629,0.9882353,0.53366685,625.10565,88.13433,639.8355,192.12006
629,0.32852232,0.55458415,191.80856,111.91937,228.70001,199.6503
629,0.9633659,0.6878576,596.4292,122.82999,636.6792,247.62875
629,0.41884947,0.45808378,255.31146,125.25964,280.81586,164.91016
630,0.62854606,0.839139,375.6924,184.79941,428.84653,302.09003
630,0.503185,0.84476995,295.43,183.9679,348.6468,304.1172
630,0.23080873,0.58133835,120.763245,125.384445,174.67194,209.28181
630,0.396158,0.70549387,228.45425,147.13025,278.628,253.97778
630,0.32894522,0.5568555,191.29813,115.255325,229.75174,200.46797
630,0.9882677,0.53422344,625.14746,87.67288,639.8352,192.32043
630,0.6857449,0.5569704,423.1509,112.39104,454.6025,200.50935
630,0.9634544,0.6878717,596.4463,123.06082,636.7754,247.63382
630,0.64032143,0.614504,394.88715,147.8518,424.7243,221.22144
630,0.52306014,0.6817548,316.92038,151.22256,352.5966,245.43173
630,0.6430723,0.56825775,398.6068,148.72049,424.52576,204.57278
630,0.457081,0.7910175,278.61426,246.87439,306.4494,284.7663
631,0.5012188,0.8439151,294.45248,183.69662,347.10757,303.80945
631,0.62834436,0.83482426,380.9864,180.15567,423.29437,300.53674
631,0.23279905,0.5807383,120.68885,124.78186,177.29395,209.0658
631,0.389738,0.70322734,226.39523,145.26572,272.4694,253.16183
631,0.6836589,0.5536086,420.98273,117.87895,454.10065,199.29909
631,0.46606177,0.7871794,288.70544,255.64203,307.85364,283.38458
631,0.9883276,0.534221,625.2256,87.853516,639.83374,192.31955
631,0.63302594,0.55198526,389.39392,149.75027,420.87927,198.71469
631,0.9633959,0.6880459,596.42444,122.769775,636.7223,247.69653
631,0.32867867,0.552115,191.79141,118.58325,228.91727,198.76141
632,0.6362877,0.8334166,387.67078,153.25403,426.77747,300.02997
632,0.49550802,0.84497225,295.4186,182.84302,338.83163,304.19
632,0.38544187,0.71423566,225.71042,142.13693,267.65518,257.12485
632,0.6828895,0.5534096,420.78183,121.2753,453.31674,199.22745
632,0.4310252,0.5967587,259.98444,123.75824,291.72784,214.83313
632,0.23906186,0.5823981,128.20654,126.51642,177.79263,209.66333
632,0.98838025,0.53383857,625.2926,87.75715,639.8341,192.18188
632,0.3280933,0.546627,191.84648,122.2256,228.11293,196.78572
632,0.963394,0.6878941,596.40576,122.58597,636.7385,247.64188
632,0.4908719,0.46609378,300.65698,124.239044,327.65906,167.79376
632,0.5271593,0.6941302,317.5592,180.20468,357.20465,249.88687
633,0.64537156,0.8269934,391.94562,171.12271,434.12994,297.71762
633,0.3892789,0.72000885,231.30206,138.06946,266.9749,259.2032
633,0.5001042,0.844615,293.99176,181.94583,346.1416,304.0614
633,0.24739952,0.5798477,139.7378,124.93216,176.9336,208.74518
633,0.9884489,0.53363675,625.3804,87.82493,639.8342,192.10922
633,0.43386292,0.5985206,260.65298,123.57666,294.69156,215.4674
633,0.2547775,0.5543551,149.67819,124.80136,176.43698,199.56784
633,0.9633869,0.6879971,596.4149,122.690155,636.72034,247.67896
633,0.67517674,0.5420588,416.0169,116.47958,448.2093,195.14117
633,0.32681808,0.5490675,191.8891,121.692505,226.43805,197.6643
633,0.6696016,0.4774441,416.1344,112.50455,440.9557,171.87988
634,0.4944415,0.8440491,293.8371,183.62677,339.04803,303.85767
634,0.6553712,0.83725137,389.70203,172.34497,449.1731,301.4105
634,0.38436753,0.71800995,229.104,140.73187,262.8864,258.48358
634,0.26275572,0.54487324,157.87259,122.62903,178.45474,196.15436
634,0.9884416,0.53351074,625.3702,87.66783,639.835,192.06386
634,0.436656,0.59548223,260.01404,126.82175,298.90564,214.3736
634,0.6161587,0.7036539,378.81412,149.62006,409.86905,253.3154
634,0.6632575,0.46388936,411.8228,117.59233,437.1468,167.00017
634,0.33271646,0.5481958,191.65637,120.7072,234.2207,197.35048
634,0.9634112,0.6879732,596.4054,122.58478,636.761,247.67035
634,0.51340723,0.58341706,313.18967,149.04419,343.9716,210.03015
635,0.6723902,0.84626395,400.27032,183.30786,460.38916,304.65503
635,0.4930919,0.8441017,293.54474,181.65372,337.6129,303.87662
635,0.38393575,0.72100043,226.01425,143.02621,265.4235,259.56015
635,0.27595875,0.5826011,157.91647,125.098175,195.31073,209.73639
635,0.988431,0.5335442,625.3576,87.48136,639.83405,192.0759
635,0.6110876,0.70422685,371.08154,152.10858,411.1106,253.52167
635,0.4384331,0.6005244,260.1021,124.52391,301.0923,216.1888
635,0.54011637,0.7981808,326.04462,188.62842,365.30432,287.3451
635,0.9633419,0.68820274,596.4246,122.9426,636.653,247.75299
635,0.65263724,0.52020985,405.87692,118.92685,429.49875,187.27554
636,0.67524815,0.8551859,400.36426,187.71991,463.95337,307.86694
636,0.6075572,0.7101259,362.1881,152.14618,415.4851,255.64532
636,0.28680745,0.5827213,158.77173,124.127014,208.3418,209.77966
636,0.44504738,0.6095679,259.87122,123.73715,309.78943,219.44443
636,0.37869325,0.71974224,225.04129,151.53577,259.68607,259.1072
636,0.48938265,0.8386846,290.02835,181.01978,336.38144,301.92645
636,0.9883997,0.53364605,625.3122,86.99103,639.8394,192.11258
636,0.5442914,0.80847925,325.87564,185.86636,370.81735,291.05252
636,0.644495,0.5654669,398.28638,120.846405,426.66724,203.56808
636,0.9634082,0.6881517,596.2541,122.196686,636.9084,247.73462
636,0.5198933,0.5583234,320.1728,152.2741,345.2906,200.99641
636,0.40392894,0.614942,240.50784,130.87595,276.5212,221.37912
636,0.5151812,0.8395221,289.49072,181.4118,369.94116,302.22797
636,0.64450425,0.66237974,398.42065,120.55266,426.5448,238.45671
636,0.39340663,0.62828064,227.74292,131.68109,275.81757,226.18103
637,0.6776037,0.85529864,403.84918,187.54166,463.48358,307.9075
637,0.28493062,0.58082366,158.6364,124.3757,206.07478,209.09653
637,0.4915678,0.8323691,291.5824,180.38675,337.6244,299.65286
637,0.61207306,0.7101436,366.77722,151.67609,416.67627,255.6517
637,0.6416767,0.5700057,395.46246,117.05386,425.88373,205.20206
637,0.44295573,0.60194176,259.62604,124.51453,307.3573,216.69904
637,0.5494999,0.79854923,330.56012,186.00372,372.7998,287.47772
637,0.38013983,0.71965647,225.89429,145.88864,260.6847,259.07632
637,0.98848665,0.53367066,625.42236,87.04844,639.8406,192.12143
637,0.40307283,0.59556514,240.69743,131.18372,275.23578,214.40344
637,0.9635475,0.68810797,596.4946,122.865295,636.8462,247.71887
637,0.5238741,0.5611248,319.95587,152.36906,350.60297,202.00493
637,0.39207107,0.71628356,226.5473,130.4458,275.30365,257.8621
638,0.6868497,0.8631036,411.8805,186.60776,467.2871,310.71732
638,0.3817212,0.7218628,225.68292,163.92978,262.92023,259.8706
638,0.49635515,0.8301206,292.88306,181.01901,342.45154,298.8434
638,0.6083047,0.71101975,365.42792,151.48358,413.2021,255.9671
638,0.6399911,0.56600076,394.07587,124.459915,425.11273,203.76027
638,0.44779834,0.59671223,263.03082,124.41174,310.15106,214.8164
638,0.55016375,0.80129707,331.8291,191.74405,372.3805,288.46695
638,0.402555,0.5704739,242.93266,129.64679,272.3377,205.3706
638,0.98722446,0.5343031,623.79504,88.16977,639.8523,192.34912
638,0.29274887,0.5760992,163.30876,122.94742,211.4098,207.39572
638,0.96350515,0.68740904,596.5134,123.91086,636.7732,247.46725
638,0.8689804,0.4703508,542.5663,123.82373,569.72864,169.3263
639,0.7007076,0.8623143,423.53848,185.35727,473.36728,310.43314
639,0.38339517,0.724392,225.7891,157.75342,264.95673,260.78113
639,0.4969163,0.8242218,296.48334,180.74588,339.56952,296.71985
639,0.60420936,0.7140198,364.1218,151.33087,409.2662,257.04712
639,0.6346104,0.56609285,387.2379,125.50198,425.06342,203.79343
639,0.4527956,0.5967961,267.7821,122.40384,311.79626,214.84659
639,0.55339223,0.8009549,336.3562,192.58481,371.98584,288.34375
639,0.988114,0.5337972,624.95215,88.39285,639.83374,192.16699
639,0.9631777,0.68706053,596.5145,122.96033,636.3529,247.3418
639,0.2984108,0.5758794,171.09329,124.871735,210.87253,207.31659
639,0.40693188,0.5845443,241.69037,126.798645,279.18243,210.43594
640,0.7167742,0.8655743,439.94864,184.32268,477.52237,311.60675
640,0.3833631,0.7249387,225.82806,154.725,264.8767,260.97794
640,0.50481415,0.82802886,298.34543,181.01944,347.81668,298.0904
640,0.55749875,0.8052467,336.7508,186.10641,376.8476,289.88882
640,0.4142994,0.57333755,245.41862,125.504486,284.88458,206.40152
640,0.98832333,0.5319738,625.2148,87.5556,639.83905,191.51056
640,0.46767855,0.60337144,280.8341,122.97473,317.79443,217.21371
640,0.62546957,0.5627289,380.75073,120.606415,419.85034,202.5824
640,0.9631937,0.6871154,596.5552,123.7211,636.33276,247.36154
640,0.5306219,0.580174,325.60208,154.74051,353.59396,208.86264
640,0.5915447,0.7092295,362.69128,152.44882,394.4859,255.32263
640,0.58776206,0.5732553,363.0219,152.46446,389.31354,206.3719
641,0.72910476,0.86310893,448.0711,184.73776,485.18298,310.7192
641,0.5068024,0.8243554,300.7413,179.11273,347.96573,296.76794
641,0.3859366,0.7313656,226.00262,155.65573,267.99622,263.29163
641,0.5715138,0.8120431,347.8162,188.5452,383.7214,292.3355
641,0.47621042,0.6087793,287.5066,122.4371,322.04272,219.16055
641,0.98875844,0.5323519,625.7749,86.97451,639.83594,191.6467
641,0.41053325,0.5989857,242.012,125.41237,283.47055,215.63484
641,0.9632225,0.68745196,596.4684,123.105225,636.4564,247.4827
641,0.5334617,0.688173,326.75134,155.2533,356.0796,247.74228
641,0.34067303,0.5748807,199.43011,121.197174,236.63135,206.95706
641,0.5913637,0.6997466,355.92438,151.67612,401.02118,251.90878
641,0.53158206,0.5814127,326.94214,155.52109,353.4829,209.30856
642,0.7428358,0.8664151,452.7118,186.58282,498.11804,311.90942
642,0.50245965,0.82282263,300.97247,179.14981,342.17584,296.21616
642,0.38987345,0.73565894,227.42014,156.99484,271.6179,264.83722
642,0.5828945,0.81531966,351.44568,193.633,394.6593,293.51508
642,0.98934114,0.5321892,626.5239,86.46481,639.83276,191.5881
642,0.9632317,0.6869644,596.44556,122.79645,636.49097,247.30719
642,0.48102492,0.5739685,290.34552,121.914734,325.3664,206.62866
642,0.41111812,0.55551594,242.61769,127.411896,283.61353,199.98575
642,0.33586183,0.5559458,202.55333,122.73486,227.34981,200.1405
642,0.3458597,0.567389,203.371,120.743195,239.32944,204.26004
642,0.58982533,0.6882967,352.9723,152.47711,402.00415,247.7868
643,0.3962353,0.73894536,229.39249,157.57709,277.7887,266.02032
643,0.75335586,0.8654972,452.89606,187.52386,511.39948,311.57898
643,0.5025784,0.8230707,301.25314,178.88425,342.0472,296.30545
643,0.48300806,0.5817429,292.445,122.59894,325.8053,209.42743
643,0.58860826,0.8196357,352.63,175.2522,400.78857,295.06885
643,0.3484928,0.57878566,204.01862,115.87718,242.05215,208.36284
643,0.99002826,0.53264534,627.4032,86.71455,639.833,191.75232
643,0.9631643,0.6863109,596.4404,122.66522,636.4099,247.07193
643,0.5400311,0.6820866,330.8955,156.60413,360.3443,245.55118
643,0.41699773,0.55048066,242.26588,125.10571,291.4912,198.17303
643,0.71900237,0.32894385,448.98486,91.57231,471.3382,118.419785
644,0.7608038,0.8773505,455.38477,189.34511,518.4441,315.8462
644,0.39875844,0.739375,233.8504,156.63638,276.5604,266.175
644,0.59186965,0.82190806,357.14594,189.72357,400.4472,295.8869
644,0.5057608,0.82099056,301.138,179.29752,346.23578,295.5566
644,0.48629132,0.58783,294.16803,122.228,328.28485,211.6188
644,0.3518055,0.5801574,203.94476,119.55783,246.36627,208.85666
644,0.98968154,0.532402,626.95886,86.5051,639.8335,191.6647
644,0.9630865,0.6858763,596.44775,122.89496,636.303,246.91547
644,0.8688055,0.47041193,542.46936,122.634,569.6017,169.3483
644,0.42252398,0.5400732,247.73378,125.62259,293.09692,194.42636
645,0.76581144,0.8784085,462.8283,189.77069,517.41034,316.22705
645,0.5057561,0.8206877,298.45532,177.08813,348.91248,295.44757
645,0.6060573,0.82324547,366.17755,189.75732,409.5758,296.36838
645,0.40477473,0.7379174,241.13577,154.44037,276.97586,265.65027
645,0.3569997,0.5830704,206.85876,118.51349,250.10083,209.90533
645,0.48587427,0.5750468,294.42307,123.34473,327.496,207.01685
645,0.55063397,0.7381449,334.0386,154.05646,370.77286,265.73215
645,0.9896928,0.5323154,626.9718,87.38087,639.83496,191.63354
645,0.9630324,0.6858001,596.5008,123.33322,636.1807,246.88803
645,0.4227487,0.5869861,249.29755,125.15637,291.8208,211.315
645,0.86839694,0.47102654,542.53345,122.96069,569.01465,169.56955
646,0.7780076,0.8781592,476.865,188.92174,518.98474,316.13733
646,0.5565893,0.73760724,333.29443,152.00812,379.1399,265.5386
646,0.6138223,0.82477003,377.2578,188.65457,408.4347,296.9172
646,0.5072727,0.81898415,300.32715,176.49673,348.98193,294.8343
646,0.40989646,0.7397873,245.33202,153.944,279.33545,266.32343
646,0.3664504,0.5719627,216.02075,121.517975,253.03577,205.90659
646,0.9896984,0.53215027,626.9789,87.269196,639.8351,191.5741
646,0.9629694,0.68561995,596.48834,123.27225,636.1125,246.82318
646,0.488813,0.6038318,295.3185,123.72699,330.36215,217.37946
646,0.86799276,0.47193474,542.78784,122.23564,568.2429,169.8965
646,0.6185691,0.71645135,377.53406,189.08548,414.23438,257.9225
647,0.7917205,0.87525785,488.27545,186.83282,525.1268,315.09283
647,0.62148887,0.82495934,381.82184,187.86273,413.6839,296.98535
647,0.5130169,0.81269497,306.62268,175.82303,350.03894,292.5702
647,0.41175318,0.7496553,244.87305,154.5928,282.17102,269.87592
647,0.5566557,0.74093944,333.59747,154.07404,378.9218,266.7382
647,0.9895552,0.53203857,626.79443,87.49311,639.8362,191.53387
647,0.9630543,0.6860119,596.475,123.48901,636.2345,246.9643
647,0.8682434,0.4710138,543.5846,122.06305,567.76697,169.56497
647,0.4919923,0.55936486,298.29688,122.39929,331.45325,201.37134
648,0.7976575,0.8851181,488.49402,187.41158,532.50757,318.64252
648,0.6308662,0.82871944,383.99847,189.4938,423.5103,298.339
648,0.51694757,0.8101266,313.27533,175.65433,348.41754,291.64557
648,0.55127174,0.74210083,333.52435,155.95071,372.10345,267.1563
648,0.4135909,0.74911773,247.13275,158.31378,282.2636,269.68237
648,0.98941547,0.53235734,626.6148,87.69546,639.837,191.64865
648,0.962953,0.68692726,596.37915,123.427734,636.2007,247.29382
648,0.5573367,0.48563987,347.53723,121.629425,365.85376,174.83035
648,0.45812988,0.56613576,280.3008,125.37509,306.10544,203.80887
648,0.8680441,0.46984735,544.1498,121.76926,566.94666,169.14505
648,0.4943025,0.5311069,301.5244,121.009094,331.1828,191.19849
648,0.37367672,0.57062185,219.56598,120.23447,258.74023,205.42386
649,0.80564165,0.8966681,487.85767,190.64133,543.36365,322.8005
649,0.6411642,0.8337045,385.8687,191.52795,434.8214,300.1336
649,0.51716316,0.80875117,312.97815,176.2901,348.99072,291.15042
649,0.41872472,0.75519747,251.58365,161.93463,284.384,271.8711
649,0.54971576,0.739551,332.89282,159.53488,370.74335,266.23837
649,0.3748452,0.5704998,218.16354,120.34462,261.6383,205.37993
649,0.98941404,0.5324675,626.6135,87.4627,639.8364,191.6883
649,0.86773145,0.46871835,544.5051,121.58357,566.19116,168.7386
649,0.9629741,0.6866798,596.47754,123.591736,636.1293,247.20471
649,0.5507785,0.48312208,343.48285,121.30463,361.5136,173.92395
649,0.45964712,0.567006,282.46738,126.85454,305.88095,204.12215
650,0.8017867,0.9004288,481.87128,194.5898,544.4157,324.15436
650,0.64291227,0.8382909,386.3998,192.41144,436.52792,301.78473
650,0.51414,0.8060767,309.27423,175.09198,348.825,290.18762
650,0.41958493,0.7355433,251.2533,164.08783,285.81543,264.7956
650,0.38074785,0.57250714,223.14337,114.07889,264.21387,206.10257
650,0.86760676,0.4700424,544.8845,121.58429,565.6521,169.21527
650,0.98939955,0.5323572,626.5962,87.22452,639.8352,191.64859
650,0.5526635,0.7430436,338.3535,169.72684,369.05582,267.4957
650,0.96299314,0.6861626,596.5379,123.80072,636.0933,247.01852
650,0.4588708,0.565945,282.9593,125.940186,304.39532,203.7402
650,0.50032556,0.5541256,303.17358,120.75011,337.24316,199.48521
651,0.803044,0.9013228,480.68707,194.36407,547.2093,324.4762
651,0.64581573,0.83904165,389.4593,191.49957,437.1848,302.055
651,0.5138442,0.8042797,305.76727,175.7898,351.9533,289.54068
651,0.4180115,0.7678461,247.6261,163.4122,287.4286,276.4246
651,0.38354868,0.5683658,225.2995,122.05328,265.64282,204.6117
651,0.549225,0.736769,335.09888,166.05103,367.90906,265.23685
651,0.9888493,0.53238964,625.89325,84.51285,639.8338,191.66028
651,0.86801827,0.47481075,545.8642,122.14055,565.19916,170.93187
651,0.9631322,0.6860877,596.59717,123.82416,636.21204,246.99158
651,0.49978954,0.5055898,305.24146,120.51605,334.48914,182.01233
652,0.7397877,0.8898969,441.19446,225.87473,505.73376,320.36288
652,0.24138613,0.8933874,114.28551,214.17464,194.68874,321.61945
652,0.49707326,0.87767214,277.37677,219.76367,358.877,315.96198
652,0.8613245,0.9460068,518.4738,230.57324,584.02155,340.56244
652,0.6082274,0.67320114,372.2092,137.94125,406.32187,242.35242
652,0.43177804,0.64624244,256.85608,130.97272,295.81982,232.64728
652,0.50570834,0.6667338,304.18213,140.09985,343.12457,240.02417
652,0.20793614,0.7663939,108.39053,196.32867,157.76773,275.9018
652,0.37149376,0.61188126,215.45453,123.9581,260.05746,220.27725
652,0.503715,0.3334971,309.37488,75.23073,335.3803,120.05896
652,0.21952274,0.56600624,128.49596,149.0217,152.49315,203.76224
652,0.4911806,1.0,301.6941,345.3305,327.0171,360.0
652,0.98675907,0.52806216,623.228,88.06523,639.8236,190.10237
652,0.9634619,0.6856386,597.7809,130.92316,635.4503,246.8299
653,0.7399594,0.89004534,441.3703,226.19385,505.77777,320.41632
653,0.4971013,0.8778769,277.36847,219.53922,358.9212,316.03568
653,0.24123184,0.8947708,114.33165,214.9303,194.44511,322.1175
653,0.86126614,0.9459927,517.8583,230.07033,584.5624,340.55737
653,0.6091302,0.673333,373.4015,136.94418,406.28516,242.39987
653,0.4319624,0.6464498,256.8509,129.83832,296.06097,232.72192
653,0.20816788,0.7658677,108.12389,195.75412,158.331,275.71237
653,0.50618625,0.6670529,303.97647,141.34886,343.94193,240.13905
653,0.3683774,0.61163586,213.56952,124.24281,257.95355,220.18892
653,0.21826264,0.57128,128.35925,148.80905,151.01694,205.6608
653,0.5036238,0.3297547,309.9733,75.17345,334.66513,118.7117
653,0.9869871,0.52787393,623.52026,88.15198,639.82324,190.0346
653,0.49193144,1.0,302.62152,345.3604,327.05072,360.0
654,0.7400211,0.89039814,441.71332,226.57904,505.51373,320.54333
654,0.4974349,0.8789267,277.61975,219.60562,359.09692,316.4136
654,0.24121098,0.89504766,114.31353,215.8432,194.43652,322.21716
654,0.8617331,0.9470085,519.0226,232.0151,583.9957,340.92307
654,0.61021376,0.67405784,374.6153,136.87863,406.4583,242.66083
654,0.4323511,0.64735734,256.73254,130.45218,296.67688,233.04865
654,0.20747904,0.7660348,108.14637,196.55737,157.42682,275.77252
654,0.5064871,0.6683983,304.15613,141.74886,344.14734,240.6234
654,0.36820632,0.61001146,214.12952,123.47974,257.17456,219.60413
654,0.21859518,0.56452316,129.52985,149.42787,150.27197,203.22835
654,0.36111122,0.58523715,214.68617,122.47626,247.53618,210.68536
654,0.5040094,0.33148873,310.20453,75.22833,334.92755,119.33594
654,0.9871405,0.527261,623.71936,88.473694,639.82043,189.81396
654,0.9629091,0.6866983,597.3057,126.05936,635.21796,247.2114
654,0.9868452,0.5297516,623.4407,129.59338,639.7212,190.71057
655,0.74011123,0.8903505,441.67377,226.22736,505.66864,320.52618
655,0.24160299,0.897288,114.51065,216.54189,194.74118,323.02368
655,0.49724716,0.8787005,277.63153,218.78836,358.84485,316.33218
655,0.86179334,0.9470474,518.7849,232.43343,584.31055,340.93707
655,0.6097062,0.67372036,374.55627,137.41415,405.86768,242.53934
655,0.43247977,0.646556,256.818,130.07211,296.7561,232.76016
655,0.20847309,0.7700742,108.017975,195.71542,158.82758,277.2267
655,0.50734484,0.6675467,304.90768,141.60605,344.49368,240.3168
655,0.3662801,0.6081595,215.72928,121.85281,253.10925,218.93741
655,0.21850142,0.56470996,129.66226,149.14899,150.01956,203.2956
655,0.50343907,0.33207202,309.3339,75.41171,335.06808,119.54593
655,0.9871233,0.5266653,623.6948,88.470345,639.823,189.59949
655,0.9870054,0.5281549,623.64026,129.96187,639.7267,190.13576
656,0.7405463,0.8915297,443.0919,226.2964,504.80734,320.95068
656,0.24164116,0.8971917,114.53058,216.02586,194.77011,322.989
656,0.4972264,0.8785611,277.59363,216.84776,358.85614,316.28198
656,0.8619793,0.94654983,518.94995,232.2749,584.38354,340.75793
656,0.43235135,0.6457831,256.8506,129.7875,296.55914,232.48193
656,0.6100194,0.67411286,375.7433,137.03574,405.08154,242.68063
656,0.20826983,0.7708985,107.869545,195.48224,158.71585,277.52347
656,0.50787944,0.6669283,305.66992,142.02863,344.41577,240.09418
656,0.36582303,0.60568255,218.1234,120.45416,250.13008,218.04572
656,0.2181849,0.5698393,129.48361,148.86642,149.79306,205.14215
656,0.9870903,0.5276493,623.6504,88.43379,639.8252,189.95375
656,0.98678493,0.529705,623.3588,129.26569,639.7259,190.69379
657,0.7401923,0.8916609,442.6494,226.28847,504.79675,320.99792
657,0.2416521,0.89711845,114.58224,215.99242,194.73245,322.96265
657,0.49670672,0.8785209,277.42606,213.95195,358.35855,316.26752
657,0.8619526,0.9465712,519.01355,231.12245,584.28577,340.76562
657,0.43220407,0.64649254,256.62054,130.17915,296.60065,232.73732
657,0.6112582,0.67602473,375.63428,138.30511,406.77625,243.3689
657,0.20826396,0.770421,108.172615,195.90546,158.40527,277.35156
657,0.50772023,0.66663325,305.06732,143.74612,344.81458,239.98798
657,0.35990664,0.6015388,215.0289,120.736694,245.65161,216.55396
657,0.21859717,0.56896454,129.38477,148.88329,150.41962,204.82722
657,0.98712313,0.5278366,623.6904,88.50231,639.82715,190.02118
657,0.49194732,1.0,302.6058,345.3499,327.08676,360.0
657,0.986784,0.5297165,623.35724,129.62021,639.72626,190.69794
658,0.73971,0.89183265,441.63754,226.00568,505.19125,321.05975
658,0.24164517,0.8970562,114.56401,214.68095,194.7418,322.94025
658,0.49651393,0.8784898,277.35355,215.2944,358.1843,316.25632
658,0.86201257,0.94679034,518.9933,230.57944,584.3828,340.8445
658,0.43248215,0.6464218,256.7989,129.83691,296.77826,232.71185
658,0.6129451,0.6739058,375.60776,138.80121,408.96194,242.60608
658,0.20818177,0.77035666,108.26443,196.0939,158.20822,277.3284
658,0.35584873,0.6001492,210.47357,122.19656,245.01282,216.05371
658,0.5077494,0.6649779,305.63733,143.47197,344.28186,239.39204
658,0.21954283,0.56844604,129.3833,148.78531,151.63153,204.64056
658,0.98713857,0.5278261,623.7095,88.48499,639.8279,190.0174
658,0.49184456,1.0,302.58765,345.34296,326.9734,360.0
658,0.98678744,0.5298036,623.3611,129.35193,639.7268,190.72928
659,0.73951435,0.89204514,441.5594,226.01962,505.01898,321.13626
659,0.49668065,0.87858546,277.4433,215.99945,358.30792,316.29077
659,0.24159336,0.89698285,114.51565,214.58136,194.72385,322.91382
659,0.86211014,0.94738024,519.1963,230.72815,584.3047,341.0569
659,0.61675406,0.6703294,376.53766,140.4194,412.90753,241.31857
659,0.43196768,0.6474222,256.77945,129.82504,296.1392,233.07199
659,0.35375863,0.60093856,209.11908,121.51468,243.69196,216.33789
659,0.20840892,0.7703456,108.21417,196.16776,158.54926,277.32443
659,0.5074254,0.66743463,305.2469,143.9283,344.25763,240.27647
659,0.21851802,0.56832427,129.03445,148.97247,150.66861,204.59674
659,0.9872238,0.52737546,623.8197,88.37216,639.8268,189.85516
659,0.49186993,1.0,302.61224,345.40616,326.98126,360.0
660,0.7386919,0.890366,440.10938,225.55045,505.41626,320.53177
660,0.49665394,0.8786065,277.44983,215.77065,358.2672,316.29834
660,0.24164145,0.89691085,114.50815,214.76486,194.79291,322.8879
660,0.8621508,0.94732666,519.25,230.53052,584.303,341.0376
660,0.6227339,0.66996384,378.3911,140.05536,418.70825,241.18698
660,0.43182778,0.64790463,256.66315,130.27576,296.07642,233.24567
660,0.20838988,0.77031934,108.14494,196.45511,158.5941,277.31497
660,0.35139173,0.60102916,206.14822,122.04103,243.63321,216.3705
660,0.5072063,0.6681916,305.4031,144.48306,343.821,240.54898
660,0.21832232,0.5696962,128.99109,149.03088,150.46149,205.09064
660,0.49184284,1.0,302.53772,345.42105,327.02112,360.0
660,0.98728025,0.5273736,623.89233,88.20319,639.8264,189.85449
661,0.73875314,0.8904806,440.0943,225.50275,505.5097,320.573
661,0.49681014,0.87887096,277.41357,215.3034,358.50342,316.39355
661,0.24160627,0.89691466,114.45412,214.42467,194.8019,322.88928
661,0.62369454,0.6729564,379.04797,138.93753,419.28107,242.26431
661,0.86206186,0.9471831,519.256,230.29704,584.1832,340.9859
661,0.4315978,0.64823073,256.7273,130.42313,295.7179,233.36307
661,0.20836267,0.7704761,108.20583,196.91708,158.49838,277.3714
661,0.34760115,0.60208327,201.54448,122.26964,243.385,216.74998
661,0.50676924,0.6676352,305.13168,144.34055,343.53293,240.34866
661,0.21890125,0.56958467,129.0614,148.98865,151.1322,205.05048
661,0.49184337,1.0,302.5301,345.4178,327.02942,360.0
661,0.9872068,0.52766806,623.801,87.939835,639.8237,189.9605
662,0.73889625,0.89055854,440.25342,224.97192,505.5338,320.60107
662,0.49669686,0.87873566,277.2874,215.09576,358.48456,316.34485
662,0.24162598,0.8968686,114.477936,214.73631,194.80331,322.87268
662,0.62460643,0.6745612,380.2329,138.36353,419.2633,242.84204
662,0.86206186,0.9472901,519.1223,230.40909,584.3169,341.02444
662,0.34626427,0.6018643,199.40875,122.59613,243.80951,216.67114
662,0.4316098,0.6479311,256.7823,129.1817,295.67828,233.25519
662,0.20872502,0.7705875,108.212715,196.84683,158.95532,277.4115
662,0.50733244,0.66467345,305.3732,143.60641,344.01236,239.28244
662,0.2194407,0.5716766,129.16995,148.84494,151.71414,205.80359
662,0.9883648,0.52510375,625.3098,131.06339,639.7971,189.03735
662,0.4918317,1.0,302.5126,345.4261,327.03195,360.0
662,0.98733646,0.52975047,623.9664,88.14315,639.8243,190.71017
663,0.73899984,0.89061993,440.2116,225.4221,505.7082,320.62317
663,0.49651116,0.8780708,277.18225,214.76454,358.35205,316.10547
663,0.24160719,0.89688057,114.44373,214.40605,194.81348,322.877
663,0.8621087,0.94715816,519.1366,230.59254,584.36255,340.97693
663,0.6252325,0.6724175,381.19678,135.99438,419.10083,242.07031
663,0.3455059,0.6023329,199.22272,122.39404,243.02481,216.83984
663,0.43150282,0.6470746,256.75317,129.38263,295.57043,232.94684
663,0.20885763,0.7706888,107.99258,196.30283,159.34518,277.44797
663,0.507781,0.6645568,305.04095,143.67618,344.91876,239.24045
663,0.21694231,0.5816447,128.44952,148.27696,149.23663,209.3921
663,0.98717767,0.52960724,623.75964,88.51048,639.82776,190.65862
663,0.49158764,1.0,302.29327,345.22455,326.9389,360.0
663,0.9898977,0.52443045,627.33496,98.29961,639.73413,188.79497
664,0.7394883,0.8908826,440.68854,225.47012,505.8565,320.71774
664,0.49668664,0.8783125,277.55426,214.95506,358.20465,316.1925
664,0.24152961,0.8962982,114.532265,215.07019,194.62564,322.66736
664,0.86258996,0.9467663,519.3075,230.26709,584.8076,340.83588
664,0.34323677,0.60178757,198.08115,123.45416,241.26193,216.64352
664,0.6259445,0.6734972,381.72153,135.71863,419.4874,242.45898
664,0.43136042,0.64712435,256.52536,128.96678,295.616,232.96477
664,0.20885015,0.7704697,108.12064,196.70868,159.20755,277.3691
664,0.5083888,0.66693234,306.22784,144.14624,344.50983,240.09564
664,0.21776494,0.5728068,129.16998,149.45624,149.56915,206.21045
664,0.9868301,0.53108156,623.31934,88.75564,639.82324,191.18936
664,0.49156398,1.0,302.24524,345.2697,326.95667,360.0
665,0.73973626,0.89057463,441.09906,225.33557,505.76337,320.60687
665,0.49647623,0.87906665,277.44373,214.85394,358.04584,316.464
665,0.24155982,0.8970365,114.52605,214.59592,194.67052,322.93314
665,0.3401529,0.59799093,194.51398,122.71704,240.88171,215.27673
665,0.86232054,0.9475377,519.1736,230.97575,584.5967,341.1136
665,0.6256818,0.674163,381.5721,136.90941,419.30063,242.69868
665,0.4315633,0.64763576,256.82043,128.65485,295.58057,233.14886
665,0.20899972,0.7713002,108.06798,197.06424,159.45168,277.66806
665,0.5081275,0.66580385,305.90784,143.7232,344.49536,239.68939
665,0.2174172,0.574798,128.8808,149.48431,149.41321,206.92728
665,0.9869976,0.5302517,623.5331,88.61879,639.82385,190.89061
665,0.4915945,1.0,302.3059,345.52878,326.93506,360.0
665,0.4932596,0.46510908,302.29962,122.53351,329.0727,167.43927
666,0.74015975,0.8899934,441.78928,225.95496,505.6152,320.39764
666,0.49667233,0.87869126,277.68646,214.64317,358.05414,316.32886
666,0.2418778,0.8965446,114.70772,215.16142,194.89586,322.75604
666,0.8623619,0.9477848,519.24817,230.72394,584.5751,341.2025
666,0.3381074,0.5959049,191.8592,122.21918,240.91826,214.52576
666,0.62593067,0.67410564,381.26147,138.2905,419.9298,242.67804
666,0.20905781,0.77109253,108.04148,197.01306,159.55252,277.59332
666,0.50833756,0.66605663,306.0529,143.29855,344.61917,239.7804
666,0.4317483,0.64703315,257.0448,129.38205,295.59302,232.93195
666,0.21716484,0.57541275,128.78723,149.46664,149.18378,207.14859
666,0.49145955,1.0,302.1394,345.65527,326.92883,360.0
666,0.98691684,0.5306236,623.4306,88.48761,639.82294,191.0245
666,0.98827904,0.5260568,625.1997,131.94406,639.7975,189.38046
666,0.4935984,0.46487918,302.24533,122.16754,329.56064,167.3565
667,0.73797226,0.8902404,438.77002,226.41653,505.83447,320.48654
667,0.49658942,0.8785366,277.6077,214.70572,358.02676,316.27316
667,0.24183746,0.896319,114.68398,214.33817,194.86795,322.67484
667,0.86238974,0.9477605,519.3913,230.51726,584.4676,341.1938
667,0.62549794,0.67347157,380.55103,139.49805,420.0863,242.44977
667,0.3358771,0.59640956,189.25128,122.04512,240.67139,214.70744
667,0.43182167,0.64708894,257.10385,129.50496,295.6279,232.95201
667,0.5083307,0.6664107,305.90387,142.31494,344.75946,239.90784
667,0.20926063,0.77123,108.06859,197.13803,159.78502,277.6428
667,0.21716149,0.57568663,128.721,149.50299,149.24571,207.2472
667,0.4914754,1.0,302.14966,345.67145,326.93884,360.0
667,0.98714685,0.53049505,623.72424,88.45691,639.8237,190.97821
667,0.50256073,0.3287795,308.35217,74.192,334.92554,118.36061
667,0.989826,0.5258288,627.2473,97.27991,639.73,189.29837
668,0.7360896,0.8898066,436.30353,226.132,505.89117,320.33038
668,0.49627715,0.8782588,277.35406,214.5137,357.88068,316.1732
668,0.24165884,0.8962904,114.61836,213.91016,194.70494,322.66455
668,0.33673283,0.5953084,190.5794,121.614655,240.43863,214.31104
668,0.8619046,0.9475606,518.7063,230.51562,584.5316,341.12183
668,0.62696964,0.67177445,381.96216,138.71547,420.55896,241.83879
668,0.43231755,0.6462314,257.01807,129.37329,296.3484,232.64331
668,0.20898595,0.77097297,108.02241,197.18683,159.47961,277.55026
668,0.5064436,0.66693276,302.66455,129.90878,345.58325,240.0958
668,0.21685259,0.5754539,128.61601,149.82623,148.9553,207.16339
668,0.4914852,1.0,302.1598,345.6019,326.94128,360.0
668,0.98703253,0.53067017,623.5791,88.606415,639.8225,191.04126
668,0.5025705,0.3293145,308.03235,74.37819,335.25787,118.55322
669,0.734887,0.8889036,435.1231,224.56708,505.5323,320.0053
669,0.4965287,0.87809795,277.35126,214.38058,358.2055,316.11526
669,0.24150229,0.89629847,114.414246,214.71481,194.70868,322.66745
669,0.33875674,0.5953345,193.17221,121.35028,240.4364,214.3204
669,0.86187494,0.94705254,518.58386,230.49886,584.6161,340.9389
669,0.62774515,0.67301357,383.06976,138.59512,420.44403,242.28488
669,0.43236694,0.64611495,256.7085,128.65067,296.7212,232.60138
669,0.20952466,0.7709614,108.24086,196.78824,159.9507,277.5461
669,0.5051886,0.66665083,301.2475,121.939575,345.39386,239.9943
669,0.21719322,0.575393,128.77106,149.52423,149.23627,207.14148
669,0.9870056,0.52994525,623.5432,88.81477,639.824,190.78029
669,0.4914772,1.0,302.2149,345.62296,326.87592,360.0
669,0.50253594,0.32972473,308.06656,74.47299,335.1794,118.7009
669,0.9898144,0.5266236,627.24097,96.502594,639.72144,189.5845
670,0.73407817,0.8897813,435.59525,223.04239,504.0248,320.32126
670,0.49633017,0.8777337,277.37274,214.2733,357.92987,315.98413
670,0.2415194,0.8965332,114.38101,214.8767,194.76382,322.75195
670,0.34080112,0.59633744,195.9218,120.41382,240.30363,214.68149
670,0.8619024,0.94639504,518.74414,230.53973,584.49097,340.7022
670,0.62734735,0.6733842,382.18243,137.80399,420.8222,242.4183
670,0.4320797,0.64599866,256.43658,129.19093,296.62543,232.55952
670,0.20950937,0.77103764,108.283714,196.9235,159.88828,277.57355
670,0.5049943,0.6682118,301.76605,121.38809,344.62665,240.55624
670,0.21740732,0.57491225,129.01558,149.65598,149.2658,206.96841
670,0.49091944,1.0,301.4732,345.54553,326.9037,360.0
670,0.9871241,0.5296144,623.693,89.0742,639.8258,190.66118
670,0.50270003,0.32881808,309.0147,75.346054,334.44135,118.37451
670,0.98994696,0.5271169,627.40936,96.98572,639.7227,189.76208
671,0.7329817,0.8931391,435.46783,223.59595,502.74872,321.5301
671,0.49640003,0.8780869,277.39575,214.30093,357.99628,316.1113
671,0.24147668,0.8963229,114.43696,213.83218,194.6532,322.67624
671,0.34221858,0.59597236,197.63617,119.90222,240.40363,214.55005
671,0.86189187,0.9466143,518.65497,230.61441,584.5666,340.78116
671,0.627888,0.6727771,383.17767,137.96906,420.51898,242.19977
671,0.43204325,0.6457475,256.0091,129.29068,297.0063,232.46909
671,0.20931873,0.7710702,108.27051,197.10376,159.65747,277.58527
671,0.50524485,0.6662414,301.45123,122.38652,345.26215,239.84691
671,0.21732779,0.5750712,128.95218,149.67441,149.22739,207.02563
671,0.49161845,1.0,302.34375,345.5515,326.92786,360.0
671,0.9871915,0.5294027,623.77954,89.04999,639.82556,190.58496
671,0.5021426,0.33009318,309.15308,76.48419,333.58948,118.83354
671,0.99002093,0.5276176,627.5029,97.22315,639.7239,189.94232
672,0.7343187,0.89301133,436.21976,225.297,503.70816,321.48407
672,0.49630475,0.87799615,277.41147,214.35999,357.8586,316.0786
672,0.24172279,0.8961901,114.664154,214.24173,194.74103,322.62845
672,0.86192894,0.9466785,518.6848,230.42415,584.5842,340.80426
672,0.3418064,0.5927001,197.89374,120.63626,239.61847,213.37204
672,0.43093237,0.64547884,255.00458,129.66504,296.58887,232.37238
672,0.6278748,0.6729584,383.37186,138.08972,420.3079,242.26501
672,0.209444,0.7710589,108.23542,196.84378,159.8529,277.5812
672,0.5059797,0.66634464,302.276,122.591034,345.37805,239.88406
672,0.2172993,0.5738444,129.06161,150.05145,149.08148,206.58398
672,0.4915858,1.0,302.30432,345.5594,326.92548,360.0
672,0.98718566,0.52944946,623.7724,88.773865,639.82526,190.6018
672,0.40476847,0.5308687,254.43591,181.85431,263.66772,191.11273
672,0.5021566,0.33044425,309.2995,77.20111,333.461,118.95993
673,0.73463017,0.8940564,436.59506,226.44617,503.73154,321.8603
673,0.49633893,0.87800574,277.4851,214.38364,357.82874,316.08206
673,0.2417155,0.89622635,114.66399,214.2274,194.73186,322.64148
673,0.86188775,0.9465437,518.7197,230.664,584.4966,340.75574
673,0.3411274,0.59233296,196.64465,119.18469,239.99841,213.23987
673,0.43094817,0.645256,255.08037,129.4888,296.53326,232.29214
673,0.20928106,0.77099895,108.21612,197.02527,159.66364,277.55963
673,0.50651795,0.66597384,303.81378,120.866,344.52917,239.75058
673,0.62765324,0.67298454,383.45898,137.31573,419.93713,242.27444
673,0.21794677,0.5743973,129.14288,149.69215,149.82898,206.78304
673,0.49158502,1.0,302.2875,345.56335,326.9413,360.0
673,0.9871891,0.52947396,623.7752,88.86505,639.82684,190.61063
673,0.5020965,0.32773066,309.04947,77.91524,333.634,117.98303
674,0.7344805,0.8943988,436.25064,226.48738,503.88437,321.98358
674,0.49636102,0.8780056,277.4755,214.37543,357.8666,316.08203
674,0.24161556,0.8962894,114.60501,213.77122,194.6629,322.66418
674,0.8619176,0.9466099,518.79395,230.78818,584.4606,340.77957
674,0.33850747,0.5883897,193.52216,119.07039,239.7674,211.8203
674,0.5074175,0.6661393,304.4231,121.27829,345.0713,239.81015
674,0.43106142,0.6449406,255.3833,129.40079,296.3753,232.17862
674,0.20882325,0.7673506,108.31259,196.76721,158.98117,276.24622
674,0.6271652,0.6729077,383.72916,137.25845,419.04233,242.24677
674,0.21832451,0.5804462,128.99832,150.15399,150.45706,208.96063
674,0.49159074,1.0,302.2793,345.55203,326.95685,360.0
674,0.98720855,0.52888566,623.80164,88.787926,639.8253,190.39883
675,0.7344346,0.8942725,436.37305,226.79773,503.70325,321.9381
675,0.4963765,0.87811136,277.47192,214.40787,357.89,316.1201
675,0.24153943,0.89631027,114.63128,213.89557,194.53918,322.6717
675,0.8619157,0.94663936,518.80963,230.77406,584.44244,340.79016
675,0.50881976,0.66637444,305.61017,119.2283,345.67914,239.8948
675,0.33715886,0.58633476,192.18228,118.89264,239.38107,211.0805
675,0.43202534,0.6454308,256.20856,128.97655,296.78387,232.35509
675,0.6273881,0.6730369,383.63004,135.88287,419.42673,242.29327
675,0.20927231,0.77093965,108.315125,196.72318,159.55344,277.53827
675,0.21899793,0.580448,128.95738,150.5773,151.35997,208.96127
675,0.4915824,1.0,302.2777,345.56604,326.94775,360.0
675,0.50011694,0.32346222,305.02164,79.266174,335.12808,116.446396
675,0.98727703,0.5281311,623.8889,88.95239,639.8257,190.1272
676,0.73453474,0.89453924,436.41406,226.56665,503.7904,322.03412
676,0.49636453,0.8780138,277.4843,214.26184,357.8623,316.08496
676,0.2415108,0.8966037,114.484726,215.12695,194.6491,322.77734
676,0.86200017,0.94642806,518.9792,230.75928,584.38104,340.7141
676,0.51145387,0.6664186,305.6489,119.774414,349.01205,239.9107
676,0.6275507,0.6729343,383.72235,135.50684,419.54254,242.25635
676,0.4325447,0.64558977,256.83813,129.20267,296.8191,232.41232
676,0.20928259,0.7710129,108.306114,196.74023,159.57559,277.56464
676,0.33597168,0.5855272,190.60101,119.37463,239.44275,210.7898
676,0.21885166,0.580711,128.77756,151.30383,151.35257,209.05597
676,0.5015775,0.32376269,307.0918,83.0793,334.92737,116.554565
676,0.4916025,1.0,302.3056,345.56702,326.94562,360.0
676,0.98735464,0.5281197,623.9883,88.85353,639.8257,190.1231
677,0.73471314,0.8944741,436.37512,224.70757,504.05768,322.01068
677,0.49647623,0.8781787,277.41727,214.24641,358.0723,316.14435
677,0.24158105,0.8964352,114.490944,215.41406,194.73282,322.71667
677,0.8619501,0.94645935,518.8965,230.81937,584.39966,340.72537
677,0.5125672,0.6664168,306.11255,120.22504,349.9735,239.91006
677,0.62743115,0.67325294,383.32568,134.19614,419.7862,242.37106
677,0.20923865,0.770877,108.342896,196.7916,159.48257,277.51572
677,0.43261677,0.6461784,257.05264,129.11594,296.6968,232.62424
677,0.33141813,0.58619547,190.51639,118.7565,233.69882,211.03036
677,0.21937594,0.5785942,129.0838,151.02878,151.7174,208.29391
677,0.4915871,1.0,302.28748,345.56888,326.94403,360.0
677,0.98732674,0.52819186,623.95233,88.781586,639.82587,190.14908
677,0.49790844,0.3271592,302.25693,83.69896,335.0659,117.77731
678,0.73454875,0.8945668,436.25,223.92905,503.9724,322.04404
678,0.49647006,0.87819874,277.48907,214.16792,357.9926,316.15155
678,0.2416151,0.8966301,114.47679,215.08768,194.79054,322.78683
678,0.86200583,0.94644994,518.9612,230.84003,584.40625,340.722
678,0.51253426,0.6664005,306.07,120.13562,349.97382,239.90417
678,0.6279242,0.6733563,383.15506,134.93661,420.58792,242.40826
678,0.43241137,0.6462468,256.98157,129.48373,296.505,232.64883
678,0.20936766,0.77101755,108.41584,196.82547,159.57477,277.5663
678,0.3292972,0.58631676,189.88718,117.92227,231.61325,211.07404
678,0.21960215,0.5777578,128.88596,150.63889,152.2048,207.9928
678,0.49153677,1.0,302.24237,345.56628,326.92468,360.0
678,0.98740196,0.5283739,624.04895,88.72684,639.82556,190.2146
678,0.4981311,0.32769707,302.99377,84.596954,334.614,117.97095
679,0.73444813,0.8945489,436.10968,223.05104,503.98395,322.0376
679,0.4963885,0.8781111,277.43958,214.29547,357.93768,316.12
679,0.2415152,0.8966596,114.5165,214.95163,194.62296,322.79745
679,0.86203784,0.94691944,518.9251,230.84853,584.48334,340.891
679,0.5135683,0.66779715,306.08032,118.3421,351.28705,240.40698
679,0.62875664,0.673328,383.11194,134.6903,421.69653,242.39807
679,0.4322135,0.6464583,256.92386,129.54526,296.30942,232.725
679,0.20926544,0.7705953,108.340485,196.59467,159.51929,277.4143
679,0.3299329,0.5871411,191.77477,118.62909,230.53935,211.37079
679,0.21991596,0.576304,129.04276,150.34769,152.44968,207.46945
679,0.49152452,1.0,302.22058,345.6338,326.9308,360.0
679,0.9873129,0.5294912,623.9346,88.455864,639.8259,190.61682
680,0.73423445,0.8946212,435.96313,222.37704,503.85693,322.06363
680,0.4963526,0.8779001,277.3974,214.28287,357.93396,316.04404
680,0.24148607,0.89636934,114.43748,213.87698,194.6647,322.69296
680,0.8620993,0.9467076,519.0773,230.81955,584.4098,340.81473
680,0.5126669,0.66629386,305.91943,116.44855,350.2942,239.86578
680,0.43239307,0.6469759,256.9513,129.41788,296.51184,232.91132
680,0.62760985,0.67347497,382.5963,135.2424,420.74426,242.45099
680,0.32976818,0.58678997,192.41418,117.59131,229.68909,211.24438
680,0.20925827,0.7709765,108.43454,196.24405,159.41605,277.55154
680,0.22019307,0.5766188,129.37617,150.55707,152.47096,207.58276
680,0.49156818,1.0,302.22363,345.6361,326.98364,360.0
680,0.9872324,0.52904266,623.83044,88.21063,639.827,190.45535
681,0.7342037,0.8953534,436.06152,220.11108,503.71918,322.3272
681,0.49635822,0.8780074,277.33972,214.05807,357.99878,316.08267
681,0.86213225,0.94662803,519.1675,230.80893,584.3618,340.7861
681,0.24146834,0.8965062,114.40451,213.00241,194.67496,322.74222
681,0.51297057,0.66716427,305.16962,114.71036,351.43268,240.17914
681,0.43274897,0.6463973,256.9884,129.42715,296.9303,232.70303
681,0.62771994,0.6733829,380.3627,134.08472,423.1188,242.41785
681,0.32952076,0.58541715,193.32062,117.74017,228.46594,210.75018
681,0.20839255,0.76697385,108.48114,196.4581,158.26132,276.1106
681,0.22025152,0.57696,129.42389,149.81825,152.49805,207.70561
681,0.4916448,1.0,302.40372,345.58615,326.90164,360.0
681,0.98721015,0.5291037,623.8017,88.34267,639.82733,190.47734
682,0.7333509,0.89332575,435.2694,217.19913,503.41968,321.59726
682,0.49648553,0.8781098,277.36172,213.69473,358.13974,316.11954
682,0.86209184,0.9467826,519.06726,230.58891,584.4103,340.84174
682,0.24144106,0.89657116,114.18937,212.00099,194.8552,322.76562
682,0.51280975,0.66774994,305.26053,113.49756,351.13596,240.38998
682,0.43282765,0.64700496,256.9521,129.66074,297.06732,232.92178
682,0.32968006,0.5853166,193.9281,117.56459,228.06238,210.71397
682,0.6248153,0.67492133,380.17944,133.4378,419.5841,242.97168
682,0.20904693,0.7669477,108.50282,196.31934,159.07726,276.10117
682,0.22090907,0.5761903,129.85031,149.57231,152.9133,207.42851
682,0.49164233,1.0,302.399,345.6053,326.9032,360.0
682,0.98703134,0.52924645,623.573,88.40875,639.82715,190.52872
683,0.73293036,0.8910163,435.0377,214.02081,503.1132,320.76587
683,0.4964758,0.87812746,277.3772,213.1431,358.11182,316.1259
683,0.8620399,0.9467174,519.04865,230.73288,584.3625,340.81827
683,0.24145374,0.8966332,114.23251,212.22572,194.82828,322.78796
683,0.51230454,0.66806954,304.5527,114.44034,351.1971,240.50504
683,0.43267378,0.6479922,257.01273,129.45926,296.80972,233.27719
683,0.32955518,0.5838465,193.65402,116.36603,228.1766,210.18475
683,0.62776214,0.67465687,382.79968,134.2382,420.73584,242.87648
683,0.20896211,0.76692766,108.46106,196.24463,159.01044,276.09396
683,0.2209324,0.5736396,129.80563,149.56622,152.98782,206.51025
683,0.49168998,1.0,302.43262,345.57642,326.93054,360.0
683,0.9866926,0.52951163,623.1439,87.80861,639.82263,190.62419
684,0.49657774,0.8779779,277.42902,211.48172,358.1905,316.07205
684,0.7405865,0.8881071,444.65973,211.45319,503.29102,319.71857
684,0.86198485,0.94654864,518.9954,230.6847,584.34515,340.7575
684,0.24150577,0.896739,114.26534,212.09369,194.86203,322.82605
684,0.43261272,0.64838415,256.98553,129.56314,296.75873,233.4183
684,0.5116884,0.6686199,304.65143,114.90109,350.30975,240.70316
684,0.6297386,0.6748644,381.9973,132.81618,424.0681,242.95119
684,0.20922323,0.76681465,108.43815,196.07196,159.36758,276.05328
684,0.3291849,0.58396745,194.08836,116.80759,227.2683,210.22827
684,0.22158603,0.57357323,130.11697,149.32156,153.51315,206.48636
684,0.4916981,1.0,302.4632,345.57617,326.91034,360.0
684,0.9867484,0.53016716,623.2146,87.69147,639.82336,190.86017
685,0.7397055,0.88667756,443.7416,210.34807,503.08145,319.20392
685,0.49649677,0.8779986,277.37332,210.36691,358.14255,316.0795
685,0.24145505,0.8966315,114.296265,211.44382,194.7662,322.78732
685,0.861965,0.9465452,518.9935,230.6531,584.32166,340.75626
685,0.51129484,0.6673721,304.87634,114.83349,349.58105,240.25397
685,0.432092,0.64853024,257.2846,129.75775,295.79315,233.47089
685,0.62965184,0.6740348,380.03046,132.34541,425.9239,242.65251
685,0.3291327,0.5856743,194.70334,117.69339,226.58652,210.84274
685,0.20900771,0.7667672,108.39748,196.72244,159.1324,276.0362
685,0.2230274,0.5739995,131.05315,149.32172,154.42192,206.63983
685,0.49171472,1.0,302.57043,345.4195,326.8244,360.0
685,0.9867357,0.5302171,623.197,87.43178,639.8247,190.87816
686,0.49608192,0.8777644,277.19128,209.69495,357.79358,315.99518
686,0.73936665,0.8852701,444.03848,210.1398,502.35086,318.69724
686,0.24148929,0.89663434,114.34393,211.17416,194.76236,322.78836
686,0.8620303,0.9466514,519.0939,230.33374,584.30493,340.7945
686,0.43203726,0.64774126,257.15204,130.28635,295.85565,233.18686
686,0.5096676,0.6672059,304.02097,115.882065,348.35355,240.19414
686,0.2084556,0.7670479,108.42377,197.10333,158.39941,276.13724
686,0.3304806,0.5861619,195.55847,118.99603,227.4567,211.01828
686,0.6267514,0.6744045,378.01114,130.86499,424.23068,242.78561
686,0.22755913,0.57355434,134.00699,149.74854,157.2687,206.47955
686,0.9867862,0.5312147,623.26013,87.933014,639.8262,191.2373
686,0.49157238,1.0,302.65735,345.217,326.5553,360.0
687,0.49614543,0.87677103,276.69128,208.86365,358.37488,315.63757
687,0.74102676,0.8818592,445.95532,209.98308,502.55896,317.4693
687,0.24149366,0.8966351,114.37711,212.64653,194.73477,322.78864
687,0.86199176,0.94651794,519.0895,230.31227,584.26,340.74646
687,0.43104792,0.6458485,257.19086,128.15012,294.55048,232.50546
687,0.51028776,0.66760176,302.85266,112.97388,350.31567,240.33664
687,0.20913069,0.7668844,108.52429,196.95001,159.163,276.07837
687,0.33279967,0.5852631,196.75415,118.91229,229.22943,210.6947
687,0.6195322,0.6743153,368.21194,128.6935,424.78934,242.7535
687,0.2313981,0.56789494,136.75372,149.60275,159.43585,204.44217
687,0.9866937,0.5310582,623.142,87.75094,639.82587,191.18094
687,0.49129114,1.0,302.33154,345.23404,326.52112,360.0
687,0.4863944,0.44431314,297.78064,92.99844,324.8042,159.95273
688,0.49560556,0.8760862,276.79474,206.9874,357.58038,315.39102
688,0.24137712,0.8966829,114.34784,211.44153,194.61487,322.80585
688,0.73945355,0.8799159,445.9365,209.26538,500.56406,316.7697
688,0.8620529,0.9465593,519.1659,230.00526,584.26184,340.76135
688,0.43034688,0.64543134,256.33246,128.82059,294.51154,232.35529
688,0.5086304,0.6673757,300.1122,112.73193,350.93466,240.25525
688,0.20915762,0.7671389,108.458206,197.26517,159.26353,276.17
688,0.33390325,0.58527136,196.42224,120.64209,230.97394,210.6977
688,0.61576205,0.6746288,364.026,128.11649,424.1494,242.86636
688,0.23394768,0.5685106,137.58122,150.35498,161.87181,204.66382
688,0.9868094,0.5310353,623.2909,87.44566,639.8251,191.17271
688,0.49124455,1.0,302.30444,345.03174,326.4886,360.0
689,0.2414017,0.8966367,114.34091,210.54068,194.65326,322.7892
689,0.74006355,0.8714931,445.72003,208.6702,501.56134,313.73752
689,0.491335,0.87471336,277.0183,204.71054,351.8905,314.89682
689,0.86201984,0.94668925,519.0558,229.89328,584.3296,340.80814
689,0.42833185,0.6451473,255.07877,129.5161,293.186,232.25304
689,0.5097049,0.66791195,301.85962,110.903984,350.56262,240.4483
689,0.33486938,0.58656,195.85536,121.6317,232.77745,211.1616
689,0.61981237,0.6744265,368.66797,128.98894,424.6919,242.79353
689,0.2079953,0.7671155,108.37222,197.80237,157.86176,276.16156
689,0.2361209,0.5692101,138.9751,151.28217,163.25964,204.91565
689,0.9868868,0.53081137,623.38983,87.32019,639.82526,191.0921
689,0.491398,1.0,302.599,344.74335,326.39044,360.0
689,0.48431602,0.4423461,292.20215,92.83683,327.72235,159.2446
690,0.7403768,0.8691444,445.95605,209.33496,501.7262,312.89197
690,0.24087179,0.89496356,114.02437,210.46844,194.29152,322.1869
690,0.48644334,0.87353754,277.17212,205.2473,345.47534,314.4735
690,0.8619577,0.94676363,519.0188,230.14653,584.2871,340.8349
690,0.42454648,0.64591765,251.93365,129.03174,291.48584,232.53036
690,0.3350801,0.5869439,195.97276,122.26007,232.92976,211.2998
690,0.50894105,0.66716385,302.2511,111.98691,349.19348,240.17899
690,0.6207612,0.6744441,369.7312,129.2121,424.84314,242.79987
690,0.21300557,0.76650614,108.75612,197.29489,163.891,275.9422
690,0.24292178,0.57410014,143.9065,153.00177,167.03339,206.67606
690,0.9868496,0.53062725,623.341,87.691345,639.8265,191.02582
690,0.24419236,0.6283353,144.33112,151.23734,168.2351,226.20071
690,0.49192604,1.0,302.7218,344.87592,326.94354,360.0
690,0.4816784,0.42757314,292.27173,94.0185,324.2766,153.92633
691,0.7393047,0.86881393,445.74384,209.71404,500.56622,312.773
691,0.48436052,0.8732861,276.82184,205.87166,343.1596,314.383
691,0.24076343,0.8946638,113.960846,210.56891,194.21634,322.07898
691,0.86190355,0.9467479,518.95544,229.93698,584.2811,340.82925
691,0.42265543,0.6439913,250.06137,127.99376,290.9376,231.83687
691,0.33775204,0.5871354,196.35263,121.733795,235.97,211.36874
691,0.6219083,0.67434007,370.92715,129.23227,425.1155,242.76242
691,0.24926016,0.5808078,146.94199,152.94495,172.11102,209.09082
691,0.5068388,0.6667794,302.74078,115.163345,346.01288,240.04057
691,0.21411653,0.76537544,108.93566,197.70871,165.13348,275.53516
691,0.9868919,0.53031075,623.3965,87.39247,639.8252,190.91188
691,0.49191818,1.0,302.83728,344.9112,326.818,360.0
692,0.7375213,0.8666334,446.02686,211.3783,498.00037,311.98804
692,0.4828899,0.87146354,276.72455,206.11946,341.3745,313.72687
692,0.24057174,0.8934009,113.950935,204.98285,193.9809,321.62433
692,0.8620512,0.9466515,518.95776,229.9254,584.4678,340.79456
692,0.34137696,0.59029776,197.25128,120.87628,239.71121,212.5072
692,0.42092314,0.64402086,249.10269,128.22794,289.67892,231.8475
692,0.5057239,0.6660489,302.96283,137.31415,344.36377,239.77759
692,0.62460434,0.67438847,375.18015,129.55908,424.3134,242.77985
692,0.25527734,0.5882309,149.64842,153.82281,177.10655,211.76312
692,0.9869989,0.5302532,623.5341,87.222984,639.8245,190.89114
692,0.49166495,1.0,302.83054,344.78455,326.50058,360.0
692,0.21113126,0.76520175,108.948654,194.28879,161.29936,275.47263
692,0.4847476,0.40851924,296.90704,99.54264,323.5699,147.06693
692,0.9886921,0.52553624,625.73914,133.0357,639.78674,189.19305
693,0.7329696,0.8652582,439.08282,214.3649,499.11823,311.49295
693,0.4827465,0.8672628,276.74048,207.48474,341.17505,312.2146
693,0.8619925,0.9467151,518.9806,229.82368,584.36975,340.81744
693,0.23731653,0.89393616,112.56909,204.2799,191.19608,321.81702
693,0.3421046,0.59620047,198.00772,121.31308,239.8862,214.63217
693,0.41740942,0.6464426,247.99448,127.65976,286.28958,232.71933
693,0.5064405,0.66455823,303.55347,138.98871,344.69043,239.24097
693,0.62558687,0.67429197,376.50586,129.51907,424.24536,242.74512
693,0.2633986,0.57654667,155.33607,154.60254,181.8141,207.5568
693,0.98761046,0.5299905,624.3042,87.73094,639.83716,190.79659
693,0.49196792,1.0,303.26837,344.91016,326.45056,360.0
694,0.47684973,0.85457677,268.4191,210.4234,341.94858,307.64764
694,0.7272601,0.8583141,431.9602,218.49783,498.93274,308.99307
694,0.86213195,0.9468689,518.926,230.29138,584.6029,340.8728
694,0.23652372,0.88994056,112.7752,202.76587,189.97516,320.3786
694,0.41266266,0.6497652,246.55643,127.26367,281.65176,233.91547
694,0.5066206,0.66488045,304.1781,142.52188,344.29626,239.35696
694,0.34258857,0.5966895,199.04193,121.49426,239.47144,214.80823
694,0.6232705,0.6743092,373.09082,128.7952,424.69543,242.75131
694,0.27001613,0.598865,159.01953,155.74734,186.60114,215.5914
694,0.987038,0.53016144,623.57904,87.72713,639.82965,190.85811
694,0.49236292,1.0,303.84058,344.63916,326.38397,360.0
695,0.467395,0.85422873,256.45288,210.7997,341.81274,307.52234
695,0.72531414,0.8632363,429.35864,221.29688,499.04346,310.76508
695,0.8622225,0.94733465,518.9171,230.72815,584.72766,341.04047
695,0.2331311,0.888702,113.82765,202.76144,184.58015,319.9327
695,0.50720656,0.6657352,304.7375,144.1001,344.48688,239.66467
695,0.41230646,0.648418,246.79034,128.07709,280.9619,233.43048
695,0.6177653,0.6744339,365.68585,127.70532,425.05377,242.7962
695,0.3407108,0.5994156,199.66257,121.33032,236.44724,215.78961
695,0.27506334,0.6661165,160.3393,157.00824,191.74176,239.80194
695,0.22417411,0.6242761,125.464165,180.833,161.4787,224.7394
695,0.9868907,0.53089684,623.37646,87.451965,639.8436,191.12286
695,0.491778,1.0,303.6126,344.3715,325.86322,360.0
696,0.46662205,0.85485804,256.1811,213.5359,341.09515,307.7489
696,0.7239045,0.86305636,427.52588,222.43625,499.0719,310.7003
696,0.86255187,0.94780666,519.5665,230.74207,584.4999,341.2104
696,0.2326853,0.88785994,113.63129,206.11809,184.2059,319.62958
696,0.4097758,0.65268046,245.02756,128.15756,279.48544,234.96497
696,0.5068561,0.665541,304.67297,144.6083,344.10278,239.59476
696,0.34313247,0.5965609,199.48763,121.030914,239.72194,214.76193
696,0.617887,0.67460066,365.89734,127.62059,424.99805,242.85625
696,0.22133772,0.6379443,123.35028,178.55582,159.962,229.65994
696,0.29861388,0.6063489,166.10849,159.8573,216.11728,218.28558
696,0.20992279,0.7644699,108.98364,178.76492,159.71753,275.20917
696,0.49176493,1.0,303.52832,344.30768,325.9308,360.0
696,0.9869051,0.5309555,623.3939,87.21888,639.8446,191.14398
696,0.48390356,0.46782342,296.6275,114.99437,322.76904,168.41643
697,0.46580443,0.85512924,255.54034,213.97018,340.68933,307.84653
697,0.7232925,0.86253273,427.2987,222.15251,498.51575,310.51178
697,0.8624023,0.9471762,519.0089,230.63235,584.8661,340.98343
697,0.23689592,0.88642085,114.90033,207.10327,188.32645,319.1115
697,0.5064027,0.6661413,304.83154,145.17476,343.3639,239.81087
697,0.40802145,0.6552012,243.83475,128.12347,278.4327,235.87244
697,0.6227132,0.67485374,372.14417,128.31036,424.9287,242.94736
697,0.34344724,0.5974952,199.1218,120.51404,240.49066,215.09827
697,0.22218403,0.65447164,124.670235,176.16393,159.72534,235.60979
697,0.20928583,0.7658987,108.76982,176.11545,159.11604,275.72354
697,0.29874375,0.69365406,170.80766,159.80014,211.58434,249.71545
697,0.4845012,0.4670396,295.7361,114.54734,324.42545,168.13425
697,0.98712385,0.53017944,623.6891,87.71112,639.82947,190.8646
697,0.49169165,1.0,303.50897,344.3001,325.85632,360.0
697,0.5049604,0.12036934,317.67953,31.646927,328.66983,43.332962
698,0.46583247,0.8546169,255.5751,214.96976,340.69046,307.66208
698,0.7265714,0.8619673,429.3615,221.69688,500.64984,310.30823
698,0.86252767,0.9475194,519.017,230.44019,585.0184,341.107
698,0.24027506,0.8851563,115.733475,205.71698,191.81859,318.65625
698,0.30409285,0.6997599,168.2349,160.77011,221.00397,251.91357
698,0.50685483,0.66671425,305.35114,144.66281,343.42303,240.01712
698,0.21256204,0.7683624,109.22097,175.1864,162.85843,276.61047
698,0.40533322,0.65597314,242.94775,128.12567,275.87878,236.15033
698,0.62054485,0.6747462,369.19873,128.1355,425.0987,242.90863
698,0.3439717,0.592598,199.4953,120.4709,240.78848,213.33528
698,0.22551708,0.65544456,127.12726,175.12973,161.5346,235.96005
698,0.48056135,0.46647283,295.12274,114.24367,319.9958,167.93022
698,0.98684883,0.5313291,623.32275,86.77163,639.84375,191.27847
698,0.4916274,1.0,303.41876,344.271,325.86432,360.0
699,0.4665823,0.8540373,255.85796,214.6154,341.36737,307.45343
699,0.7284554,0.86204946,428.74527,222.13846,503.6777,310.3378
699,0.86287576,0.9475597,519.35693,230.23978,585.124,341.1215
699,0.2423723,0.8874695,115.37752,209.088,194.85902,319.489
699,0.50738794,0.66696584,305.91284,144.22348,343.5437,240.1077
699,0.40312037,0.6556901,240.94965,127.8909,275.04443,236.04843
699,0.33277032,0.70069224,196.7471,159.84946,229.19891,252.2492
699,0.21468392,0.7687294,109.67333,173.26962,165.12207,276.74258
699,0.6172392,0.6746987,364.98306,127.54468,425.0831,242.89154
699,0.34362215,0.5181222,198.93616,121.59473,240.9002,186.52399
699,0.49149808,1.0,303.20987,344.3981,325.90768,360.0
699,0.23016953,0.6717028,129.73709,172.03378,164.87991,241.81302
699,0.48298365,0.46733385,294.4906,114.66011,323.72845,168.24019
699,0.98680973,0.5314559,623.2742,86.52446,639.8423,191.32411
699,0.34008637,0.4828505,199.47531,121.70892,235.83524,173.82617
700,0.46686155,0.8542942,256.16364,214.49889,341.41913,307.5459
700,0.7214689,0.86214364,417.1895,225.3294,506.2907,310.3717
700,0.24830353,0.88007253,117.109314,206.64935,200.71921,316.8261
700,0.8631681,0.9476401,519.78613,230.05757,585.0691,341.15045
700,0.22061852,0.76246583,115.6176,169.98245,166.7741,274.4877
700,0.5071658,0.6672634,305.47336,142.19312,343.69882,240.21481
700,0.39910242,0.6550516,237.98346,128.84488,272.86765,235.81857
700,0.6165006,0.674838,363.95557,127.76224,425.16522,242.94168
700,0.35128397,0.69969577,204.65823,159.95828,244.98523,251.89047
700,0.48355204,0.46834445,294.27267,113.254456,324.67392,168.604
700,0.34758,0.7001156,200.89616,122.82422,244.00621,252.04163
700,0.49138054,1.0,303.00165,344.58432,325.96545,360.0
700,0.98786277,0.5303224,624.6287,88.065475,639.83563,190.91606
700,0.2326897,0.69082344,130.38208,169.18784,167.46072,248.69644
700,0.6281288,0.6734425,380.96112,128.66861,423.04376,242.4393
701,0.46659192,0.8553216,256.17667,214.5072,341.061,307.91577
701,0.25499007,0.8696813,123.46492,207.24324,202.92238,313.08527
701,0.72137773,0.86571777,416.34973,228.94232,507.0138,311.6584
701,0.8631708,0.94846046,519.7811,230.34299,585.0775,341.44577
701,0.22486667,0.7464182,117.21441,167.62424,170.61493,268.71054
701,0.5070461,0.66704977,305.5379,144.3504,343.48114,240.13791
701,0.6250594,0.6751811,374.4004,128.92053,425.67566,243.06519
701,0.34469658,0.58178204,199.51434,121.40344,241.69727,209.44153
701,0.35849872,0.6990421,207.19867,162.99371,251.67969,251.65515
701,0.39943928,0.64873284,240.67538,130.71387,270.6069,233.54382
701,0.48216033,0.47006258,294.46573,114.13431,322.6995,169.22253
701,0.4915622,1.0,303.15833,344.64902,326.04126,360.0
701,0.9878233,0.53013796,624.5802,88.03625,639.8336,190.84967
701,0.48113585,0.46891826,294.98816,129.43005,320.86572,168.81058
702,0.4666771,0.85541433,255.90732,213.56245,341.43936,307.94916
702,0.25731772,0.8597519,126.088165,206.84814,203.27853,309.51068
702,0.72171324,0.86407524,416.24652,233.45439,507.54645,311.06708
702,0.863677,0.94874436,519.678,229.30638,585.8286,341.54797
702,0.22570905,0.7480748,118.81084,166.86685,170.09676,269.30695
702,0.37563658,0.6865351,213.25781,166.16504,267.557,247.15265
702,0.62301606,0.6748749,371.5559,128.11746,425.90466,242.95496
702,0.34503293,0.60177594,199.99518,121.565796,241.64697,216.63934
702,0.50776124,0.66906804,305.5199,135.01065,344.4145,240.8645
702,0.48026443,0.46912062,295.08282,114.54758,319.65564,168.88342
702,0.4918612,1.0,303.22302,344.3626,326.3593,360.0
702,0.98779744,0.5299956,624.5491,88.04028,639.83167,190.79843
702,0.51316583,0.6705747,306.81982,111.93155,350.03247,241.40689
702,0.3901798,0.65970755,231.57028,165.7952,267.8599,237.49472
703,0.4649798,0.856017,253.33853,210.4993,341.8356,308.1661
703,0.8646061,0.9468558,520.4487,227.24643,586.2471,340.86807
703,0.25729415,0.8558041,127.07919,204.4879,202.25732,308.08948
703,0.7182577,0.86628485,411.9192,232.81384,507.45068,311.86255
703,0.22408152,0.74605584,120.2816,171.85757,166.54274,268.5801
703,0.3462037,0.6006191,202.703,121.720215,240.43774,216.22287
703,0.6287902,0.67457795,380.68237,128.93588,424.16907,242.84805
703,0.50771177,0.6658009,305.6577,144.74527,344.21332,239.68832
703,0.41879377,0.6692374,251.82817,152.84543,284.22784,240.92545
703,0.48113412,0.46977827,294.01813,112.606865,321.83356,169.12018
703,0.38529187,0.6296376,231.922,136.0621,261.25162,226.66953
703,0.9877981,0.52970964,624.5482,88.29138,639.8334,190.69547
703,0.5126712,0.66802955,305.5019,120.87009,350.71722,240.49063
703,0.61655235,0.6777669,363.27722,127.89996,425.9098,243.9961
703,0.23435712,0.7072007,132.56778,170.88495,167.40933,254.59225
703,0.49188957,1.0,303.5075,344.69028,326.11115,360.0
704,0.8667013,0.94866556,522.63293,221.74908,586.74475,341.5196
704,0.71024233,0.8698796,404.72256,228.6,504.3876,313.15665
704,0.47107068,0.8556979,262.34906,209.4606,340.6214,308.05124
704,0.25881574,0.8537441,131.25137,203.85666,200.03278,307.34787
704,0.22522572,0.74973375,122.4285,175.12418,165.86041,269.90414
704,0.62922764,0.67454463,379.0484,130.07211,426.36298,242.83606
704,0.50727,0.66538054,305.37622,145.88214,343.92932,239.53699
704,0.34862337,0.5972731,204.9773,122.36493,241.26062,215.01831
704,0.23488402,0.69381493,134.75983,175.0824,165.89172,249.77338
704,0.98672515,0.5309518,623.164,87.00433,639.8442,191.14264
704,0.44054142,0.63640493,266.0782,165.6034,297.81482,229.10577
704,0.48111922,0.46746013,293.95703,112.18829,321.87555,168.28564
704,0.3853711,0.65706027,227.41785,172.29813,265.85715,236.54169
704,0.9896617,0.52504957,627.02954,93.78262,639.7374,189.01785
705,0.703816,0.8740464,407.60083,227.41812,493.28363,314.6567
705,0.4687315,0.8670263,263.08807,207.73514,336.88824,312.1295
705,0.877306,0.94925654,534.7844,219.4444,588.16724,341.73236
705,0.2554714,0.8544067,131.46109,204.02972,195.54233,307.58643
705,0.3835434,0.6579664,226.18976,136.97202,264.7458,236.86789
705,0.22927149,0.7486151,122.06387,176.09268,171.40363,269.50143
705,0.63099515,0.67485523,382.26163,130.91992,425.41214,242.94788
705,0.34870535,0.59686697,206.08173,121.973724,240.26111,214.8721
705,0.4604547,0.63318217,279.2398,158.95984,310.1422,227.94559
705,0.50893736,0.6668235,306.8308,147.01117,344.609,240.05646
705,0.9867052,0.5308631,623.1397,86.048676,639.84296,191.11072
705,0.48142248,0.46902102,294.0316,112.48617,322.18918,168.84756
705,0.24270673,0.62651426,139.13693,175.9206,171.52768,225.54514
705,0.9896387,0.52460957,626.99835,94.0232,639.7392,188.85944
706,0.6862995,0.87182724,409.24976,228.30106,469.21362,313.85782
706,0.46675563,0.8680837,263.75,212.48083,333.6972,312.51013
706,0.24940515,0.8575331,124.93439,195.83824,194.3042,308.7119
706,0.8885597,0.949277,545.34265,215.46848,592.0138,341.73972
706,0.38097423,0.65796757,225.34729,135.277,262.29974,236.86833
706,0.6316778,0.6733086,382.36505,132.59386,426.18256,242.3911
706,0.34936255,0.5976067,209.95709,121.34894,237.22696,215.13843
706,0.48684177,0.6977167,290.09778,153.21814,333.0597,251.17801
706,0.47870937,0.62529045,289.78082,153.66876,322.96716,225.10455
706,0.9875323,0.5294254,624.2149,87.13801,639.8265,190.59314
706,0.5146831,0.6681426,313.3473,147.53836,345.44714,240.53134
706,0.5546824,0.5646567,339.328,146.45773,370.6654,203.2764
706,0.49216682,1.0,303.6062,344.8258,326.3673,360.0
706,0.48171824,0.4583687,293.70795,113.201195,322.89142,165.01273
707,0.46771032,0.8661053,264.64673,207.9253,334.02246,311.7979
707,0.8906721,0.9527986,546.29456,212.92216,593.76575,343.0075
707,0.66795427,0.87051827,406.4275,223.38254,448.55396,313.38657
707,0.25307336,0.85333335,130.12805,196.62373,193.80585,307.2
707,0.37710246,0.6594485,224.83752,135.03311,257.85364,237.40146
707,0.26813754,0.7528244,155.00558,174.80157,188.21048,271.01678
707,0.5028868,0.6733645,300.8335,157.08914,342.86157,242.41122
707,0.34881693,0.5998709,209.98895,120.92166,236.4967,215.95352
707,0.62992966,0.67409533,384.3861,133.50928,421.9239,242.67432
707,0.62497634,0.67119694,383.49213,154.19919,416.4776,241.63089
707,0.9874819,0.5293862,624.14954,87.08353,639.8273,190.57904
707,0.5624492,0.5491517,344.2262,149.35403,375.7088,197.69461
707,0.48043472,0.4702735,291.77783,112.76263,323.1786,169.29846
707,0.34918898,0.535196,211.49985,122.00781,235.46207,192.67056
708,0.47251368,0.8526808,274.3231,204.00116,330.49442,306.9651
708,0.6581588,0.8575204,401.5952,217.59795,440.84802,308.70734
708,0.8933627,0.9540817,548.0178,211.50769,595.48645,343.46942
708,0.22576225,0.8353059,119.472275,193.30634,169.5034,300.71014
708,0.2676083,0.76036555,149.05463,170.85257,193.48401,273.7316
708,0.37597463,0.66141516,224.16818,134.25052,257.07935,238.10947
708,0.6311428,0.672397,381.17157,131.5206,426.69122,242.06293
708,0.51353407,0.6803244,308.71234,157.70132,348.61127,244.91678
708,0.5697304,0.5553346,344.54443,121.06929,384.71045,199.92046
708,0.34839416,0.6020004,209.50043,122.14673,236.44409,216.72015
708,0.48352355,0.46882498,295.0027,112.70671,323.90747,168.777
708,0.98652637,0.53088415,622.91235,86.329865,639.84143,191.11829
709,0.89448416,0.95567864,548.0494,210.11363,596.8903,344.0443
709,0.6489347,0.8524088,393.81033,219.32692,436.82614,306.8672
709,0.48835763,0.8361059,291.82196,214.06793,333.27582,300.9981
709,0.27887464,0.7573754,156.0455,168.05344,200.91403,272.65515
709,0.5366274,0.70767045,321.798,162.43137,365.0851,254.76135
709,0.37509117,0.6677029,223.2298,135.55426,256.8869,240.37305
709,0.20773502,0.778539,110.12924,185.3739,155.77158,280.27405
709,0.63098764,0.6710595,380.44336,132.06299,427.22083,241.58142
709,0.50354564,0.6107601,305.10132,145.05093,339.43707,219.87363
709,0.98651487,0.5309271,622.8983,86.07405,639.8407,191.13377
709,0.4848277,0.47020197,295.03275,112.92364,325.54672,169.2727
709,0.34749252,0.60171854,210.14824,125.52963,234.6422,216.61868
709,0.60940593,0.6711943,351.78683,122.73584,428.25278,241.62994
710,0.89500296,0.9557487,548.018,209.10321,597.58575,344.06952
710,0.5003602,0.8332536,299.46228,207.32977,340.99878,299.9713
710,0.6444744,0.85229266,388.05957,224.73917,436.86768,306.82535
710,0.29293838,0.76845324,161.79639,168.97763,213.16473,276.64316
710,0.37310392,0.6675288,221.05228,135.51096,256.52072,240.31036
710,0.55313766,0.6877486,327.14923,162.9205,380.867,247.58951
710,0.19971293,0.77011055,98.36061,181.66357,157.27194,277.2398
710,0.5039482,0.6244161,305.9358,145.07986,339.11792,224.7898
710,0.48566437,0.47045127,296.64975,111.757225,325.00064,169.36246
710,0.98649025,0.53109837,622.86597,86.146706,639.84155,191.1954
710,0.6326207,0.6695107,382.70877,135.02538,427.04575,241.02385
710,0.61552715,0.66992843,359.85175,121.322784,428.023,241.17422
711,0.303458,0.7743275,161.00465,169.17404,227.42159,278.7579
711,0.8951424,0.95496553,548.24286,208.46411,597.53937,343.7876
711,0.6361283,0.8509544,381.7176,229.68143,432.52667,306.3436
711,0.5050089,0.84216666,302.2069,212.49504,344.20447,303.18
711,0.18251166,0.8072128,87.61565,180.93436,145.99928,290.59662
711,0.36883968,0.6669254,215.42252,136.42499,256.69226,240.09314
711,0.5073016,0.64044815,306.43777,146.23024,342.9083,230.56133
711,0.57215774,0.6939081,339.02548,166.19446,393.33646,249.80692
711,0.62901354,0.67105985,384.68097,143.17297,420.45636,241.58154
711,0.9864885,0.53105885,622.86414,86.136475,639.8412,191.18118
711,0.4911851,0.46674618,301.5937,111.4762,327.12323,168.02863
711,0.6289932,0.6721342,376.28714,134.70786,428.8242,241.96832
712,0.3044798,0.774317,163.48938,170.79825,226.24478,278.75412
712,0.5099689,0.84371895,301.5468,218.1502,351.21332,303.73883
712,0.89573115,0.95381963,548.7169,208.36127,597.819,343.37506
712,0.50546014,0.66871023,303.47485,142.90366,343.51416,240.73569
712,0.16322805,0.827253,74.51347,181.73083,134.41843,297.81107
712,0.6253905,0.84003514,376.71747,236.34932,423.7824,302.41266
712,0.36834607,0.665334,215.00757,136.69254,256.4754,239.52023
712,0.58300984,0.6871299,350.01166,163.65488,396.2409,247.36676
712,0.98649025,0.5310491,622.8662,86.23389,639.8413,191.17767
712,0.49260673,0.46381068,300.98865,110.86345,329.54797,166.97185
712,0.63273054,0.7111184,387.5948,165.1955,422.3003,256.00262
713,0.5199757,0.83717364,302.6743,222.05609,362.89462,301.3825
713,0.30830544,0.77639735,168.18304,169.60242,226.44794,279.50305
713,0.89838237,0.9542379,550.4249,207.95787,599.5045,343.52563
713,0.50577176,0.6705629,303.40402,144.83728,343.98386,241.40265
713,0.1327,0.8300888,58.24231,184.11145,111.61369,298.83197
713,0.616869,0.834191,371.0246,238.19928,418.5677,300.30878
713,0.36638445,0.66850823,213.14952,125.675476,255.82256,240.66296
713,0.49595803,0.4613012,303.09387,111.00795,331.73242,166.06844
713,0.9864912,0.5312073,622.86694,86.18733,639.8418,191.23463
713,0.6290644,0.7058383,379.16058,135.0144,426.0418,254.1018
713,0.59577566,0.709163,355.83014,165.55823,406.7627,255.29868
714,0.11985242,0.8258623,42.141167,182.28217,111.269936,297.31042
714,0.31482705,0.77369535,176.15042,166.2425,226.82822,278.53033
714,0.9028031,0.9519989,552.3711,206.89308,603.2169,342.7196
714,0.50559074,0.6700693,303.58087,145.50735,343.57526,241.22495
714,0.53665555,0.82502425,310.48474,225.60481,376.43433,297.00873
714,0.6160264,0.710595,362.5832,163.5448,425.9306,255.81421
714,0.36712086,0.666785,214.34297,133.36273,255.57173,240.0426
714,0.6105941,0.82838374,365.419,237.78685,416.14142,298.21814
714,0.5043901,0.46080974,305.21347,110.319115,340.4059,165.89151
714,0.98649204,0.531644,622.8678,86.15439,639.84204,191.39185
715,0.3199532,0.7721319,180.55154,165.00952,228.98856,277.9675
715,0.9061774,0.9500208,553.79895,205.50674,606.10815,342.00748
715,0.10874879,0.8221012,40.959167,181.1655,98.23929,295.95642
715,0.61812913,0.7086282,366.98975,160.14233,424.21558,255.10614
715,0.36518505,0.66411215,213.97421,131.26617,253.46265,239.08038
715,0.54373807,0.81902057,315.2483,227.80492,380.73645,294.8474
715,0.50868195,0.66825104,303.95056,111.70358,347.16235,240.57037
715,0.98671234,0.53145164,623.15826,85.8094,639.83356,191.32259
716,0.10276127,0.8111717,42.375843,174.76031,89.158585,292.02182
716,0.32028183,0.77746063,183.32977,168.86887,226.63098,279.88583
716,0.510059,0.6692168,303.01367,111.35507,349.86182,240.91806
716,0.91051847,0.9446933,555.58215,205.82776,609.8815,340.0896
716,0.36312264,0.6631016,214.19223,118.72153,250.60477,238.71658
716,0.56792194,0.81673247,317.26813,229.67389,409.67194,294.02368
716,0.6275775,0.69909745,374.2691,163.7333,429.0301,251.67508
716,0.36148915,0.60133964,214.47249,127.006134,248.23363,216.48227
716,0.9865966,0.532179,623.01105,85.86905,639.8326,191.58444
717,0.5046346,0.6695751,295.14426,110.72524,350.78806,241.04703
717,0.33794582,0.7802524,190.39606,175.10901,242.17459,280.89087
717,0.91151065,0.9452595,557.7907,205.15402,608.94293,340.29343
717,0.09561792,0.8084609,39.648636,174.086,82.7423,291.04593
717,0.63970566,0.7091304,374.39,151.23123,444.43323,255.28696
717,0.5702393,0.81133634,324.10196,223.60403,405.80435,292.0811
717,0.36300159,0.6615121,215.15729,121.80499,249.48474,238.14435
717,0.66242987,0.55468553,399.5949,129.25992,448.3153,199.6868
717,0.36171833,0.59212005,215.55908,128.02448,247.44037,213.16321
718,0.9110214,0.94595504,559.41345,205.67308,606.694,340.54382
718,0.34064636,0.78041685,191.51523,174.57474,244.51212,280.95007
718,0.50200063,0.6696687,292.83893,112.00995,349.72186,241.08072
718,0.083940074,0.8052659,30.437927,175.38708,77.00536,289.89572
718,0.5771268,0.8102618,332.38434,218.66714,406.33795,291.69424
718,0.656829,0.7052336,386.99515,165.24628,453.746,253.8841
718,0.66697884,0.5556628,402.26837,127.645706,451.46454,200.03862
718,0.36300808,0.6278411,215.09686,125.43787,249.55347,226.0228
718,0.36184397,0.56236446,215.37152,131.23532,247.78876,202.4512
719,0.91104066,0.9467497,559.6002,205.3551,606.53186,340.8299
719,0.34923106,0.7729738,201.4458,175.05853,245.56995,278.27057
719,0.5011114,0.672239,293.37552,112.755486,348.04703,242.00604
719,0.07420625,0.7976233,22.823479,179.99869,72.160515,287.14438
719,0.6597381,0.7082786,385.34058,169.59619,459.1242,254.98029
719,0.57190096,0.8110845,331.06525,214.31628,400.96796,291.99042
719,0.6757606,0.57789075,412.23334,131.67868,452.7403,208.04068
719,0.36084753,0.5535807,213.24121,124.987305,248.64362,199.28906
719,0.05662167,0.6281242,26.029099,130.9782,46.44664,226.12471
719,0.62053454,0.5819517,380.36713,139.56082,413.9171,209.5026
719,0.5151056,0.47325316,308.37817,110.74605,350.95703,170.37114
720,0.9118082,0.945953,560.4763,202.83409,606.6382,340.5431
720,0.50059724,0.67032135,293.87662,144.02649,346.88785,241.31567
720,0.06891694,0.7973645,20.874413,182.49707,67.33927,287.0512
720,0.66697615,0.7053532,395.27124,166.34644,458.45825,253.92715
720,0.5850347,0.8104624,348.52612,211.30772,400.31836,291.76648
720,0.35473874,0.7640965,205.64528,182.26035,248.4203,275.07474
720,0.5145578,0.4661801,308.88116,110.70456,349.7528,167.82483
720,0.62393296,0.63923883,382.58737,142.70074,416.04684,230.12598
720,0.3558103,0.7643863,206.74081,128.15353,248.69638,275.17908
720,0.35861015,0.5492919,212.18494,128.69467,246.83606,197.74509
720,0.69711167,0.58942896,435.40457,187.20132,456.89835,212.19443
720,0.056589484,0.6075883,26.157318,132.22885,46.27722,218.73178
720,0.6928009,0.59052134,429.97772,180.21426,456.80743,212.58768
720,0.53726655,0.46551293,337.23303,127.72052,350.46814,167.58466
720,0.63658494,0.35389268,400.39862,113.79471,414.4301,127.40137
721,0.36580652,0.76101667,205.97098,181.0733,262.26138,273.966
721,0.5056759,0.6711205,293.62695,143.7374,353.63818,241.6034
721,0.9127064,0.9384025,561.86993,201.0055,606.3942,337.8249
721,0.06716825,0.79962355,21.422485,183.82425,64.55288,287.86447
721,0.67550296,0.706804,405.2744,172.0427,459.3694,254.44943
721,0.584103,0.8106481,349.14313,207.97603,398.50867,291.8333
721,0.35640255,0.66722053,210.39066,130.60919,245.8046,240.1994
721,0.6275339,0.6380867,385.97018,143.68544,417.27322,229.7112
721,0.51569235,0.4667716,309.1234,110.00052,350.96283,168.03778
721,0.3578716,0.57927746,212.54877,132.04178,245.52686,208.53989
721,0.05644266,0.6001747,26.175415,132.59763,46.07119,216.0629
721,0.6758946,0.46419492,420.37463,114.0631,444.7705,167.11017
722,0.91546804,0.9211897,565.0144,199.61053,606.78467,331.6283
722,0.38421363,0.757991,206.41232,176.13586,285.38113,272.87677
722,0.50754863,0.67174387,293.29398,149.43906,356.36826,241.82779
722,0.5891031,0.8124052,348.807,203.87398,405.245,292.46588
722,0.0660555,0.7978783,21.715305,181.49835,62.835735,287.2362
722,0.6821231,0.70837986,413.48563,174.05905,459.632,255.01675
722,0.35724306,0.6616603,211.0339,124.93088,246.23721,238.19772
722,0.63462055,0.6449774,385.90503,143.86307,426.4093,232.19186
722,0.5159281,0.46759766,309.12442,109.96959,351.26352,168.33516
722,0.67652655,0.46413168,419.8941,111.44922,446.05988,167.0874
722,0.35840186,0.58262676,212.4884,129.89804,246.26599,209.74564
722,0.52326554,0.46229485,319.61664,110.78262,350.16327,166.42615
722,0.6786114,0.5067317,419.16766,112.17789,449.4549,182.4234
722,0.056446683,0.59800553,26.158377,133.28394,46.093376,215.28198
723,0.9182108,0.9187454,566.3767,199.8725,608.9331,330.74835
723,0.39762387,0.7438915,218.56717,167.57999,290.3914,267.80093
723,0.3576656,0.66534,209.65887,119.24719,248.15308,239.5224
723,0.0643775,0.7835121,21.084053,180.05762,61.319145,282.06436
723,0.507809,0.67270815,293.6491,149.28998,356.34637,242.17493
723,0.68766135,0.72303474,418.89868,168.34225,461.30786,260.2925
723,0.63727105,0.67300713,386.05865,144.74655,429.64825,242.28256
723,0.58858925,0.80491483,354.15213,202.56905,399.2421,289.76935
723,0.5255806,0.46909577,321.96533,110.28939,350.77783,168.87448
723,0.61991453,0.766502,381.86298,211.36182,411.62762,275.94073
723,0.056603868,0.5870855,26.245579,130.77905,46.20737,211.35077
723,0.51786435,0.467683,310.8526,111.03339,352.01373,168.36588
723,0.69153374,0.48620975,424.54932,114.373886,460.6139,175.0355
724,0.35435653,0.6664629,207.60632,133.67856,245.97003,239.92664
724,0.92434806,0.91581964,568.73145,200.00256,614.4341,329.69507
724,0.6997474,0.72613263,424.20856,167.39233,471.46808,261.40775
724,0.4266271,0.738475,251.19293,165.54431,294.88977,265.851
724,0.063196145,0.7883827,19.234234,179.34805,61.656834,283.81778
724,0.6380383,0.677645,382.15015,146.28485,434.53882,243.95221
724,0.50558203,0.6757236,292.16205,143.43939,354.98297,243.2605
724,0.58350956,0.8060263,347.78607,199.655,399.10614,290.16946
724,0.5268229,0.46414274,322.82233,110.98097,351.51105,167.09138
724,0.6914874,0.48715243,426.08987,110.70489,459.01395,175.37488
724,0.68217885,0.49231577,422.82404,112.22611,450.36493,177.23367
724,0.056648422,0.58426464,26.32802,130.6511,46.18196,210.33527
725,0.35179815,0.66694695,204.4653,132.39764,245.83633,240.10089
725,0.70700365,0.73467994,423.49527,167.26541,481.4694,264.48477
725,0.9297274,0.91212404,571.2042,199.08707,618.8468,328.36465
725,0.5852423,0.80394,346.55927,196.03159,402.55084,289.4184
725,0.6382748,0.6771511,382.72925,145.27235,434.26245,243.7744
725,0.059977315,0.79041916,14.918438,179.29385,61.852528,284.5509
725,0.5139131,0.674064,302.93234,146.4328,354.87643,242.66302
725,0.43446892,0.6854833,250.71742,163.89923,305.40283,246.77399
725,0.5305003,0.45650405,326.03937,110.764565,353.00104,164.34146
725,0.69297373,0.48462775,426.6912,112.27696,460.31516,174.46599
725,0.6985881,0.48964992,432.92026,126.72322,461.2725,176.27397
725,0.056741346,0.57794267,26.40882,130.5463,46.2201,208.05936
725,0.6847413,0.4579694,422.0058,111.82266,454.46307,164.86899
725,0.98822117,0.53154695,625.0887,87.8154,639.8344,191.3569
726,0.34851852,0.66758657,200.98975,133.46904,245.11395,240.33116
726,0.6366323,0.6740857,382.16876,143.6965,432.72064,242.67084
726,0.5787015,0.8023335,341.3891,192.33542,399.34882,288.84006
726,0.711728,0.7386569,427.78864,165.97495,483.2232,265.91647
726,0.057897985,0.7980226,13.009151,181.03973,61.10027,287.28815
726,0.933791,0.90375876,574.84924,197.37402,620.4032,325.35315
726,0.5186971,0.6676128,308.62317,145.57901,355.30908,240.3406
726,0.44814196,0.67521983,257.20227,171.73392,316.41943,243.07913
726,0.6942712,0.48381954,429.3654,108.62749,459.3018,174.17503
726,0.0566849,0.5747868,26.32134,130.9985,46.23533,206.92325
726,0.53338397,0.45237324,327.0658,110.80659,355.66565,162.85437
726,0.98807335,0.5315506,624.90063,87.691376,639.83325,191.35822
727,0.058488987,0.79999804,12.9257965,183.64777,61.94011,287.9993
727,0.34507662,0.6659736,197.63696,133.28195,244.0611,239.75049
727,0.57829124,0.80245215,341.3979,188.92725,398.81488,288.88278
727,0.9297358,0.8937979,576.0487,196.26028,614.01306,321.76724
727,0.63389015,0.6749412,378.8401,144.57904,432.5393,242.97882
727,0.7169383,0.74486536,433.38434,167.49289,484.2967,268.15152
727,0.48192444,0.73146546,276.9926,170.67352,339.87067,263.32758
727,0.68875337,0.47442403,421.0578,113.0782,460.5465,170.79265
727,0.5264636,0.6404887,316.03357,146.20114,357.8399,230.57593
727,0.98801345,0.5314668,624.8231,87.99576,639.8341,191.32803
728,0.05925534,0.8014795,12.772577,187.29156,63.074257,288.53262
728,0.9288472,0.8875239,577.36334,194.39001,611.5611,319.5086
728,0.7196578,0.7470265,436.98395,161.20398,484.17804,268.92953
728,0.63440096,0.6746695,379.62967,145.90219,432.40353,242.88101
728,0.5689024,0.800622,340.8711,186.86539,387.32397,288.2239
728,0.33689252,0.6657617,194.42233,133.39883,236.80008,239.67422
728,0.50789857,0.7263906,300.8927,171.28064,349.21747,261.5006
728,0.35486072,0.58585435,211.53912,122.5589,242.68262,210.90756
728,0.6024394,0.78891677,369.4112,214.71323,401.71124,284.01004
728,0.98816526,0.5298624,625.0183,87.70404,639.83325,190.75046
728,0.5410484,0.45852688,331.1199,111.64921,361.42203,165.06967
728,0.67114276,0.4620024,418.6503,123.44995,440.41245,166.32086
729,0.06180928,0.80161107,12.631273,189.4722,66.484604,288.58
729,0.5574479,0.8000207,335.8131,187.89917,377.7202,288.00745
729,0.6362126,0.675644,381.59296,143.81589,432.75916,243.23184
729,0.9248026,0.88246554,572.3179,190.60513,611.42944,317.6876
729,0.7215577,0.74669445,439.93973,146.98499,483.65408,268.81
729,0.6037117,0.7788782,369.9083,202.74387,402.84268,280.39615
729,0.3510694,0.57305,208.70059,120.53519,240.66821,206.298
729,0.32817894,0.6655,190.43996,135.97675,229.62907,239.57999
729,0.50616,0.66871774,302.02234,163.25014,345.8625,240.73839
729,0.3195518,0.54215586,190.03409,135.80795,218.99222,195.17612
729,0.55848855,0.5646884,338.47998,151.11935,376.38538,203.28781
729,0.69398296,0.47459108,429.3294,111.11783,458.9688,170.85278
729,0.50908446,0.73113126,303.952,168.34702,347.67612,263.20724
729,0.5472595,0.4675471,337.2019,113.021515,363.29028,168.31696
729,0.9883013,0.5302257,625.1924,87.6496,639.83325,190.88126
729,0.6848466,0.47675574,421.06635,111.532425,455.5373,171.63206
729,0.9892704,0.5258512,626.4791,132.2178,639.787,189.30643
730,0.06611393,0.79612637,13.026461,188.00381,71.599365,286.6055
730,0.5433234,0.80848694,319.39435,193.30273,376.05963,291.0553
730,0.91898155,0.8760262,562.06177,189.30554,614.2346,315.36945
730,0.63829136,0.6738946,383.83624,146.15921,433.1767,242.60205
730,0.31884393,0.6685895,186.96475,138.76648,221.15549,240.6922
730,0.60147905,0.7800435,366.91797,198.37286,402.97522,280.81564
730,0.3486759,0.57077736,205.56418,121.22435,240.741,205.47984
730,0.5060644,0.67332613,300.7472,148.41843,347.01526,242.3974
730,0.72547066,0.7466662,444.71948,151.49234,483.883,268.79984
730,0.5567912,0.5842838,337.91162,140.54253,374.78113,210.34218
730,0.7151486,0.58738774,441.53784,147.02716,473.85242,211.4596
730,0.6910602,0.5581769,424.9792,107.74594,459.57782,200.94366
730,0.30987963,0.54334927,186.7496,139.69748,209.89633,195.60574
730,0.9881622,0.5301444,625.01074,87.73615,639.8369,190.85199
731,0.529497,0.8089644,303.31366,196.01147,374.44257,291.22717
731,0.07589145,0.7829787,20.102386,189.98288,77.03867,281.87234
731,0.6389114,0.6745519,384.30127,151.46686,433.50537,242.83868
731,0.93618643,0.8517319,577.29553,190.54451,621.0231,306.62347
731,0.59669447,0.7806985,360.76282,194.03323,403.0061,281.05145
731,0.49725485,0.66566145,295.04095,149.43475,341.44525,239.63812
731,0.3171204,0.66910374,185.67719,140.23978,220.23694,240.87735
731,0.34714788,0.5656177,201.81644,119.72174,242.53287,203.62238
731,0.7287827,0.74250597,446.51947,136.27734,486.3224,267.30215
731,0.72880447,0.74339515,446.4716,197.05255,486.39816,267.62225
731,0.5518152,0.5914241,334.06995,125.46408,372.25354,212.91269
731,0.5412428,0.5861292,333.67786,126.91263,359.1129,211.0065
731,0.68948144,0.5557931,423.3446,106.843575,459.19165,200.08551
731,0.9881231,0.53011745,624.95886,87.573006,639.83875,190.84229
731,0.72695285,0.59698665,449.44562,136.124,481.05402,214.91519
732,0.52820235,0.80549675,301.06525,197.76447,375.03375,289.97882
732,0.9348097,0.855477,574.0161,192.83145,622.5403,307.9717
732,0.30971903,0.67242074,176.31789,141.74017,220.12245,242.07147
732,0.723492,0.7438886,444.10706,156.19418,481.96277,267.7999
732,0.6342961,0.67445254,378.27216,153.6477,433.6269,242.80292
732,0.08048463,0.77372414,26.870956,192.23834,76.14937,278.54068
732,0.5902442,0.78477865,352.61386,190.46826,402.8987,282.52032
732,0.3516821,0.5720809,204.06395,122.52231,246.08913,205.94913
732,0.6882584,0.5676596,419.1988,112.300026,461.77197,204.35745
732,0.49097353,0.6678186,286.5301,153.0235,341.91602,240.4147
732,0.5524648,0.6045619,336.04553,125.868256,371.10938,217.6423
732,0.9881975,0.529892,625.0576,87.96763,639.8352,190.76114
732,0.98931503,0.525197,626.5388,131.79388,639.7844,189.07092
733,0.08572027,0.7695053,28.179459,187.95236,81.54249,277.0219
733,0.3051557,0.67424047,171.58368,143.54504,219.01562,242.72656
733,0.7221838,0.7560744,441.2823,160.36096,483.11298,272.1868
733,0.52584314,0.8034195,300.7246,193.75894,372.3546,289.23102
733,0.58718014,0.7790005,349.1616,195.44019,402.429,280.4402
733,0.68837655,0.56945044,418.84464,121.84796,462.27737,205.00217
733,0.3504263,0.5747081,202.68921,126.0116,245.85645,206.89493
733,0.63083375,0.6790342,374.85126,155.54947,432.6159,244.4523
733,0.9358069,0.84983337,572.4262,192.13739,625.40656,305.94
733,0.4894631,0.6781815,285.42664,156.61356,341.08612,244.14536
733,0.56286293,0.57849556,338.8789,115.91637,381.58563,208.2584
733,0.7429287,0.5355601,468.5091,172.838,482.43964,192.80162
733,0.98799056,0.5294463,624.79285,87.550255,639.8351,190.60068
734,0.093614444,0.77298373,31.29985,183.52478,88.52664,278.27414
734,0.7197645,0.7624539,436.49753,166.53418,484.801,274.4834
734,0.30076212,0.6750846,169.88748,143.96686,215.08804,243.03046
734,0.6890611,0.5717262,418.1097,123.07028,463.88852,205.82144
734,0.6338229,0.675202,379.6943,158.2283,431.59903,243.07272
734,0.5875945,0.77300364,348.89856,190.9339,403.2224,278.2813
734,0.5066457,0.79960597,288.93982,184.18698,359.56665,287.85815
734,0.3493534,0.5718533,200.43929,125.72235,246.73308,205.86719
734,0.92769015,0.8326031,574.6256,189.81905,612.81775,299.73712
734,0.5713805,0.55838794,344.92093,111.88678,386.44614,201.01965
734,0.98815995,0.53631634,625.0149,87.01614,639.82983,193.07388
734,0.49161062,0.67216784,285.0014,156.86366,344.2602,241.98042
735,0.10369035,0.7665491,36.299812,178.5278,96.423836,275.95767
735,0.72590464,0.76478964,436.9253,176.88629,492.23267,275.32428
735,0.3538776,0.56813896,197.93613,126.89667,255.02719,204.53003
735,0.49698704,0.79713964,286.292,182.46664,349.85144,286.97028
735,0.69419926,0.5792937,419.5113,125.58353,469.06378,208.54575
735,0.29669112,0.6694127,171.75735,144.98514,208.0073,240.98856
735,0.5695335,0.7947458,334.7929,180.68549,394.21002,286.1085
735,0.9247389,0.7914895,574.4461,188.66153,609.21967,284.93622
735,0.62185115,0.6738232,364.29004,159.43605,431.67944,242.57634
735,0.9899885,0.52459574,627.40625,132.6641,639.77905,188.85446
736,0.73360574,0.7645997,437.68628,178.12561,501.3291,275.2559
736,0.11376478,0.75660324,44.33033,175.75156,101.28858,272.37717
736,0.91999245,0.7992405,570.07324,192.72562,607.5171,287.7266
736,0.35294777,0.5625817,197.8281,125.86401,253.94504,202.52942
736,0.29252002,0.6782025,169.89635,146.72809,204.52928,244.1529
736,0.49227262,0.7923502,279.30865,182.99179,350.8003,285.24606
736,0.60432893,0.5902407,365.575,110.08378,407.966,212.48666
736,0.69943315,0.56636494,420.38275,125.27603,474.89166,203.89139
736,0.5579779,0.7865794,327.04166,175.60846,387.17007,283.16858
736,0.6397897,0.6727638,385.01514,174.09323,433.91565,242.19498
736,0.7750479,0.12620054,490.2895,33.149418,501.7718,45.432194
736,0.9887582,0.52893424,625.7831,87.13806,639.8274,190.41632
737,0.7417285,0.7651237,440.25354,176.1615,509.15894,275.44455
737,0.28566813,0.6797646,160.54779,151.02448,205.10742,244.71527
737,0.492912,0.7955866,279.05646,195.6528,351.8709,286.41116
737,0.9183117,0.7973876,567.07385,189.71478,608.3651,287.05954
737,0.5725711,0.76594186,342.50848,171.13083,390.3825,275.73907
737,0.3531708,0.5648441,200.7367,125.99629,251.32196,203.34386
737,0.71225595,0.57081103,426.1678,126.26611,485.51984,205.49197
737,0.12805916,0.7460708,59.267776,174.85526,104.64795,268.58548
737,0.60976064,0.60750014,369.8365,114.42343,410.65717,218.70004
737,0.6414615,0.674399,387.65698,180.32408,433.41376,242.78365
737,0.7863666,0.11118976,497.139,26.888062,509.4102,40.028313
738,0.76404893,0.77072364,459.18927,178.32153,518.7934,277.4605
738,0.90965635,0.7934156,559.64417,182.25824,604.71594,285.6296
738,0.13997371,0.7397395,69.01526,174.08328,110.15109,266.3062
738,0.28258556,0.6733077,153.24573,153.21255,208.4638,242.39078
738,0.35829967,0.55723405,205.69144,126.47858,252.93216,200.60425
738,0.48815736,0.7904262,279.01227,199.29044,345.82916,284.55344
738,0.72215015,0.5716024,436.33484,126.52997,488.01733,205.77686
738,0.5432128,0.79864144,319.51135,205.79803,375.80103,287.51093
738,0.62132025,0.65209794,377.9173,127.60791,417.37262,234.75525
738,0.6612296,0.674099,407.4143,177.64337,438.9596,242.67566
738,0.57787895,0.6564893,348.0241,172.20642,391.66095,236.33615
739,0.4898222,0.7919751,280.10522,198.17218,346.8672,285.11102
739,0.15020607,0.7254171,78.073105,171.83481,114.190674,261.15015
739,0.36830792,0.56628996,212.99384,131.1134,258.4403,203.86438
739,0.7848503,0.7632268,479.58173,177.20142,525.0267,274.76166
739,0.905299,0.7907492,553.26,164.91898,605.5227,284.6697
739,0.28301698,0.6528161,156.65878,152.8346,205.60294,235.0138
739,0.5630249,0.7697391,339.39856,175.22174,381.27332,277.10608
739,0.6452153,0.67965925,390.35193,164.82065,435.52362,244.67734
740,0.65645313,0.7117882,390.48853,147.2995,449.77148,256.24374
740,0.38625556,0.56722736,213.21979,135.159,281.18732,204.20184
740,0.28585213,0.66812813,164.23145,151.92395,201.6593,240.52612
740,0.7987997,0.7868172,485.51306,175.65085,536.95056,283.25418
740,0.49673596,0.79116344,289.26245,194.9678,346.55957,284.81885
740,0.1594744,0.7014133,83.425125,169.60626,120.7021,252.50879
740,0.5544698,0.76752293,331.03223,174.09317,378.68915,276.30826
740,0.90274113,0.7448897,553.61804,148.26855,601.8906,268.16028
740,0.6920578,0.6232255,425.01593,153.6974,460.81805,224.36119
740,0.69153124,0.6256298,426.2085,176.37833,458.95148,225.22672
740,0.77021515,0.54034626,482.29376,169.70581,503.5816,194.52466
741,0.81612265,0.7883943,500.2498,179.50601,544.3872,283.82193
741,0.65920097,0.7140151,393.79718,156.39548,449.98004,257.04544
741,0.3932335,0.5664282,213.66422,133.0281,289.67468,203.91415
741,0.29042923,0.6632628,166.50124,152.33347,205.24818,238.7746
741,0.71443,0.6832803,433.44907,147.29797,481.02127,245.9809
741,0.17326912,0.72307,88.17279,168.93985,133.6117,260.3052
741,0.51425916,0.7795207,305.2343,193.36218,353.0174,280.62744
741,0.8887831,0.6904943,541.1503,130.6318,596.492,248.57794
741,0.5636261,0.76796037,336.06287,169.71906,385.37854,276.46573
741,0.7614697,0.5572482,463.0625,128.03128,511.61877,200.60934
741,0.95985377,0.68630546,592.84705,113.68729,635.76575,247.06998
742,0.6618011,0.7130181,396.81207,158.96548,450.29333,256.68652
742,0.18008788,0.73423064,92.33717,168.29944,138.17531,264.32303
742,0.82882595,0.7899007,510.1943,181.27438,550.7029,284.36426
742,0.2901122,0.6609782,163.25122,151.74493,208.0924,237.95215
742,0.5320573,0.80272216,311.27148,194.80319,369.76184,288.97998
742,0.39820218,0.56182784,216.87244,128.68558,292.82635,202.25803
742,0.7203619,0.67964774,440.66443,148.87543,481.3988,244.67319
742,0.765062,0.56600815,466.78693,127.446976,512.49243,203.76292
742,0.557095,0.6222135,344.2838,168.58463,368.7978,223.99686
742,0.5911929,0.6737585,355.09015,119.75723,401.63678,242.55307
742,0.5762699,0.6788802,332.4367,117.38217,405.18878,244.39688
743,0.66178024,0.7125445,397.39102,158.21744,449.68765,256.51602
743,0.1874173,0.7347308,96.41962,168.44159,143.47452,264.50308
743,0.84233,0.79782987,508.74716,180.64789,569.4352,287.21875
743,0.40209633,0.5612401,223.4646,127.54544,291.2187,202.04642
743,0.29567075,0.6606459,163.40689,148.42145,215.05167,237.83252
743,0.5376018,0.8082418,315.2518,191.98526,372.8785,290.96704
743,0.8782476,0.63548714,530.7073,119.245575,593.4497,228.77536
743,0.6045399,0.67462945,363.50906,121.27286,410.30197,242.86661
743,0.749879,0.6740168,448.05066,127.62114,511.79443,242.64604
743,0.554675,0.6263466,341.2261,166.51154,368.75784,225.48477
743,0.96270657,0.6873014,596.25854,115.3566,636.00586,247.4285
743,0.73295087,0.67893374,448.0567,129.04913,490.12042,244.41614
744,0.658359,0.709027,393.01562,154.74924,449.6839,255.24973
744,0.30427986,0.66001165,166.01917,143.96902,223.45905,237.60419
744,0.85172355,0.8044628,517.68054,181.27661,572.52563,289.6066
744,0.19100681,0.73417526,99.10043,169.5249,145.38828,264.3031
744,0.5477939,0.8254291,322.07806,195.8531,379.09814,297.15448
744,0.417039,0.5615203,239.11147,126.79318,294.6985,202.14731
744,0.8616661,0.6375801,525.9096,114.92844,577.023,229.52884
744,0.7534937,0.65322036,451.44727,127.90317,513.0247,235.15933
744,0.5450033,0.60761267,334.8346,167.853,362.76965,218.74057
744,0.9626023,0.6862514,596.39734,114.41543,635.73364,247.0505
744,0.6157962,0.6355825,375.09344,134.69653,413.12567,228.8097
745,0.19163285,0.74083227,101.20094,170.51181,144.08911,266.69962
745,0.65756947,0.7072675,391.54593,155.65067,450.14297,254.6163
745,0.55381113,0.8313673,330.15988,204.80255,378.71835,299.29224
745,0.321034,0.64585197,176.24341,144.89557,234.68011,232.50671
745,0.44234008,0.56264555,255.66974,129.34222,310.52557,202.5524
745,0.869884,0.809389,535.7495,179.84439,577.702,291.38004
745,0.85771036,0.59507704,526.6019,117.05342,571.26733,214.22774
745,0.7536651,0.62115496,450.47235,107.51269,514.21893,223.61578
745,0.544634,0.64433706,333.34814,161.91919,363.78333,231.96133
745,0.5949976,0.6019752,359.14838,126.18376,402.44855,216.71107
745,0.8542694,0.8102629,515.91956,180.03708,577.5453,291.69464
745,0.96249735,0.68540376,596.3055,114.23746,635.6911,246.74536
745,0.6285819,0.59339505,384.40552,127.1398,420.17932,213.62222
745,0.98884153,0.52531374,625.93036,130.68668,639.7868,189.11295
745,0.98871994,0.5307176,625.729,89.67785,639.8325,191.05835
746,0.19400635,0.7427003,103.455505,170.56833,144.87262,267.3721
746,0.6540529,0.71416676,389.10376,158.62488,448.08398,257.10004
746,0.4496998,0.5622173,256.13428,129.76297,319.48145,202.39822
746,0.55510724,0.83079326,330.8589,203.48277,379.67834,299.08557
746,0.33731145,0.6351703,196.01276,159.52907,235.74591,228.6613
746,0.87774104,0.81929743,537.81616,182.38922,585.6924,294.94708
746,0.7522357,0.62611634,450.99774,123.27084,511.86395,225.40189
746,0.85871965,0.6006329,527.46,126.73468,571.7011,216.22784
746,0.5472785,0.64825314,331.89105,161.11403,368.62543,233.37114
746,0.60102683,0.59238255,363.01892,127.329895,406.2954,213.25772
747,0.1957584,0.7449331,105.21991,171.10101,145.35085,268.17593
747,0.6524642,0.7143129,387.11566,161.41092,448.0385,257.15265
747,0.45016137,0.5623384,256.4583,130.58441,319.74823,202.44183
747,0.55362827,0.8299002,327.33978,204.36624,381.30438,298.76407
747,0.34421265,0.6438224,200.53265,150.74902,240.05954,231.77606
747,0.8963849,0.8315651,553.14526,185.05826,594.2274,299.36343
747,0.7655104,0.62072074,451.42188,119.95796,528.4314,223.45946
747,0.8491203,0.6142287,523.65137,129.09113,563.22266,221.12234
747,0.5554751,0.6528803,330.56534,161.82555,380.44284,235.03691
747,0.55517614,0.8280714,328.3061,162.80136,382.3194,298.1057
747,0.54214317,0.654116,330.91336,160.939,363.02988,235.48175
747,0.96312255,0.68464184,597.05774,112.90411,635.73914,246.47107
747,0.67311287,0.6061185,413.75293,127.69882,447.83154,218.20267
747,0.9872503,0.5312721,623.83386,86.702614,639.84656,191.25797
748,0.19769235,0.74297774,107.196625,170.85327,145.84958,267.472
748,0.6533245,0.7113264,387.26245,160.05032,448.99292,256.0775
748,0.5562877,0.8287643,320.4248,203.72461,391.62347,298.35516
748,0.91646975,0.8326566,561.22644,190.82803,611.85486,299.75638
748,0.4487587,0.5652195,256.48886,131.46838,317.92227,203.47903
748,0.34827003,0.64181,204.04523,148.53621,241.74042,231.05159
748,0.54219246,0.65489763,330.20517,162.39407,363.80118,235.76315
748,0.7528952,0.63462454,451.45746,134.11505,512.24835,228.46484
748,0.84018785,0.64500475,518.7987,151.44588,556.6417,232.2017
748,0.9892338,0.52495825,626.4321,131.87743,639.7871,188.98497
749,0.5545968,0.830872,316.94867,204.80234,392.93524,299.11392
749,0.19865638,0.7448269,108.51967,168.48032,145.7605,268.1377
749,0.65153235,0.7105201,385.3155,155.65314,448.64594,255.78723
749,0.9339269,0.8392751,568.3181,192.62793,627.1083,302.13904
749,0.45099488,0.55785805,258.47318,131.29135,318.80026,200.82889
749,0.3499803,0.6396798,206.4685,145.60553,241.50629,230.28473
749,0.5382992,0.6554371,329.91696,165.54312,359.10605,235.95737
749,0.7588645,0.57188815,458.97864,128.52176,512.368,205.87973
749,0.8348282,0.6916686,516.2103,153.07922,552.36975,249.0007
750,0.1998771,0.74532163,110.25612,166.86243,145.58656,268.3158
750,0.55544615,0.83309835,316.5927,207.73448,394.37836,299.9154
750,0.6462185,0.7039699,387.49567,149.04828,439.664,253.42917
750,0.45248157,0.55741566,260.6333,133.18314,318.5431,200.66965
750,0.9452483,0.8503786,573.4384,198.05522,636.47943,306.1363
750,0.35255554,0.62995535,208.32726,143.5824,242.94383,226.78394
750,0.703479,0.68185085,423.46002,142.19733,476.9931,245.46631
750,0.54299307,0.6556651,330.6729,167.39415,364.35822,236.03944
750,0.8198493,0.7146117,492.76263,165.64075,556.6445,257.26022
751,0.5534277,0.83202046,315.5678,206.70078,392.81964,299.52737
751,0.20439772,0.7431884,111.605156,166.06244,150.02393,267.54782
751,0.63379514,0.69965446,385.1547,146.2439,426.10306,251.87561
751,0.9501481,0.8579152,577.7523,199.83534,638.43726,308.8495
751,0.45266342,0.5573933,260.77985,131.45126,318.62933,200.66159
751,0.8095231,0.70785415,495.3142,165.56125,540.87537,254.82748
751,0.3585344,0.6339524,211.29608,143.36833,247.62793,228.22285
751,0.7204116,0.6815151,441.79797,148.9938,480.32886,245.34543
751,0.5463233,0.62112546,330.96765,167.20615,368.32617,223.60516
752,0.6241911,0.6997893,378.85986,144.96097,420.10474,251.92413
752,0.20716706,0.74136156,110.14023,165.31448,155.0336,266.89017
752,0.95085514,0.8580641,579.9516,198.85028,637.143,308.90308
752,0.5467307,0.82713413,310.64078,202.32101,389.17453,297.76828
752,0.44964474,0.5557586,258.20493,129.39114,317.34036,200.07309
752,0.80715215,0.7077908,493.80585,175.10529,539.34894,254.80469
752,0.7324244,0.6821979,449.12665,154.35681,488.37653,245.59125
752,0.3593871,0.63157433,212.985,142.01105,247.03047,227.36676
752,0.5477769,0.6613683,331.56354,166.98627,369.59088,238.09259
753,0.6131214,0.70826626,366.75806,146.91824,418.03735,254.97586
753,0.21036658,0.7443097,109.57853,161.89508,159.6907,267.9515
753,0.5294043,0.8289201,303.13104,199.50165,374.5064,298.41125
753,0.4375783,0.55676407,255.59479,128.79343,304.50543,200.43506
753,0.95066005,0.8599657,580.418,198.95837,636.4268,309.58765
753,0.5482353,0.7207814,330.94482,166.62787,370.7964,259.4813
753,0.35884908,0.62617934,212.10524,135.8385,247.22157,225.42456
753,0.7417551,0.6812321,456.14136,153.08752,493.30524,245.24356
753,0.8041633,0.71228546,492.69397,177.95734,536.635,256.42276
753,0.8184868,0.71181935,494.71356,178.53067,552.9495,256.25497
753,0.720181,0.56448585,454.893,190.9562,466.93866,203.2149
753,0.8647671,0.67614084,538.5481,171.71472,568.35376,243.4107
754,0.61039627,0.70777893,363.70978,150.98273,417.59747,254.80042
754,0.21298346,0.7408855,109.97745,160.81088,162.64139,266.71878
754,0.5097582,0.8239867,297.7185,192.99063,354.77197,296.63522
754,0.5485171,0.7627523,330.5522,167.10892,371.54974,274.59082
754,0.95264834,0.8711297,579.9468,200.51305,639.4431,313.6067
754,0.4326647,0.55671066,256.19116,126.694336,297.61963,200.41583
754,0.35324946,0.6238586,200.96689,123.85692,251.19241,224.5891
754,0.80925465,0.7085495,494.30487,178.42633,541.5411,255.07782
754,0.35278028,0.5646642,208.63297,122.52162,242.92581,203.2791
754,0.7627409,0.6737626,471.4427,149.8657,504.86566,242.55455
754,0.8763939,0.67529255,545.5175,167.96146,576.26666,243.10532
755,0.6069477,0.71182406,359.8197,150.46661,417.07336,256.25665
755,0.21464208,0.73081744,109.75165,160.56982,164.9902,263.09427
755,0.4874732,0.82468534,288.6708,184.03748,335.2949,296.88672
755,0.9478992,0.8681753,573.7495,204.56656,639.5615,312.54312
755,0.54582185,0.7526868,329.68652,167.7648,368.96545,270.96725
755,0.7939989,0.7104293,483.51343,174.5256,532.8052,255.75455
755,0.43035612,0.55613244,255.8565,124.25168,294.99933,200.20767
755,0.3472705,0.60027766,203.75436,126.555466,240.75186,216.09996
755,0.754212,0.56416065,467.55927,143.1506,497.8321,203.09784
756,0.21637702,0.72966003,109.99545,160.21268,166.96713,262.6776
756,0.5416249,0.78286743,325.5444,170.06381,367.7355,281.83228
756,0.60784227,0.71168983,361.48126,150.68777,416.55682,256.20834
756,0.94797516,0.8698279,573.85913,206.2776,639.5491,313.13806
756,0.4747108,0.8144347,281.13953,181.43076,326.4903,293.1965
756,0.79601,0.71147937,483.01508,173.11328,535.87775,256.13257
756,0.42469436,0.55785847,251.3966,117.468506,292.21216,200.82904
756,0.3459397,0.5778604,201.3616,124.02048,241.4412,208.02975
756,0.75733674,0.56497705,467.86707,130.4976,501.52393,203.39174
757,0.2246327,0.7279555,110.374626,159.55319,177.15521,262.064
757,0.6029831,0.7098259,360.38403,149.80255,411.43433,255.53732
757,0.53913176,0.78653973,323.3684,169.76846,366.72028,283.1543
757,0.4615007,0.81946427,272.8489,181.50293,317.87198,295.00714
757,0.93784314,0.8700624,565.672,200.83208,634.7672,313.22247
757,0.7950717,0.7122972,483.71997,152.93329,533.97186,256.427
757,0.4233683,0.5489668,250.75732,115.86981,291.1541,197.62805
757,0.7465585,0.55596983,463.72443,115.58267,491.87042,200.14914
757,0.3424229,0.55105245,196.05688,120.84769,242.24445,198.37888
758,0.2330379,0.7251388,115.40196,157.57703,182.88655,261.04996
758,0.44540977,0.8200457,261.12842,182.83728,308.9961,295.21646
758,0.9279381,0.8709685,565.73254,195.1907,622.0282,313.54868
758,0.590258,0.710287,355.95862,148.8021,399.57166,255.70331
758,0.53588426,0.78649443,322.06598,169.8367,363.8659,283.138
758,0.7949967,0.7170384,488.00635,158.02762,529.5894,258.13382
758,0.41930133,0.5482727,243.90833,115.41879,292.79736,197.37817
759,0.42297688,0.82087284,242.30386,188.52924,299.10654,295.51422
759,0.24497993,0.7209844,125.4877,156.02048,188.08661,259.55438
759,0.57995284,0.7140112,353.23346,148.44812,389.10614,257.04404
759,0.53131956,0.78796995,321.25137,169.12476,358.83768,283.6692
759,0.7942122,0.72317946,488.18182,160.28748,528.40985,260.3446
759,0.91505307,0.8646256,562.1497,198.74286,609.1182,311.2652
759,0.41692787,0.55250263,241.01025,118.89139,292.6574,198.90094
759,0.7397968,0.5690885,452.99673,111.934845,493.9432,204.87186
759,0.31681067,0.55541986,188.5781,117.426575,216.93954,199.95114
759,0.8065592,0.48387787,501.38443,144.56612,531.01135,174.19603
760,0.41229945,0.8252814,232.31174,190.24884,295.43155,297.1013
760,0.79074913,0.735977,482.9926,159.60025,529.16626,264.95172
760,0.90799713,0.8634967,553.1211,195.73639,609.11523,310.85883
760,0.5318924,0.79442763,320.38525,170.56006,360.437,285.99396
760,0.26969576,0.7205753,147.86652,155.27734,197.34406,259.4071
760,0.5738789,0.70532703,349.3055,146.60294,385.2595,253.91772
760,0.7351719,0.56662834,451.69568,122.224014,489.32434,203.98619
760,0.41977906,0.55476,241.65063,120.20346,295.66656,199.7136
760,0.42203456,0.554021,245.1152,143.26135,295.08902,199.44757
760,0.8117258,0.48645273,502.33542,142.43176,536.6736,175.12299
760,0.3160037,0.5657897,189.72705,126.7681,214.75769,203.6843
760,0.53315127,0.4662857,321.40112,117.400604,361.03247,167.86285
761,0.41088,0.8261514,230.73994,189.86694,295.18646,297.4145
761,0.89654845,0.8613127,540.0818,200.12251,607.50024,310.07257
761,0.53314745,0.80115473,319.84122,175.36896,362.58755,288.4157
761,0.79113,0.738355,483.5874,158.16553,529.059,265.8078
761,0.7301675,0.56657636,448.65674,119.12015,485.95764,203.9675
761,0.27977443,0.72026116,156.84909,152.6272,201.26218,259.294
761,0.5703829,0.69750816,347.22427,146.48148,382.8658,251.10294
761,0.41998982,0.55563504,241.63788,122.65761,295.9491,200.02861
761,0.52876574,0.54625225,318.1226,118.13776,358.69754,196.65082
761,0.81157935,0.48021054,503.097,138.62,535.72455,172.8758
761,0.9123782,0.6517804,571.08636,188.30856,596.75775,234.64096
761,0.30697784,0.5708311,182.07643,124.522736,210.85521,205.4992
761,0.016470835,0.4089158,0.050369263,115.713715,21.032299,147.20969
762,0.40086913,0.82354856,230.03085,187.03241,283.08163,296.47748
762,0.7959442,0.74250454,487.7591,158.32654,531.0495,267.30164
762,0.28756365,0.71463716,161.5693,148.07248,206.51218,257.26938
762,0.56492174,0.67743176,343.74915,147.67804,379.3507,243.87543
762,0.87832564,0.8462226,530.1888,199.63072,594.06805,304.64014
762,0.5321709,0.81140906,320.38214,179.59177,360.79657,292.10727
762,0.72811186,0.5716528,449.2884,121.605194,482.69476,205.79501
762,0.5277888,0.5494365,318.29782,116.795074,357.27188,197.79715
762,0.4245387,0.55096555,249.3919,128.54846,294.01764,198.3476
762,0.8132782,0.47549662,506.5169,139.38048,534.4792,171.17879
762,0.9147333,0.6458626,571.50934,172.58261,599.3493,232.51053
762,0.3129749,0.57553923,192.41626,172.53622,208.19162,207.19412
763,0.3866252,0.8241742,225.44995,183.0574,269.4303,296.70273
763,0.29352698,0.71711195,167.03458,150.18951,208.67996,258.1603
763,0.53146404,0.81541324,320.57376,179.46588,359.70023,293.54877
763,0.5602032,0.6702979,341.01822,147.83206,376.0419,241.30725
763,0.72987545,0.57158023,451.0199,120.52084,483.2207,205.76889
763,0.79786485,0.74276215,493.27423,158.25925,527.9928,267.39438
763,0.41523784,0.55481684,240.95349,122.9035,290.55096,199.73407
763,0.840608,0.8451394,515.75995,199.88908,560.2183,304.25018
763,0.5253914,0.54967296,317.34668,115.5675,355.1543,197.88226
763,0.9630287,0.690212,598.30023,138.73541,634.3765,248.47632
763,0.52395576,0.54290926,317.66992,134.9357,352.99347,195.44733
763,0.29557705,0.46447483,175.25578,128.05524,203.08284,167.21094
763,0.80773294,0.47684225,502.87402,140.22534,531.0242,171.66321
763,0.9893646,0.52538675,626.61255,132.65637,639.7742,189.13922
764,0.37451085,0.82222366,219.28433,181.25497,260.08957,296.00052
764,0.30562806,0.71154207,173.6748,152.81616,217.52911,256.15515
764,0.53328216,0.81654334,319.99286,178.82663,362.60834,293.9556
764,0.5540903,0.68010557,337.63507,149.22824,371.60052,244.83801
764,0.7321898,0.5720856,453.72498,114.28029,483.4779,205.95082
764,0.83111364,0.8449514,511.37048,198.4914,552.45496,304.1825
764,0.41683966,0.548809,251.73883,145.21637,281.81592,197.57123
764,0.5252246,0.5422006,318.39328,110.29947,353.89426,195.19223
764,0.28100157,0.46637833,166.43738,130.56511,193.24463,167.8962
764,0.98926944,0.5249755,626.48694,130.72263,639.77795,188.99118
764,0.9635701,0.687544,599.0402,135.34497,634.3295,247.51584
764,0.8030807,0.6030185,497.25323,159.14224,530.69,217.08667
764,0.79551,0.7468693,495.64575,188.01779,522.60706,268.87296
764,0.40773878,0.55208063,239.96027,121.79114,281.94537,198.74902
765,0.35914126,0.8226431,208.12924,182.47192,251.57156,296.15152
765,0.299922,0.7116214,166.79243,150.55173,217.10771,256.18372
765,0.5299386,0.81632054,318.78412,174.93619,359.5373,293.8754
765,0.73462784,0.5726861,456.23865,125.4527,484.08496,206.16699
765,0.81687033,0.8404537,498.1123,198.43344,547.4817,302.56332
765,0.40975276,0.54607356,247.75168,121.92285,276.73184,196.58649
765,0.5496481,0.70433164,334.06705,149.63446,369.4825,253.55939
765,0.5190689,0.5434631,317.96503,128.46259,346.44318,195.64673
765,0.26870388,0.5014752,159.3765,128.58977,184.56448,180.53108
765,0.91011447,0.6367625,567.39197,186.41287,597.55457,229.2345
765,0.40055266,0.5520946,234.79483,121.8111,277.91257,198.75406
765,0.9633821,0.68832797,598.87524,136.7998,634.2539,247.79807
765,0.98881483,0.5247576,625.9052,132.15152,639.7778,188.91275
765,0.808626,0.60576713,502.24704,158.68262,532.7942,218.07617
765,0.4103995,0.55203855,249.83755,139.89636,275.4738,198.73389
766,0.33883268,0.82217735,189.20749,184.84482,244.49832,295.98386
766,0.5288424,0.818565,317.21558,174.36606,359.7027,294.6834
766,0.7388159,0.5751024,455.54626,112.788025,490.13806,207.03687
766,0.3185187,0.70436394,184.89545,153.22653,222.80847,253.57101
766,0.7898124,0.8167744,476.8824,185.20135,534.07745,294.0388
766,0.25594813,0.5398738,147.35614,124.00348,180.25745,194.35455
766,0.54237485,0.70614266,328.60162,150.11731,365.63818,254.21136
766,0.5177115,0.5405148,316.922,125.917816,345.74878,194.58533
766,0.40805012,0.5486311,246.83228,122.83589,275.47186,197.50719
766,0.90535295,0.62808955,560.0611,143.47937,598.7907,226.11224
766,0.96316165,0.6888352,598.8308,135.74515,634.0161,247.98068
766,0.40817404,0.55008316,248.60114,143.76053,273.86163,198.02994
766,0.8231613,0.7554315,507.6831,161.41534,545.9634,271.95532
766,0.39494634,0.5512934,227.40915,122.56416,278.12216,198.46562
766,0.98892146,0.52527845,626.0412,131.29819,639.77826,189.10025
766,0.54004693,0.58168787,328.57422,149.96915,362.68585,209.40762
766,0.7920655,0.50860417,492.54608,144.90268,521.2978,183.0975
767,0.32611078,0.8230062,177.40329,185.35916,240.01852,296.28223
767,0.52823365,0.8312257,316.29776,180.09546,359.84128,299.24124
767,0.8153342,0.7678237,504.36975,162.47922,539.25806,276.41653
767,0.774166,0.82300067,473.73962,184.5646,517.1929,296.28024
767,0.40479612,0.55858773,242.59407,123.76523,275.54498,201.09158
767,0.25671834,0.59931666,139.18506,123.29721,189.41443,215.754
767,0.7385289,0.5727286,453.9793,112.94285,491.3377,206.18228
767,0.32929987,0.5766038,193.03995,153.68924,228.4639,207.57736
767,0.54020816,0.7035563,326.44977,150.20117,365.01666,253.28027
767,0.517097,0.53703225,314.56403,119.265625,347.32013,193.3316
767,0.5366961,0.5746858,326.21075,150.60791,360.7602,206.8869
767,0.90525913,0.62771904,559.2799,173.01315,599.4518,225.97885
767,0.78808856,0.5067513,491.5777,143.84233,517.17566,182.43047
767,0.9889094,0.52489185,626.03357,133.06819,639.7705,188.96107
767,0.903882,0.62726855,557.3085,139.4913,599.6605,225.81668
768,0.7572565,0.8187963,464.1808,182.90643,505.10754,294.76666
768,0.81510794,0.78778493,501.84406,160.92313,541.4941,283.60257
768,0.52426594,0.83650243,313.83118,183.23895,357.22925,301.14087
768,0.32327798,0.8261162,173.22878,180.18057,240.56703,297.40182
768,0.23946038,0.6012822,133.99213,126.546906,172.51715,216.46158
768,0.7357763,0.5578826,449.0836,112.85996,492.7101,200.83774
768,0.54155576,0.70263314,325.13538,149.51678,368.05603,252.94794
768,0.8992407,0.6245247,554.28394,131.53226,596.74414,224.82889
768,0.39859945,0.5606461,236.62982,124.16391,273.57748,201.83261
768,0.51040804,0.53447014,313.26514,131.27612,340.05713,192.40924
768,0.39958453,0.55814445,239.46545,143.16586,272.00275,200.932
768,0.9887372,0.52506876,625.8104,132.46912,639.7732,189.02475
768,0.5118154,0.53120106,312.47656,110.03337,342.64722,191.23238
768,0.96411574,0.68699247,597.8397,116.30908,636.2284,247.31729
768,0.7872909,0.561469,490.41034,137.62717,517.32196,202.12885
768,0.34122425,0.69517636,196.52005,153.0484,240.24701,250.26349
768,0.986492,0.53148806,622.8854,87.1492,639.82434,191.3357
769,0.3182503,0.8234704,172.42563,192.76747,234.93475,296.44934
769,0.8204233,0.7955841,505.3081,164.71716,544.83374,286.41028
769,0.73621845,0.81695884,444.79483,180.00952,497.5648,294.1052
769,0.5241507,0.8454217,312.826,185.11005,358.08698,304.3518
769,0.5433998,0.70297897,326.79407,149.22348,368.7577,253.07242
769,0.34375516,0.6995046,198.9158,150.8421,241.09079,251.82166
769,0.7320482,0.5403516,446.64417,113.0533,490.37756,194.5266
769,0.21310377,0.475164,125.37799,128.61513,147.39484,171.05904
769,0.39567193,0.56284934,235.14539,140.8901,271.3147,202.62576
769,0.89982545,0.6228306,552.6143,134.85895,599.1623,224.21902
769,0.78691167,0.58552325,490.1046,136.37003,517.14233,210.78836
769,0.509504,0.5376134,313.40732,129.2845,338.75784,193.54082
769,0.90017575,0.6239718,553.3832,171.14383,598.8418,224.62985
769,0.963642,0.68866223,598.88745,136.1052,634.57434,247.9184
769,0.22267684,0.60027987,128.95074,175.35637,156.07562,216.10075
769,0.98898774,0.52492064,626.13293,133.09357,639.77136,188.97144
770,0.7169509,0.8000311,428.19385,176.24918,489.5033,288.0112
770,0.8218889,0.7938249,500.60522,167.99109,551.4126,285.77698
770,0.3124321,0.82287604,171.53818,187.02567,228.37491,296.23538
770,0.34376273,0.70114934,198.4442,149.7172,241.5721,252.41376
770,0.5231482,0.8483029,311.1819,187.89587,358.44775,305.38904
770,0.5443417,0.7022852,327.7323,149.75296,369.02502,252.82266
770,0.8974121,0.62014806,553.8402,173.64989,594.8473,223.25331
770,0.20341226,0.6002505,108.57959,126.95155,151.78812,216.09016
770,0.7301014,0.5318337,446.53897,113.06563,487.9908,191.46013
770,0.3885266,0.5713371,229.71231,123.71457,267.6017,205.68137
770,0.5075701,0.5361708,311.9907,129.06061,337.699,193.02148
770,0.38904208,0.57060647,233.79529,136.35736,264.1786,205.41833
770,0.31734195,0.82572615,169.38254,164.1607,236.81516,297.2614
770,0.9889814,0.52493954,626.1218,131.93697,639.7744,188.97823
771,0.71235436,0.7779983,429.07928,176.83414,482.7343,280.0794
771,0.30654168,0.82424587,171.64984,185.80151,220.72351,296.72852
771,0.34215102,0.7002802,197.49069,149.90866,240.46262,252.10086
771,0.8263887,0.79682124,501.35065,169.70154,556.42694,286.85565
771,0.5195269,0.8491594,308.87625,186.33925,356.1182,305.6974
771,0.5439614,0.7024813,327.0777,150.22406,369.19293,252.89328
771,0.3792004,0.5683575,229.11807,121.78058,256.25845,204.6087
771,0.8931839,0.61730653,552.1929,132.44626,591.0825,222.23035
771,0.5053148,0.5369745,311.35858,128.36987,335.4444,193.31082
771,0.89332056,0.61480534,552.70276,168.86887,590.74756,221.32993
771,0.18937355,0.59543526,96.453384,122.76062,145.94476,214.35669
771,0.7303883,0.4568363,447.5529,113.82448,487.3441,164.46107
771,0.73085594,0.53622663,447.06326,113.28351,488.43234,193.0416
771,0.98913157,0.5243867,626.3143,131.45895,639.7741,188.7792
772,0.7081562,0.7802808,426.4878,176.52914,479.95215,280.9011
772,0.51115245,0.847629,301.95847,185.23929,352.31668,305.14645
772,0.8238759,0.8049351,504.96198,166.85785,549.5992,289.77664
772,0.30435586,0.82646704,170.61273,186.65662,218.96277,297.52814
772,0.3412277,0.7022554,196.05078,151.56778,240.7207,252.81195
772,0.54239213,0.7030532,325.3238,149.61075,368.93817,253.09915
772,0.36943865,0.58069193,220.059,121.234344,252.82246,209.0491
772,0.731287,0.45768976,451.3219,113.89149,484.72546,164.76831
772,0.50496453,0.5361429,310.26346,128.29068,336.09116,193.01144
772,0.16662316,0.46517324,92.11774,126.3353,121.15991,167.46237
772,0.9889458,0.5243755,626.07544,131.34326,639.77515,188.77518
772,0.8870543,0.4761745,557.8383,132.50598,577.59125,171.42282
772,0.7609499,0.64303654,463.62183,137.54889,510.39404,231.49316
772,0.8875145,0.610549,552.97986,176.2413,583.0387,219.79764
772,0.98602504,0.5294912,622.2794,87.05903,639.83264,190.61682
773,0.8190832,0.8144658,506.6364,167.4986,541.7901,293.2077
773,0.70679104,0.77762663,427.6537,171.09824,477.03882,279.9456
773,0.33999714,0.7027724,194.06503,155.00446,241.13132,252.99805
773,0.51626575,0.8525525,304.37146,186.6275,356.44873,306.91888
773,0.29816648,0.8286932,169.81206,186.854,211.84105,298.32956
773,0.365633,0.5926244,220.18854,120.13083,247.82172,213.34479
773,0.7497862,0.6371625,453.60873,133.65465,506.11758,229.3785
773,0.8810135,0.6075238,552.17456,174.19846,575.5227,218.70856
773,0.535404,0.7057312,318.20428,152.53223,367.11285,254.06323
773,0.055115603,0.68666416,23.867256,132.97919,46.680717,247.1991
773,0.5008416,0.54565483,307.46936,108.219345,333.6079,196.43575
773,0.8851364,0.47644573,557.15515,132.91539,575.81946,171.52046
773,0.5006035,0.5418753,308.4973,127.88138,332.27515,195.0751
773,0.9889809,0.52466923,626.1203,131.11441,639.7752,188.88092
773,0.36253896,0.56720215,223.96313,180.26254,240.08673,204.19278
773,0.9860269,0.52974427,622.28046,86.90882,639.8339,190.70795
773,0.4812602,0.70351475,296.9546,218.76666,319.05847,253.26532
773,0.13678989,0.58836174,64.13402,129.07216,110.95705,211.81023
774,0.7048131,0.76515895,427.78003,165.61661,474.38074,275.4572
774,0.809795,0.823149,497.2524,172.17471,539.28516,296.33365
774,0.33946338,0.7035195,193.23026,155.31525,241.28287,253.26703
774,0.5225571,0.8578856,304.49805,191.79387,364.375,308.8388
774,0.36182958,0.5547136,223.15251,181.25647,239.98936,199.6969
774,0.74884474,0.6354013,454.99414,135.90659,503.5271,228.74448
774,0.29732418,0.827731,167.96729,186.60849,212.60767,297.98315
774,0.8778369,0.6068262,551.7541,173.44534,571.87714,218.45743
774,0.36046404,0.5713788,217.19632,121.92148,244.19766,205.69638
774,0.52735686,0.7009169,312.2911,154.15784,362.72568,252.33008
774,0.36159724,0.57665217,222.75836,179.56084,240.08612,207.59477
774,0.9889221,0.52439606,626.04553,131.06995,639.7748,188.7826
774,0.49911317,0.51684195,308.87482,108.666565,329.99005,186.06311
774,0.98612815,0.52935416,622.41077,86.7168,639.83325,190.5675
775,0.52912664,0.858863,308.20135,195.89296,369.08075,309.19067
775,0.70037854,0.75230634,425.0285,163.97446,471.45605,270.8303
775,0.80887824,0.82507503,495.58008,175.68619,539.78406,297.027
775,0.36021376,0.5613548,223.0726,181.23416,238.001,202.08774
775,0.33779463,0.7034828,192.26251,155.78171,240.11462,253.25381
775,0.29160452,0.82663727,164.38657,185.96289,208.86722,297.58942
775,0.5035368,0.7030611,297.36765,155.53754,347.15945,253.10199
775,0.36830196,0.58244866,214.46735,121.705505,256.95917,209.68152
775,0.5157324,0.60438603,311.615,155.42502,348.52246,217.57898
775,0.4975902,0.5028771,307.13983,109.79231,329.77563,181.03575
775,0.74323213,0.62304646,453.74084,116.994965,497.5963,224.29672
775,0.8772036,0.60590404,552.0679,173.29263,570.7527,218.12546
775,0.49083272,1.0,302.6081,344.9461,325.65778,360.0
775,0.9888155,0.5246933,625.9055,131.46579,639.7783,188.88959
775,0.055061698,0.68319476,24.005655,133.08322,46.47332,245.9501
775,0.96318877,0.6895696,598.7755,133.77826,634.1061,248.24506
775,0.9859446,0.53078145,622.1746,87.131775,639.83453,191.08133
776,0.5330008,0.8687857,309.49756,198.30307,372.74353,312.76285
776,0.80324334,0.8293857,488.27332,178.29642,539.8782,298.57886
776,0.69673586,0.74878037,420.51398,165.12985,471.30792,269.56094
776,0.5021509,0.70201194,297.87744,155.5398,344.87573,252.7243
776,0.33799022,0.70450914,192.2128,156.36905,240.4147,253.62329
776,0.35917577,0.56154794,222.49738,182.8829,237.24762,202.15726
776,0.29485363,0.826604,159.35751,186.32129,218.05515,297.57745
776,0.36875978,0.58897346,214.53839,123.05061,257.47412,212.03044
776,0.10000932,0.5916468,47.355522,136.24086,80.65641,212.99284
776,0.36149895,0.58651286,222.40001,180.95045,240.31865,211.14464
776,0.8822287,0.6036482,553.016,132.82115,576.2367,217.31334
776,0.054753482,0.66622627,23.648674,134.16928,46.435783,239.84146
776,0.49559012,0.4967726,305.28522,110.63361,329.07013,178.83813
776,0.72685575,0.5738297,449.31903,140.42105,481.05634,206.5787
776,0.98906785,0.52460176,626.2322,131.83618,639.77466,188.85663
776,0.10067023,0.58833176,50.518494,152.41895,78.3394,211.79944
776,0.3631131,0.56249344,222.8656,181.47572,241.91919,202.49763
776,0.96318704,0.6894861,598.7465,133.79971,634.1329,248.215
776,0.87896645,0.6032448,553.19543,173.87958,571.8816,217.16812
776,0.73560876,0.44891346,457.46722,114.102585,484.112,161.60884
777,0.5311057,0.872799,308.0913,199.64673,371.724,314.20764
777,0.5019153,0.70361525,297.12125,156.07175,345.3303,253.30148
777,0.7984625,0.8250702,483.57477,179.84323,538.4572,297.02527
777,0.700214,0.7443892,422.95038,162.65985,473.32355,267.9801
777,0.339609,0.70551354,191.95673,156.96313,242.7428,253.98486
777,0.29294363,0.8277887,154.20123,187.81299,220.7666,298.00394
777,0.7324597,0.56965536,453.88068,113.950714,483.6678,205.07593
777,0.09380522,0.59007347,42.898994,134.76248,77.17169,212.42645
777,0.8836441,0.6013539,554.2916,130.80374,576.7728,216.4874
777,0.3650854,0.56703484,222.57431,184.15865,244.73499,204.13255
777,0.05584067,0.6844964,23.903643,135.18799,47.57242,246.4187
777,0.49469557,0.50815856,301.4912,111.88382,331.71912,182.93707
777,0.9889717,0.5247353,626.10974,131.97775,639.77405,188.9047
777,0.36063808,0.47687337,215.9902,126.084564,245.62656,171.67441
778,0.53458613,0.8735838,309.82214,198.46077,374.44812,314.49017
778,0.7887446,0.8392533,473.13495,183.04254,536.4582,302.1312
778,0.5026959,0.7054692,297.35745,158.51395,346.0933,253.9689
778,0.3370696,0.70479983,189.53333,157.26932,241.91577,253.72794
778,0.28041998,0.82373995,153.34808,188.11038,205.58948,296.5464
778,0.7042178,0.73446137,427.5039,160.3963,473.8949,264.4061
778,0.8843384,0.59966844,554.40234,129.61578,577.5508,215.88065
778,0.4868338,0.5039471,294.00415,113.46831,329.14313,181.42094
778,0.72957826,0.5668596,452.06677,118.32379,481.7934,204.06946
778,0.05869157,0.685378,24.620064,139.0044,50.505142,246.73608
778,0.36573625,0.5973352,223.25851,185.93082,244.88388,215.04068
778,0.36117953,0.57694507,221.95749,184.80057,240.35233,207.70023
778,0.36174718,0.47478655,219.48376,132.87799,243.55261,170.92316
779,0.5021833,0.7057656,297.3308,158.12549,345.46387,254.07562
779,0.5357657,0.8735936,312.45804,199.54474,373.32205,314.4937
779,0.78618556,0.84287924,470.35455,187.35272,535.96295,303.43652
779,0.33595785,0.7054273,188.20801,157.48978,241.81805,253.95383
779,0.27619833,0.8248614,152.99121,187.22528,200.54266,296.9501
779,0.70348907,0.7213024,426.42996,162.28464,474.03604,259.66885
779,0.8850883,0.5978175,554.2578,130.54425,578.6553,215.2143
779,0.36510637,0.592406,223.03688,185.47372,244.29927,213.26614
779,0.35683435,0.47850427,219.1727,128.2127,237.57529,172.26154
779,0.060080327,0.6842214,24.199501,140.33063,52.703316,246.3197
779,0.36462444,0.5699301,222.70132,184.25008,244.01797,205.17482
779,0.3639629,0.59551394,223.57474,192.87758,242.29776,214.38503
779,0.48574027,0.54793274,293.0401,119.658325,328.70746,197.2558
779,0.7289302,0.55967146,452.0951,120.77841,480.93555,201.48172
779,0.8853878,0.5958893,554.8961,154.61816,578.40027,214.52014
779,0.9882418,0.53156215,625.1133,87.11237,639.8362,191.36237
780,0.5401048,0.87719965,317.46817,200.46083,373.866,315.79187
780,0.27420944,0.8240254,152.30087,187.35867,198.68723,296.64914
780,0.3362607,0.7026592,189.4436,157.80328,240.9701,252.9573
780,0.785568,0.8432459,470.62555,189.04126,534.9015,303.56854
780,0.5029572,0.7051855,298.02307,158.22736,345.7622,253.86676
780,0.70286983,0.7140077,428.89954,162.42432,470.77386,257.04276
780,0.8851448,0.59813166,554.4654,129.6867,578.51996,215.3274
780,0.88543856,0.59582335,555.24396,156.61455,578.1174,214.49641
780,0.67793036,0.6425566,415.15387,144.32074,452.597,231.32037
780,0.7261801,0.54218674,450.2989,119.55203,479.2116,195.18723
780,0.36345682,0.60153383,223.80226,178.00163,241.42247,216.55217
780,0.060288407,0.6856583,24.382286,136.40485,52.786873,246.83698
780,0.98694867,0.5326033,623.4552,86.72798,639.8391,191.7372
780,0.9621382,0.6874811,595.18445,113.027435,636.3524,247.4932
781,0.2745449,0.82571775,152.21411,188.93445,199.20337,297.2584
781,0.78553593,0.8428275,471.4958,189.3238,533.9902,303.4179
781,0.5417468,0.8855457,319.31964,201.8695,374.11627,318.79645
781,0.33521646,0.7018692,188.69186,157.81537,240.3852,252.67291
781,0.5022173,0.70517206,297.62253,157.57758,345.2156,253.86194
781,0.70791906,0.7153117,431.1711,160.22437,474.9653,257.5122
781,0.6647026,0.646639,408.42322,151.87717,442.39612,232.79004
781,0.4817083,0.539912,292.84656,121.0885,323.74005,194.36832
781,0.88538474,0.5987412,554.22253,129.86774,579.06995,215.54681
781,0.7233163,0.48779348,445.37012,120.27817,480.47473,175.60565
781,0.05824719,0.68454385,22.897041,135.35559,51.659363,246.43579
781,0.88520336,0.5967462,554.4644,153.17389,578.5959,214.82864
781,0.35978305,0.5664221,222.93398,180.48508,237.58833,203.91196
781,0.98945206,0.52742046,626.7762,86.6489,639.7225,189.87137
782,0.5015242,0.7037914,297.62112,157.44763,344.32986,253.3649
782,0.273461,0.82456046,150.88602,190.29572,199.14407,296.84177
782,0.5422059,0.8877328,318.94226,203.3282,375.0813,319.5838
782,0.33525318,0.70102376,188.62141,157.9866,240.50264,252.36856
782,0.7864919,0.8414983,471.90216,189.0617,534.80743,302.9394
782,0.71283114,0.712056,433.95502,159.68283,478.46887,256.34015
782,0.6533041,0.6484681,400.17914,150.52582,436.0501,233.44852
782,0.057056807,0.6859279,22.345509,139.79791,50.687206,246.93405
782,0.71866643,0.4772723,439.51996,122.82803,480.3731,171.81802
782,0.8885662,0.59779376,556.07263,131.01434,581.2921,215.20575
782,0.4810502,0.5544692,292.32874,123.75351,323.41553,199.60892
782,0.98957634,0.5274045,626.928,90.404526,639.72974,189.86562
783,0.54215056,0.88765734,318.24503,204.25641,375.70767,319.55664
783,0.27264208,0.8228637,149.30994,192.0886,199.6719,296.23093
783,0.3365098,0.702504,188.87134,158.81921,241.8612,252.90143
783,0.501526,0.70204216,297.8003,156.74615,344.15295,252.73517
783,0.7869242,0.8413108,473.39227,189.97273,533.87067,302.8719
783,0.72044337,0.7017871,441.6085,158.77838,480.55905,252.64337
783,0.646036,0.65314925,398.15323,144.42429,428.77286,235.13373
783,0.7177161,0.47503078,438.27112,122.94046,480.40552,171.01108
